research_scope,record_type,partition,session_date,or_minutes,or_mid_market_level,fixed_stop_30_pct_price,fixed_stop_40_pct_price,fixed_stop_50_pct_price,target_40_pct_price,target_50_pct_price,target_60_pct_price,target_75_pct_price,target_100_pct_price,dev_median_market_level,val_median_market_level,relative_market_level_change,dev_75pt_pct_price,val_75pt_pct_price,relative_75pt_fraction_change
POST-VALIDATION DIAGNOSTIC — NOT CONFIRMATORY,SESSION,DEVELOPMENT,2024-06-21,15,20000.625,0.0014999531264647979,0.001999937501953064,0.00249992187744133,0.001999937501953064,0.00249992187744133,0.0029999062529295958,0.003749882816161995,0.00499984375488266,,,,,,
POST-VALIDATION DIAGNOSTIC — NOT CONFIRMATORY,SESSION,DEVELOPMENT,2024-06-21,20,19991.625,0.0015006283881375327,0.0020008378508500433,0.002501047313562554,0.0020008378508500433,0.002501047313562554,0.0030012567762750654,0.0037515709703438314,0.005002094627125108,,,,,,
POST-VALIDATION DIAGNOSTIC — NOT CONFIRMATORY,SESSION,DEVELOPMENT,2024-06-21,30,19970.875,0.0015021875606351749,0.0020029167475135667,0.0025036459343919584,0.0020029167475135667,0.0025036459343919584,0.0030043751212703498,0.0037554689015879376,0.005007291868783917,,,,,,
POST-VALIDATION DIAGNOSTIC — NOT CONFIRMATORY,SESSION,DEVELOPMENT,2024-06-24,15,19926.0,0.0015055706112616681,0.002007427481682224,0.00250928435210278,0.002007427481682224,0.00250928435210278,0.0030111412225233363,0.0037639265281541705,0.00501856870420556,,,,,,
POST-VALIDATION DIAGNOSTIC — NOT CONFIRMATORY,SESSION,DEVELOPMENT,2024-06-24,20,19916.0,0.001506326571600723,0.002008435428800964,0.002510544286001205,0.002008435428800964,0.002510544286001205,0.003012653143201446,0.0037658164290018076,0.00502108857200241,,,,,,
POST-VALIDATION DIAGNOSTIC — NOT CONFIRMATORY,SESSION,DEVELOPMENT,2024-06-24,30,19916.0,0.001506326571600723,0.002008435428800964,0.002510544286001205,0.002008435428800964,0.002510544286001205,0.003012653143201446,0.0037658164290018076,0.00502108857200241,,,,,,
POST-VALIDATION DIAGNOSTIC — NOT CONFIRMATORY,SESSION,DEVELOPMENT,2024-06-25,15,19816.875,0.0015138612924590785,0.0020184817232787714,0.002523102154098464,0.0020184817232787714,0.002523102154098464,0.003027722584918157,0.0037846532311476963,0.005046204308196928,,,,,,
POST-VALIDATION DIAGNOSTIC — NOT CONFIRMATORY,SESSION,DEVELOPMENT,2024-06-25,20,19822.375,0.0015134412501024725,0.002017921666803297,0.002522402083504121,0.002017921666803297,0.002522402083504121,0.003026882500204945,0.0037836031252561813,0.005044804167008242,,,,,,
POST-VALIDATION DIAGNOSTIC — NOT CONFIRMATORY,SESSION,DEVELOPMENT,2024-06-25,30,19822.375,0.0015134412501024725,0.002017921666803297,0.002522402083504121,0.002017921666803297,0.002522402083504121,0.003026882500204945,0.0037836031252561813,0.005044804167008242,,,,,,
POST-VALIDATION DIAGNOSTIC — NOT CONFIRMATORY,SESSION,DEVELOPMENT,2024-06-26,15,19936.5,0.0015047776690993906,0.0020063702254658543,0.0025079627818323175,0.0020063702254658543,0.0025079627818323175,0.003009555338198781,0.0037619441727484763,0.005015925563664635,,,,,,
POST-VALIDATION DIAGNOSTIC — NOT CONFIRMATORY,SESSION,DEVELOPMENT,2024-06-26,20,19950.0,0.0015037593984962407,0.0020050125313283208,0.002506265664160401,0.0020050125313283208,0.002506265664160401,0.0030075187969924814,0.0037593984962406013,0.005012531328320802,,,,,,
POST-VALIDATION DIAGNOSTIC — NOT CONFIRMATORY,SESSION,DEVELOPMENT,2024-06-26,30,19959.125,0.0015030719032021694,0.002004095870936226,0.002505119838670282,0.002004095870936226,0.002505119838670282,0.003006143806404339,0.0037576797580054235,0.005010239677340564,,,,,,
POST-VALIDATION DIAGNOSTIC — NOT CONFIRMATORY,SESSION,DEVELOPMENT,2024-06-27,15,20045.5,0.001496595245815769,0.001995460327754359,0.0024943254096929483,0.001995460327754359,0.0024943254096929483,0.002993190491631538,0.003741488114539423,0.004988650819385897,,,,,,
POST-VALIDATION DIAGNOSTIC — NOT CONFIRMATORY,SESSION,DEVELOPMENT,2024-06-27,20,20045.5,0.001496595245815769,0.001995460327754359,0.0024943254096929483,0.001995460327754359,0.0024943254096929483,0.002993190491631538,0.003741488114539423,0.004988650819385897,,,,,,
POST-VALIDATION DIAGNOSTIC — NOT CONFIRMATORY,SESSION,DEVELOPMENT,2024-06-27,30,20045.5,0.001496595245815769,0.001995460327754359,0.0024943254096929483,0.001995460327754359,0.0024943254096929483,0.002993190491631538,0.003741488114539423,0.004988650819385897,,,,,,
POST-VALIDATION DIAGNOSTIC — NOT CONFIRMATORY,SESSION,DEVELOPMENT,2024-06-28,15,20072.25,0.0014946007547733812,0.001992801006364508,0.002491001257955635,0.001992801006364508,0.002491001257955635,0.0029892015095467623,0.003736501886933453,0.00498200251591127,,,,,,
POST-VALIDATION DIAGNOSTIC — NOT CONFIRMATORY,SESSION,DEVELOPMENT,2024-06-28,20,20082.625,0.0014938286205115117,0.0019917714940153493,0.002489714367519186,0.0019917714940153493,0.002489714367519186,0.0029876572410230235,0.0037345715512787795,0.004979428735038372,,,,,,
POST-VALIDATION DIAGNOSTIC — NOT CONFIRMATORY,SESSION,DEVELOPMENT,2024-06-28,30,20094.0,0.001492982979994028,0.0019906439733253707,0.0024883049666567137,0.0019906439733253707,0.0024883049666567137,0.002985965959988056,0.0037324574499850703,0.004976609933313427,,,,,,
POST-VALIDATION DIAGNOSTIC — NOT CONFIRMATORY,SESSION,DEVELOPMENT,2024-07-01,15,19949.25,0.0015038159329298093,0.002005087910573079,0.002506359888216349,0.002005087910573079,0.002506359888216349,0.0030076318658596186,0.0037595398323245236,0.005012719776432698,,,,,,
POST-VALIDATION DIAGNOSTIC — NOT CONFIRMATORY,SESSION,DEVELOPMENT,2024-07-01,20,19921.875,0.0015058823529411766,0.002007843137254902,0.0025098039215686275,0.002007843137254902,0.0025098039215686275,0.003011764705882353,0.0037647058823529413,0.005019607843137255,,,,,,
POST-VALIDATION DIAGNOSTIC — NOT CONFIRMATORY,SESSION,DEVELOPMENT,2024-07-01,30,19913.5,0.0015065156803173727,0.002008687573756497,0.002510859467195621,0.002008687573756497,0.002510859467195621,0.0030130313606347454,0.0037662892007934317,0.005021718934391242,,,,,,
POST-VALIDATION DIAGNOSTIC — NOT CONFIRMATORY,SESSION,DEVELOPMENT,2024-07-02,15,20029.75,0.0014977720640547186,0.001997029418739625,0.002496286773424531,0.001997029418739625,0.002496286773424531,0.0029955441281094373,0.0037444301601367966,0.004992573546849062,,,,,,
POST-VALIDATION DIAGNOSTIC — NOT CONFIRMATORY,SESSION,DEVELOPMENT,2024-07-02,20,20036.5,0.0014972674868365234,0.0019963566491153647,0.0024954458113942055,0.0019963566491153647,0.0024954458113942055,0.002994534973673047,0.0037431687170913085,0.004990891622788411,,,,,,
POST-VALIDATION DIAGNOSTIC — NOT CONFIRMATORY,SESSION,DEVELOPMENT,2024-07-02,30,20036.5,0.0014972674868365234,0.0019963566491153647,0.0024954458113942055,0.0019963566491153647,0.0024954458113942055,0.002994534973673047,0.0037431687170913085,0.004990891622788411,,,,,,
POST-VALIDATION DIAGNOSTIC — NOT CONFIRMATORY,SESSION,DEVELOPMENT,2024-07-03,15,20241.75,0.0014820852940086702,0.001976113725344894,0.002470142156681117,0.001976113725344894,0.002470142156681117,0.0029641705880173405,0.0037052132350216755,0.004940284313362234,,,,,,
POST-VALIDATION DIAGNOSTIC — NOT CONFIRMATORY,SESSION,DEVELOPMENT,2024-07-03,20,20242.75,0.001482012078398439,0.001976016104531252,0.002470020130664065,0.001976016104531252,0.002470020130664065,0.002964024156796878,0.003705030195996097,0.00494004026132813,,,,,,
POST-VALIDATION DIAGNOSTIC — NOT CONFIRMATORY,SESSION,DEVELOPMENT,2024-07-03,30,20250.0,0.0014814814814814814,0.0019753086419753087,0.0024691358024691358,0.0019753086419753087,0.0024691358024691358,0.002962962962962963,0.003703703703703704,0.0049382716049382715,,,,,,
POST-VALIDATION DIAGNOSTIC — NOT CONFIRMATORY,SESSION,DEVELOPMENT,2024-07-04,15,20396.875,0.0014708135437413818,0.0019610847249885094,0.0024513559062356366,0.0019610847249885094,0.0024513559062356366,0.0029416270874827637,0.003677033859353455,0.004902711812471273,,,,,,
POST-VALIDATION DIAGNOSTIC — NOT CONFIRMATORY,SESSION,DEVELOPMENT,2024-07-04,20,20396.125,0.0014708676280420913,0.001961156837389455,0.0024514460467368188,0.001961156837389455,0.0024514460467368188,0.0029417352560841825,0.003677169070105228,0.0049028920934736375,,,,,,
POST-VALIDATION DIAGNOSTIC — NOT CONFIRMATORY,SESSION,DEVELOPMENT,2024-07-04,30,20394.25,0.0014710028561972124,0.0019613371415962834,0.002451671426995354,0.0019613371415962834,0.002451671426995354,0.002942005712394425,0.0036775071404930313,0.004903342853990708,,,,,,
POST-VALIDATION DIAGNOSTIC — NOT CONFIRMATORY,SESSION,DEVELOPMENT,2024-07-05,15,20467.375,0.001465747317377045,0.001954329756502727,0.0024429121956284086,0.001954329756502727,0.0024429121956284086,0.00293149463475409,0.003664368293442613,0.004885824391256817,,,,,,
POST-VALIDATION DIAGNOSTIC — NOT CONFIRMATORY,SESSION,DEVELOPMENT,2024-07-05,20,20461.375,0.0014661771264150136,0.0019549028352200183,0.0024436285440250227,0.0019549028352200183,0.0024436285440250227,0.002932354252830027,0.003665442816037534,0.0048872570880500454,,,,,,
POST-VALIDATION DIAGNOSTIC — NOT CONFIRMATORY,SESSION,DEVELOPMENT,2024-07-05,30,20472.25,0.0014653982830416783,0.0019538643773889044,0.0024423304717361306,0.0019538643773889044,0.0024423304717361306,0.0029307965660833567,0.003663495707604196,0.004884660943472261,,,,,,
POST-VALIDATION DIAGNOSTIC — NOT CONFIRMATORY,SESSION,DEVELOPMENT,2024-07-08,15,20622.875,0.0014546953322463526,0.0019395937763284701,0.0024244922204105877,0.0019395937763284701,0.0024244922204105877,0.002909390664492705,0.0036367383306158815,0.004848984440821175,,,,,,
POST-VALIDATION DIAGNOSTIC — NOT CONFIRMATORY,SESSION,DEVELOPMENT,2024-07-08,20,20622.875,0.0014546953322463526,0.0019395937763284701,0.0024244922204105877,0.0019395937763284701,0.0024244922204105877,0.002909390664492705,0.0036367383306158815,0.004848984440821175,,,,,,
POST-VALIDATION DIAGNOSTIC — NOT CONFIRMATORY,SESSION,DEVELOPMENT,2024-07-08,30,20627.375,0.0014543779807173719,0.0019391706409564958,0.00242396330119562,0.0019391706409564958,0.00242396330119562,0.0029087559614347437,0.00363594495179343,0.00484792660239124,,,,,,
POST-VALIDATION DIAGNOSTIC — NOT CONFIRMATORY,SESSION,DEVELOPMENT,2024-07-09,15,20741.875,0.0014463494741917015,0.0019284659655889355,0.0024105824569861695,0.0019284659655889355,0.0024105824569861695,0.002892698948383403,0.003615873685479254,0.004821164913972339,,,,,,
POST-VALIDATION DIAGNOSTIC — NOT CONFIRMATORY,SESSION,DEVELOPMENT,2024-07-09,20,20741.875,0.0014463494741917015,0.0019284659655889355,0.0024105824569861695,0.0019284659655889355,0.0024105824569861695,0.002892698948383403,0.003615873685479254,0.004821164913972339,,,,,,
POST-VALIDATION DIAGNOSTIC — NOT CONFIRMATORY,SESSION,DEVELOPMENT,2024-07-09,30,20741.875,0.0014463494741917015,0.0019284659655889355,0.0024105824569861695,0.0019284659655889355,0.0024105824569861695,0.002892698948383403,0.003615873685479254,0.004821164913972339,,,,,,
POST-VALIDATION DIAGNOSTIC — NOT CONFIRMATORY,SESSION,DEVELOPMENT,2024-07-10,15,20744.875,0.0014461403117637488,0.0019281870823516652,0.0024102338529395813,0.0019281870823516652,0.0024102338529395813,0.0028922806235274975,0.0036153507794093724,0.004820467705879163,,,,,,
POST-VALIDATION DIAGNOSTIC — NOT CONFIRMATORY,SESSION,DEVELOPMENT,2024-07-10,20,20749.875,0.0014457918421195309,0.0019277224561593744,0.0024096530701992183,0.0019277224561593744,0.0024096530701992183,0.0028915836842390618,0.003614479605298827,0.0048193061403984366,,,,,,
POST-VALIDATION DIAGNOSTIC — NOT CONFIRMATORY,SESSION,DEVELOPMENT,2024-07-10,30,20749.875,0.0014457918421195309,0.0019277224561593744,0.0024096530701992183,0.0019277224561593744,0.0024096530701992183,0.0028915836842390618,0.003614479605298827,0.0048193061403984366,,,,,,
POST-VALIDATION DIAGNOSTIC — NOT CONFIRMATORY,SESSION,DEVELOPMENT,2024-07-11,15,20877.25,0.0014369708654157036,0.001915961153887605,0.002394951442359506,0.001915961153887605,0.002394951442359506,0.002873941730831407,0.0035924271635392594,0.004789902884719012,,,,,,
POST-VALIDATION DIAGNOSTIC — NOT CONFIRMATORY,SESSION,DEVELOPMENT,2024-07-11,20,20877.25,0.0014369708654157036,0.001915961153887605,0.002394951442359506,0.001915961153887605,0.002394951442359506,0.002873941730831407,0.0035924271635392594,0.004789902884719012,,,,,,
POST-VALIDATION DIAGNOSTIC — NOT CONFIRMATORY,SESSION,DEVELOPMENT,2024-07-11,30,20862.25,0.0014380040503780753,0.0019173387338374337,0.002396673417296792,0.0019173387338374337,0.002396673417296792,0.0028760081007561506,0.003595010125945188,0.004793346834593584,,,,,,
POST-VALIDATION DIAGNOSTIC — NOT CONFIRMATORY,SESSION,DEVELOPMENT,2024-07-12,15,20451.5,0.0014668850695548003,0.0019558467594064004,0.0024448084492580007,0.0019558467594064004,0.0024448084492580007,0.0029337701391096006,0.003667212673887001,0.0048896168985160015,,,,,,
POST-VALIDATION DIAGNOSTIC — NOT CONFIRMATORY,SESSION,DEVELOPMENT,2024-07-12,20,20460.25,0.0014662577436737089,0.0019550103248982785,0.002443762906122848,0.0019550103248982785,0.002443762906122848,0.0029325154873474178,0.0036656443591842718,0.004887525812245696,,,,,,
POST-VALIDATION DIAGNOSTIC — NOT CONFIRMATORY,SESSION,DEVELOPMENT,2024-07-12,30,20487.375,0.0014643164387824208,0.0019524219183765612,0.0024405273979707016,0.0019524219183765612,0.0024405273979707016,0.0029286328775648416,0.003660791096956052,0.004881054795941403,,,,,,
POST-VALIDATION DIAGNOSTIC — NOT CONFIRMATORY,SESSION,DEVELOPMENT,2024-07-15,15,20630.5,0.001454157679164344,0.0019388769055524587,0.0024235961319405736,0.0019388769055524587,0.0024235961319405736,0.002908315358328688,0.00363539419791086,0.004847192263881147,,,,,,
POST-VALIDATION DIAGNOSTIC — NOT CONFIRMATORY,SESSION,DEVELOPMENT,2024-07-15,20,20623.5,0.0014546512473634446,0.001939534996484593,0.002424418745605741,0.001939534996484593,0.002424418745605741,0.002909302494726889,0.0036366281184086117,0.004848837491211482,,,,,,
POST-VALIDATION DIAGNOSTIC — NOT CONFIRMATORY,SESSION,DEVELOPMENT,2024-07-15,30,20623.5,0.0014546512473634446,0.001939534996484593,0.002424418745605741,0.001939534996484593,0.002424418745605741,0.002909302494726889,0.0036366281184086117,0.004848837491211482,,,,,,
POST-VALIDATION DIAGNOSTIC — NOT CONFIRMATORY,SESSION,DEVELOPMENT,2024-07-16,15,20657.0,0.0014522922011908797,0.0019363896015878394,0.0024204870019847993,0.0019363896015878394,0.0024204870019847993,0.0029045844023817594,0.003630730502977199,0.004840974003969599,,,,,,
POST-VALIDATION DIAGNOSTIC — NOT CONFIRMATORY,SESSION,DEVELOPMENT,2024-07-16,20,20642.25,0.0014533299422301348,0.0019377732563068465,0.002422216570383558,0.0019377732563068465,0.002422216570383558,0.0029066598844602696,0.003633324855575337,0.004844433140767116,,,,,,
POST-VALIDATION DIAGNOSTIC — NOT CONFIRMATORY,SESSION,DEVELOPMENT,2024-07-16,30,20625.375,0.0014545190087452955,0.0019393586783270607,0.0024241983479088257,0.0019393586783270607,0.0024241983479088257,0.002909038017490591,0.003636297521863239,0.004848396695817651,,,,,,
POST-VALIDATION DIAGNOSTIC — NOT CONFIRMATORY,SESSION,DEVELOPMENT,2024-07-17,15,20246.0,0.0014817741776153315,0.0019756989034871086,0.0024696236293588855,0.0019756989034871086,0.0024696236293588855,0.002963548355230663,0.0037044354440383285,0.004939247258717771,,,,,,
POST-VALIDATION DIAGNOSTIC — NOT CONFIRMATORY,SESSION,DEVELOPMENT,2024-07-17,20,20244.0,0.0014819205690574985,0.0019758940920766646,0.0024698676150958308,0.0019758940920766646,0.0024698676150958308,0.002963841138114997,0.003704801422643746,0.0049397352301916615,,,,,,
POST-VALIDATION DIAGNOSTIC — NOT CONFIRMATORY,SESSION,DEVELOPMENT,2024-07-17,30,20244.0,0.0014819205690574985,0.0019758940920766646,0.0024698676150958308,0.0019758940920766646,0.0024698676150958308,0.002963841138114997,0.003704801422643746,0.0049397352301916615,,,,,,
POST-VALIDATION DIAGNOSTIC — NOT CONFIRMATORY,SESSION,DEVELOPMENT,2024-07-18,15,20093.875,0.0014929922675442143,0.001990656356725619,0.002488320445907024,0.001990656356725619,0.002488320445907024,0.0029859845350884285,0.003732480668860536,0.004976640891814048,,,,,,
POST-VALIDATION DIAGNOSTIC — NOT CONFIRMATORY,SESSION,DEVELOPMENT,2024-07-18,20,20087.625,0.001493456792428174,0.0019912757232375656,0.0024890946540469566,0.0019912757232375656,0.0024890946540469566,0.002986913584856348,0.003733641981070435,0.004978189308093913,,,,,,
POST-VALIDATION DIAGNOSTIC — NOT CONFIRMATORY,SESSION,DEVELOPMENT,2024-07-18,30,20084.5,0.0014936891632851203,0.0019915855510468272,0.002489481938808534,0.0019915855510468272,0.002489481938808534,0.0029873783265702406,0.003734222908212801,0.004978963877617068,,,,,,
POST-VALIDATION DIAGNOSTIC — NOT CONFIRMATORY,SESSION,DEVELOPMENT,2024-07-19,15,19906.375,0.0015070549007541554,0.002009406534338874,0.0025117581679235924,0.002009406534338874,0.0025117581679235924,0.0030141098015083107,0.0037676372518853883,0.005023516335847185,,,,,,
POST-VALIDATION DIAGNOSTIC — NOT CONFIRMATORY,SESSION,DEVELOPMENT,2024-07-19,20,19906.375,0.0015070549007541554,0.002009406534338874,0.0025117581679235924,0.002009406534338874,0.0025117581679235924,0.0030141098015083107,0.0037676372518853883,0.005023516335847185,,,,,,
POST-VALIDATION DIAGNOSTIC — NOT CONFIRMATORY,SESSION,DEVELOPMENT,2024-07-19,30,,,,,,,,,,,,,,,
POST-VALIDATION DIAGNOSTIC — NOT CONFIRMATORY,SESSION,DEVELOPMENT,2024-07-22,15,19930.75,0.0015052117958431067,0.0020069490611241423,0.002508686326405178,0.0020069490611241423,0.002508686326405178,0.0030104235916862134,0.003763029489607767,0.005017372652810356,,,,,,
POST-VALIDATION DIAGNOSTIC — NOT CONFIRMATORY,SESSION,DEVELOPMENT,2024-07-22,20,19953.375,0.0015035050461388111,0.0020046733948517483,0.002505841743564685,0.0020046733948517483,0.002505841743564685,0.0030070100922776222,0.003758762615347028,0.00501168348712937,,,,,,
POST-VALIDATION DIAGNOSTIC — NOT CONFIRMATORY,SESSION,DEVELOPMENT,2024-07-22,30,19954.5,0.0015034202811395926,0.00200456037485279,0.0025057004685659877,0.00200456037485279,0.0025057004685659877,0.0030068405622791852,0.0037585507028489815,0.005011400937131975,,,,,,
POST-VALIDATION DIAGNOSTIC — NOT CONFIRMATORY,SESSION,DEVELOPMENT,2024-07-23,15,19983.5,0.0015012385217804689,0.0020016513623739587,0.002502064202967448,0.0020016513623739587,0.002502064202967448,0.0030024770435609378,0.003753096304451172,0.005004128405934896,,,,,,
POST-VALIDATION DIAGNOSTIC — NOT CONFIRMATORY,SESSION,DEVELOPMENT,2024-07-23,20,19983.5,0.0015012385217804689,0.0020016513623739587,0.002502064202967448,0.0020016513623739587,0.002502064202967448,0.0030024770435609378,0.003753096304451172,0.005004128405934896,,,,,,
POST-VALIDATION DIAGNOSTIC — NOT CONFIRMATORY,SESSION,DEVELOPMENT,2024-07-23,30,19983.5,0.0015012385217804689,0.0020016513623739587,0.002502064202967448,0.0020016513623739587,0.002502064202967448,0.0030024770435609378,0.003753096304451172,0.005004128405934896,,,,,,
POST-VALIDATION DIAGNOSTIC — NOT CONFIRMATORY,SESSION,DEVELOPMENT,2024-07-24,15,19591.0,0.0015313153999285385,0.002041753866571385,0.002552192333214231,0.002041753866571385,0.002552192333214231,0.003062630799857077,0.0038282884998213466,0.005104384666428462,,,,,,
POST-VALIDATION DIAGNOSTIC — NOT CONFIRMATORY,SESSION,DEVELOPMENT,2024-07-24,20,19588.125,0.0015315401550684408,0.002042053540091254,0.002552566925114068,0.002042053540091254,0.002552566925114068,0.0030630803101368816,0.0038288503876711018,0.005105133850228136,,,,,,
POST-VALIDATION DIAGNOSTIC — NOT CONFIRMATORY,SESSION,DEVELOPMENT,2024-07-24,30,19578.0,0.0015323322096230463,0.0020431096128307284,0.0025538870160384105,0.0020431096128307284,0.0025538870160384105,0.0030646644192460926,0.003830830524057616,0.005107774032076821,,,,,,
POST-VALIDATION DIAGNOSTIC — NOT CONFIRMATORY,SESSION,DEVELOPMENT,2024-07-25,15,19167.0,0.0015651901706057287,0.002086920227474305,0.002608650284342881,0.002086920227474305,0.002608650284342881,0.0031303803412114574,0.003912975426514321,0.005217300568685762,,,,,,
POST-VALIDATION DIAGNOSTIC — NOT CONFIRMATORY,SESSION,DEVELOPMENT,2024-07-25,20,19165.75,0.0015652922531077572,0.0020870563374770098,0.0026088204218462623,0.0020870563374770098,0.0026088204218462623,0.0031305845062155144,0.0039132306327693935,0.005217640843692525,,,,,,
POST-VALIDATION DIAGNOSTIC — NOT CONFIRMATORY,SESSION,DEVELOPMENT,2024-07-25,30,19121.5,0.0015689145726015218,0.0020918860968020293,0.0026148576210025362,0.0020918860968020293,0.0026148576210025362,0.0031378291452030436,0.0039222864315038046,0.0052297152420050725,,,,,,
POST-VALIDATION DIAGNOSTIC — NOT CONFIRMATORY,SESSION,DEVELOPMENT,2024-07-26,15,19122.375,0.0015688427823426746,0.002091790376456899,0.002614737970571124,0.002091790376456899,0.002614737970571124,0.003137685564685349,0.003922106955856686,0.005229475941142248,,,,,,
POST-VALIDATION DIAGNOSTIC — NOT CONFIRMATORY,SESSION,DEVELOPMENT,2024-07-26,20,19113.25,0.0015695917753390971,0.002092789033785463,0.002615986292231829,0.002092789033785463,0.002615986292231829,0.0031391835506781943,0.003923979438347743,0.005231972584463658,,,,,,
POST-VALIDATION DIAGNOSTIC — NOT CONFIRMATORY,SESSION,DEVELOPMENT,2024-07-26,30,19113.25,0.0015695917753390971,0.002092789033785463,0.002615986292231829,0.002092789033785463,0.002615986292231829,0.0031391835506781943,0.003923979438347743,0.005231972584463658,,,,,,
POST-VALIDATION DIAGNOSTIC — NOT CONFIRMATORY,SESSION,DEVELOPMENT,2024-07-29,15,19282.625,0.0015558047724311395,0.0020744063632415193,0.002593007954051899,0.0020744063632415193,0.002593007954051899,0.003111609544862279,0.0038895119310778485,0.005186015908103798,,,,,,
POST-VALIDATION DIAGNOSTIC — NOT CONFIRMATORY,SESSION,DEVELOPMENT,2024-07-29,20,19295.25,0.0015547867998600693,0.0020730490664800922,0.0025913113331001154,0.0020730490664800922,0.0025913113331001154,0.0031095735997201386,0.003886966999650173,0.005182622666200231,,,,,,
POST-VALIDATION DIAGNOSTIC — NOT CONFIRMATORY,SESSION,DEVELOPMENT,2024-07-29,30,19295.25,0.0015547867998600693,0.0020730490664800922,0.0025913113331001154,0.0020730490664800922,0.0025913113331001154,0.0031095735997201386,0.003886966999650173,0.005182622666200231,,,,,,
POST-VALIDATION DIAGNOSTIC — NOT CONFIRMATORY,SESSION,DEVELOPMENT,2024-07-30,15,19287.25,0.0015554316971056008,0.0020739089294741346,0.002592386161842668,0.0020739089294741346,0.002592386161842668,0.0031108633942112016,0.003888579242764002,0.005184772323685336,,,,,,
POST-VALIDATION DIAGNOSTIC — NOT CONFIRMATORY,SESSION,DEVELOPMENT,2024-07-30,20,19274.75,0.0015564404207577271,0.002075253894343636,0.002594067367929545,0.002075253894343636,0.002594067367929545,0.0031128808415154543,0.0038911010518943175,0.00518813473585909,,,,,,
POST-VALIDATION DIAGNOSTIC — NOT CONFIRMATORY,SESSION,DEVELOPMENT,2024-07-30,30,19263.0,0.001557389814670612,0.0020765197528941496,0.0025956496911176867,0.0020765197528941496,0.0025956496911176867,0.003114779629341224,0.00389347453667653,0.0051912993822353735,,,,,,
POST-VALIDATION DIAGNOSTIC — NOT CONFIRMATORY,SESSION,DEVELOPMENT,2024-07-31,15,19361.25,0.0015494867325198528,0.0020659823100264703,0.002582477887533088,0.0020659823100264703,0.002582477887533088,0.0030989734650397056,0.003873716831299632,0.005164955775066176,,,,,,
POST-VALIDATION DIAGNOSTIC — NOT CONFIRMATORY,SESSION,DEVELOPMENT,2024-07-31,20,19361.25,0.0015494867325198528,0.0020659823100264703,0.002582477887533088,0.0020659823100264703,0.002582477887533088,0.0030989734650397056,0.003873716831299632,0.005164955775066176,,,,,,
POST-VALIDATION DIAGNOSTIC — NOT CONFIRMATORY,SESSION,DEVELOPMENT,2024-07-31,30,19361.25,0.0015494867325198528,0.0020659823100264703,0.002582477887533088,0.0020659823100264703,0.002582477887533088,0.0030989734650397056,0.003873716831299632,0.005164955775066176,,,,,,
POST-VALIDATION DIAGNOSTIC — NOT CONFIRMATORY,SESSION,DEVELOPMENT,2024-08-01,15,19570.75,0.0015328998633164289,0.002043866484421905,0.0025548331055273814,0.002043866484421905,0.0025548331055273814,0.0030657997266328577,0.003832249658291072,0.005109666211054763,,,,,,
POST-VALIDATION DIAGNOSTIC — NOT CONFIRMATORY,SESSION,DEVELOPMENT,2024-08-01,20,19584.75,0.0015318040822578792,0.0020424054430105056,0.002553006803763132,0.0020424054430105056,0.002553006803763132,0.0030636081645157584,0.003829510205644698,0.005106013607526264,,,,,,
POST-VALIDATION DIAGNOSTIC — NOT CONFIRMATORY,SESSION,DEVELOPMENT,2024-08-01,30,19593.375,0.0015311297823881796,0.002041506376517573,0.002551882970646966,0.002041506376517573,0.002551882970646966,0.0030622595647763593,0.0038278244559704494,0.005103765941293932,,,,,,
POST-VALIDATION DIAGNOSTIC — NOT CONFIRMATORY,SESSION,DEVELOPMENT,2024-08-02,15,18651.5,0.0016084497225424229,0.002144599630056564,0.0026807495375707046,0.002144599630056564,0.0026807495375707046,0.0032168994450848458,0.004021124306356057,0.005361499075141409,,,,,,
POST-VALIDATION DIAGNOSTIC — NOT CONFIRMATORY,SESSION,DEVELOPMENT,2024-08-02,20,18651.5,0.0016084497225424229,0.002144599630056564,0.0026807495375707046,0.002144599630056564,0.0026807495375707046,0.0032168994450848458,0.004021124306356057,0.005361499075141409,,,,,,
POST-VALIDATION DIAGNOSTIC — NOT CONFIRMATORY,SESSION,DEVELOPMENT,2024-08-02,30,18651.5,0.0016084497225424229,0.002144599630056564,0.0026807495375707046,0.002144599630056564,0.0026807495375707046,0.0032168994450848458,0.004021124306356057,0.005361499075141409,,,,,,
POST-VALIDATION DIAGNOSTIC — NOT CONFIRMATORY,SESSION,DEVELOPMENT,2024-08-05,15,17690.375,0.0016958374257187879,0.0022611165676250503,0.002826395709531313,0.0022611165676250503,0.002826395709531313,0.0033916748514375757,0.004239593564296969,0.005652791419062626,,,,,,
POST-VALIDATION DIAGNOSTIC — NOT CONFIRMATORY,SESSION,DEVELOPMENT,2024-08-05,20,17723.75,0.0016926440510614288,0.002256858734748572,0.002821073418435715,0.002256858734748572,0.002821073418435715,0.0033852881021228577,0.004231610127653572,0.00564214683687143,,,,,,
POST-VALIDATION DIAGNOSTIC — NOT CONFIRMATORY,SESSION,DEVELOPMENT,2024-08-05,30,17731.625,0.0016918923110544014,0.002255856414739202,0.0028198205184240023,0.002255856414739202,0.0028198205184240023,0.0033837846221088028,0.0042297307776360035,0.005639641036848005,,,,,,
POST-VALIDATION DIAGNOSTIC — NOT CONFIRMATORY,SESSION,DEVELOPMENT,2024-08-06,15,18072.25,0.0016600035966744594,0.0022133381288992793,0.002766672661124099,0.0022133381288992793,0.002766672661124099,0.0033200071933489187,0.004150008991686148,0.005533345322248198,,,,,,
POST-VALIDATION DIAGNOSTIC — NOT CONFIRMATORY,SESSION,DEVELOPMENT,2024-08-06,20,18067.5,0.0016604400166044002,0.0022139200221392,0.0027674000276740004,0.0022139200221392,0.0027674000276740004,0.0033208800332088003,0.004151100041511001,0.005534800055348001,,,,,,
POST-VALIDATION DIAGNOSTIC — NOT CONFIRMATORY,SESSION,DEVELOPMENT,2024-08-06,30,18067.5,0.0016604400166044002,0.0022139200221392,0.0027674000276740004,0.0022139200221392,0.0027674000276740004,0.0033208800332088003,0.004151100041511001,0.005534800055348001,,,,,,
POST-VALIDATION DIAGNOSTIC — NOT CONFIRMATORY,SESSION,DEVELOPMENT,2024-08-07,15,18489.75,0.0016225205857299315,0.002163360780973242,0.0027042009762165524,0.002163360780973242,0.0027042009762165524,0.003245041171459863,0.004056301464324829,0.005408401952433105,,,,,,
POST-VALIDATION DIAGNOSTIC — NOT CONFIRMATORY,SESSION,DEVELOPMENT,2024-08-07,20,18489.75,0.0016225205857299315,0.002163360780973242,0.0027042009762165524,0.002163360780973242,0.0027042009762165524,0.003245041171459863,0.004056301464324829,0.005408401952433105,,,,,,
POST-VALIDATION DIAGNOSTIC — NOT CONFIRMATORY,SESSION,DEVELOPMENT,2024-08-07,30,18498.625,0.0016217421565116327,0.0021623228753488437,0.0027029035941860545,0.0021623228753488437,0.0027029035941860545,0.0032434843130232653,0.004054355391279081,0.005405807188372109,,,,,,
POST-VALIDATION DIAGNOSTIC — NOT CONFIRMATORY,SESSION,DEVELOPMENT,2024-08-08,15,18187.125,0.0016495185467741602,0.002199358062365547,0.0027491975779569337,0.002199358062365547,0.0027491975779569337,0.0032990370935483205,0.0041237963669354,0.005498395155913867,,,,,,
POST-VALIDATION DIAGNOSTIC — NOT CONFIRMATORY,SESSION,DEVELOPMENT,2024-08-08,20,18157.5,0.0016522098306484924,0.0022029464408646563,0.0027536830510808204,0.0022029464408646563,0.0027536830510808204,0.003304419661296985,0.004130524576621231,0.005507366102161641,,,,,,
POST-VALIDATION DIAGNOSTIC — NOT CONFIRMATORY,SESSION,DEVELOPMENT,2024-08-08,30,18154.375,0.0016524942334836645,0.002203325644644886,0.0027541570558061073,0.002203325644644886,0.0027541570558061073,0.003304988466967329,0.004131235583709161,0.0055083141116122145,,,,,,
POST-VALIDATION DIAGNOSTIC — NOT CONFIRMATORY,SESSION,DEVELOPMENT,2024-08-09,15,18487.125,0.0016227509685794845,0.0021636679581059793,0.002704584947632474,0.0021636679581059793,0.002704584947632474,0.003245501937158969,0.0040568774214487105,0.005409169895264948,,,,,,
POST-VALIDATION DIAGNOSTIC — NOT CONFIRMATORY,SESSION,DEVELOPMENT,2024-08-09,20,18481.375,0.001623255845411935,0.0021643411272159133,0.0027054264090198917,0.0021643411272159133,0.0027054264090198917,0.00324651169082387,0.004058139613529838,0.005410852818039783,,,,,,
POST-VALIDATION DIAGNOSTIC — NOT CONFIRMATORY,SESSION,DEVELOPMENT,2024-08-09,30,18475.875,0.0016237390651322333,0.002164985420176311,0.0027062317752203887,0.002164985420176311,0.0027062317752203887,0.0032474781302644666,0.004059347662830583,0.005412463550440777,,,,,,
POST-VALIDATION DIAGNOSTIC — NOT CONFIRMATORY,SESSION,DEVELOPMENT,2024-08-12,15,18615.0,0.0016116035455278,0.0021488047273704003,0.0026860059092130005,0.0021488047273704003,0.0026860059092130005,0.0032232070910556,0.0040290088638195,0.005372011818426001,,,,,,
POST-VALIDATION DIAGNOSTIC — NOT CONFIRMATORY,SESSION,DEVELOPMENT,2024-08-12,20,18604.0,0.0016125564394753817,0.0021500752526338422,0.0026875940657923028,0.0021500752526338422,0.0026875940657923028,0.0032251128789507633,0.004031391098688454,0.0053751881315846056,,,,,,
POST-VALIDATION DIAGNOSTIC — NOT CONFIRMATORY,SESSION,DEVELOPMENT,2024-08-12,30,18598.375,0.0016130441503625988,0.0021507255338167985,0.0026884069172709983,0.0021507255338167985,0.0026884069172709983,0.0032260883007251976,0.004032610375906498,0.0053768138345419965,,,,,,
POST-VALIDATION DIAGNOSTIC — NOT CONFIRMATORY,SESSION,DEVELOPMENT,2024-08-13,15,18853.5,0.0015912164850027846,0.002121621980003713,0.002652027475004641,0.002121621980003713,0.002652027475004641,0.003182432970005569,0.0039780412125069615,0.005304054950009282,,,,,,
POST-VALIDATION DIAGNOSTIC — NOT CONFIRMATORY,SESSION,DEVELOPMENT,2024-08-13,20,18860.125,0.0015906575380597954,0.0021208767174130607,0.0026510958967663257,0.0021208767174130607,0.0026510958967663257,0.0031813150761195908,0.003976643845149489,0.005302191793532651,,,,,,
POST-VALIDATION DIAGNOSTIC — NOT CONFIRMATORY,SESSION,DEVELOPMENT,2024-08-13,30,18864.5,0.0015902886373876858,0.002120384849850248,0.00265048106231281,0.002120384849850248,0.00265048106231281,0.0031805772747753717,0.0039757215934692145,0.00530096212462562,,,,,,
POST-VALIDATION DIAGNOSTIC — NOT CONFIRMATORY,SESSION,DEVELOPMENT,2024-08-14,15,19109.25,0.001569920326543428,0.002093227102057904,0.0026165338775723797,0.002093227102057904,0.0026165338775723797,0.003139840653086856,0.00392480081635857,0.005233067755144759,,,,,,
POST-VALIDATION DIAGNOSTIC — NOT CONFIRMATORY,SESSION,DEVELOPMENT,2024-08-14,20,19109.25,0.001569920326543428,0.002093227102057904,0.0026165338775723797,0.002093227102057904,0.0026165338775723797,0.003139840653086856,0.00392480081635857,0.005233067755144759,,,,,,
POST-VALIDATION DIAGNOSTIC — NOT CONFIRMATORY,SESSION,DEVELOPMENT,2024-08-14,30,19093.0,0.001571256481432986,0.0020950086419106477,0.00261876080238831,0.0020950086419106477,0.00261876080238831,0.003142512962865972,0.003928141203582465,0.00523752160477662,,,,,,
POST-VALIDATION DIAGNOSTIC — NOT CONFIRMATORY,SESSION,DEVELOPMENT,2024-08-15,15,19366.0,0.0015491066818134876,0.0020654755757513166,0.002581844469689146,0.0020654755757513166,0.002581844469689146,0.003098213363626975,0.003872766704533719,0.005163688939378292,,,,,,
POST-VALIDATION DIAGNOSTIC — NOT CONFIRMATORY,SESSION,DEVELOPMENT,2024-08-15,20,19373.625,0.0015484969901089754,0.002064662653478634,0.0025808283168482922,0.002064662653478634,0.0025808283168482922,0.003096993980217951,0.0038712424752724386,0.0051616566336965845,,,,,,
POST-VALIDATION DIAGNOSTIC — NOT CONFIRMATORY,SESSION,DEVELOPMENT,2024-08-15,30,19399.0,0.0015464714676014229,0.002061961956801897,0.0025774524460023714,0.002061961956801897,0.0025774524460023714,0.0030929429352028457,0.003866178669003557,0.005154904892004743,,,,,,
POST-VALIDATION DIAGNOSTIC — NOT CONFIRMATORY,SESSION,DEVELOPMENT,2024-08-16,15,19498.625,0.001538570027373725,0.0020514267031649666,0.0025642833789562085,0.0020514267031649666,0.0025642833789562085,0.00307714005474745,0.0038464250684343126,0.005128566757912417,,,,,,
POST-VALIDATION DIAGNOSTIC — NOT CONFIRMATORY,SESSION,DEVELOPMENT,2024-08-16,20,19498.625,0.001538570027373725,0.0020514267031649666,0.0025642833789562085,0.0020514267031649666,0.0025642833789562085,0.00307714005474745,0.0038464250684343126,0.005128566757912417,,,,,,
POST-VALIDATION DIAGNOSTIC — NOT CONFIRMATORY,SESSION,DEVELOPMENT,2024-08-16,30,19498.625,0.001538570027373725,0.0020514267031649666,0.0025642833789562085,0.0020514267031649666,0.0025642833789562085,0.00307714005474745,0.0038464250684343126,0.005128566757912417,,,,,,
POST-VALIDATION DIAGNOSTIC — NOT CONFIRMATORY,SESSION,DEVELOPMENT,2024-08-19,15,19580.875,0.0015321072219704175,0.00204280962929389,0.0025535120366173628,0.00204280962929389,0.0025535120366173628,0.003064214443940835,0.0038302680549260437,0.0051070240732347255,,,,,,
POST-VALIDATION DIAGNOSTIC — NOT CONFIRMATORY,SESSION,DEVELOPMENT,2024-08-19,20,19584.75,0.0015318040822578792,0.0020424054430105056,0.002553006803763132,0.0020424054430105056,0.002553006803763132,0.0030636081645157584,0.003829510205644698,0.005106013607526264,,,,,,
POST-VALIDATION DIAGNOSTIC — NOT CONFIRMATORY,SESSION,DEVELOPMENT,2024-08-19,30,19584.75,0.0015318040822578792,0.0020424054430105056,0.002553006803763132,0.0020424054430105056,0.002553006803763132,0.0030636081645157584,0.003829510205644698,0.005106013607526264,,,,,,
POST-VALIDATION DIAGNOSTIC — NOT CONFIRMATORY,SESSION,DEVELOPMENT,2024-08-20,15,19847.625,0.0015115158614695712,0.0020153544819594285,0.0025191931024492855,0.0020153544819594285,0.0025191931024492855,0.0030230317229391424,0.003778789653673928,0.005038386204898571,,,,,,
POST-VALIDATION DIAGNOSTIC — NOT CONFIRMATORY,SESSION,DEVELOPMENT,2024-08-20,20,19853.25,0.0015110876053039176,0.0020147834737385567,0.0025184793421731957,0.0020147834737385567,0.0025184793421731957,0.003022175210607835,0.0037777190132597936,0.005036958684346391,,,,,,
POST-VALIDATION DIAGNOSTIC — NOT CONFIRMATORY,SESSION,DEVELOPMENT,2024-08-20,30,19870.75,0.001509756803341595,0.002013009071122127,0.0025162613389026586,0.002013009071122127,0.0025162613389026586,0.00301951360668319,0.0037743920083539878,0.005032522677805317,,,,,,
POST-VALIDATION DIAGNOSTIC — NOT CONFIRMATORY,SESSION,DEVELOPMENT,2024-08-21,15,19836.875,0.001512334982198557,0.0020164466429314094,0.0025205583036642617,0.0020164466429314094,0.0025205583036642617,0.003024669964397114,0.0037808374554963923,0.005041116607328523,,,,,,
POST-VALIDATION DIAGNOSTIC — NOT CONFIRMATORY,SESSION,DEVELOPMENT,2024-08-21,20,19843.0,0.0015118681650960037,0.0020158242201280046,0.002519780275160006,0.0020158242201280046,0.002519780275160006,0.0030237363301920074,0.003779670412740009,0.005039560550320012,,,,,,
POST-VALIDATION DIAGNOSTIC — NOT CONFIRMATORY,SESSION,DEVELOPMENT,2024-08-21,30,19848.875,0.0015114206724562475,0.0020152275632749966,0.002519034454093746,0.0020152275632749966,0.002519034454093746,0.003022841344912495,0.003778551681140619,0.005038068908187492,,,,,,
POST-VALIDATION DIAGNOSTIC — NOT CONFIRMATORY,SESSION,DEVELOPMENT,2024-08-22,15,19997.875,0.001500159391935393,0.0020002125225805243,0.002500265653225655,0.0020002125225805243,0.002500265653225655,0.003000318783870786,0.003750398479838483,0.00500053130645131,,,,,,
POST-VALIDATION DIAGNOSTIC — NOT CONFIRMATORY,SESSION,DEVELOPMENT,2024-08-22,20,19994.875,0.0015003844735213398,0.0020005126313617865,0.0025006407892022332,0.0020005126313617865,0.0025006407892022332,0.0030007689470426795,0.0037509611838033494,0.0050012815784044665,,,,,,
POST-VALIDATION DIAGNOSTIC — NOT CONFIRMATORY,SESSION,DEVELOPMENT,2024-08-22,30,19985.125,0.0015011164553636767,0.002001488607151569,0.002501860758939461,0.002001488607151569,0.002501860758939461,0.0030022329107273534,0.0037527911384091918,0.005003721517878922,,,,,,
POST-VALIDATION DIAGNOSTIC — NOT CONFIRMATORY,SESSION,DEVELOPMENT,2024-08-23,15,19735.5,0.0015201033670289579,0.002026804489371944,0.00253350561171493,0.002026804489371944,0.00253350561171493,0.0030402067340579157,0.003800258417572395,0.00506701122342986,,,,,,
POST-VALIDATION DIAGNOSTIC — NOT CONFIRMATORY,SESSION,DEVELOPMENT,2024-08-23,20,19735.5,0.0015201033670289579,0.002026804489371944,0.00253350561171493,0.002026804489371944,0.00253350561171493,0.0030402067340579157,0.003800258417572395,0.00506701122342986,,,,,,
POST-VALIDATION DIAGNOSTIC — NOT CONFIRMATORY,SESSION,DEVELOPMENT,2024-08-23,30,19735.5,0.0015201033670289579,0.002026804489371944,0.00253350561171493,0.002026804489371944,0.00253350561171493,0.0030402067340579157,0.003800258417572395,0.00506701122342986,,,,,,
POST-VALIDATION DIAGNOSTIC — NOT CONFIRMATORY,SESSION,DEVELOPMENT,2024-08-26,15,19772.125,0.0015172875955417034,0.0020230501273889377,0.0025288126592361722,0.0020230501273889377,0.0025288126592361722,0.0030345751910834068,0.003793218988854258,0.0050576253184723445,,,,,,
POST-VALIDATION DIAGNOSTIC — NOT CONFIRMATORY,SESSION,DEVELOPMENT,2024-08-26,20,19761.5,0.0015181033828403714,0.0020241378437871617,0.0025301723047339523,0.0020241378437871617,0.0025301723047339523,0.003036206765680743,0.0037952584571009284,0.005060344609467905,,,,,,
POST-VALIDATION DIAGNOSTIC — NOT CONFIRMATORY,SESSION,DEVELOPMENT,2024-08-26,30,19756.25,0.001518506801645049,0.002024675735526732,0.002530844669408415,0.002024675735526732,0.002530844669408415,0.003037013603290098,0.0037962670041126224,0.00506168933881683,,,,,,
POST-VALIDATION DIAGNOSTIC — NOT CONFIRMATORY,SESSION,DEVELOPMENT,2024-08-27,15,19496.875,0.001538708126302292,0.0020516108350697227,0.0025645135438371533,0.0020516108350697227,0.0025645135438371533,0.003077416252604584,0.00384677031575573,0.005129027087674307,,,,,,
POST-VALIDATION DIAGNOSTIC — NOT CONFIRMATORY,SESSION,DEVELOPMENT,2024-08-27,20,19490.5,0.0015392114106872578,0.0020522818809163438,0.00256535235114543,0.0020522818809163438,0.00256535235114543,0.0030784228213745156,0.0038480285267181447,0.00513070470229086,,,,,,
POST-VALIDATION DIAGNOSTIC — NOT CONFIRMATORY,SESSION,DEVELOPMENT,2024-08-27,30,19506.25,0.0015379685998077538,0.002050624799743672,0.00256328099967959,0.002050624799743672,0.00256328099967959,0.0030759371996155077,0.003844921499519385,0.00512656199935918,,,,,,
POST-VALIDATION DIAGNOSTIC — NOT CONFIRMATORY,SESSION,DEVELOPMENT,2024-08-28,15,19620.375,0.001529022763326389,0.0020386970177685188,0.0025483712722106483,0.0020386970177685188,0.0025483712722106483,0.003058045526652778,0.0038225569083159727,0.005096742544421297,,,,,,
POST-VALIDATION DIAGNOSTIC — NOT CONFIRMATORY,SESSION,DEVELOPMENT,2024-08-28,20,19601.5,0.0015304951151697574,0.0020406601535596764,0.0025508251919495956,0.0020406601535596764,0.0025508251919495956,0.003060990230339515,0.0038262377879243934,0.005101650383899191,,,,,,
POST-VALIDATION DIAGNOSTIC — NOT CONFIRMATORY,SESSION,DEVELOPMENT,2024-08-28,30,19593.625,0.0015311102463173608,0.0020414803284231476,0.0025518504105289347,0.0020414803284231476,0.0025518504105289347,0.0030622204926347217,0.0038277756157934022,0.005103700821057869,,,,,,
POST-VALIDATION DIAGNOSTIC — NOT CONFIRMATORY,SESSION,DEVELOPMENT,2024-08-29,15,19544.0,0.0015349979533360622,0.002046663937781416,0.0025583299222267705,0.002046663937781416,0.0025583299222267705,0.0030699959066721244,0.0038374948833401557,0.005116659844453541,,,,,,
POST-VALIDATION DIAGNOSTIC — NOT CONFIRMATORY,SESSION,DEVELOPMENT,2024-08-29,20,19550.375,0.0015344974201262124,0.0020459965601682833,0.002557495700210354,0.0020459965601682833,0.002557495700210354,0.0030689948402524247,0.003836243550315531,0.005114991400420708,,,,,,
POST-VALIDATION DIAGNOSTIC — NOT CONFIRMATORY,SESSION,DEVELOPMENT,2024-08-29,30,19564.75,0.001533369963838025,0.002044493285117367,0.002555616606396708,0.002044493285117367,0.002555616606396708,0.00306673992767605,0.0038334249095950627,0.005111233212793416,,,,,,
POST-VALIDATION DIAGNOSTIC — NOT CONFIRMATORY,SESSION,DEVELOPMENT,2024-08-30,15,19545.0,0.0015349194167306216,0.0020465592223074956,0.0025581990278843694,0.0020465592223074956,0.0025581990278843694,0.0030698388334612432,0.003837298541826554,0.005116398055768739,,,,,,
POST-VALIDATION DIAGNOSTIC — NOT CONFIRMATORY,SESSION,DEVELOPMENT,2024-08-30,20,19549.0,0.0015346053506573227,0.002046140467543097,0.002557675584428871,0.002046140467543097,0.002557675584428871,0.0030692107013146454,0.0038365133766433065,0.005115351168857742,,,,,,
POST-VALIDATION DIAGNOSTIC — NOT CONFIRMATORY,SESSION,DEVELOPMENT,2024-08-30,30,19558.0,0.0015338991716944473,0.0020451988955925964,0.0025564986194907455,0.0020451988955925964,0.0025564986194907455,0.0030677983433888946,0.003834747929236118,0.005112997238981491,,,,,,
POST-VALIDATION DIAGNOSTIC — NOT CONFIRMATORY,SESSION,DEVELOPMENT,2024-09-02,15,19629.0,0.0015283509093687911,0.0020378012124917214,0.0025472515156146516,0.0020378012124917214,0.0025472515156146516,0.0030567018187375823,0.0038208772734219776,0.005094503031229303,,,,,,
POST-VALIDATION DIAGNOSTIC — NOT CONFIRMATORY,SESSION,DEVELOPMENT,2024-09-02,20,19629.625,0.0015283022472410961,0.002037736329654795,0.0025471704120684936,0.002037736329654795,0.0025471704120684936,0.0030566044944821923,0.0038207556181027403,0.005094340824136987,,,,,,
POST-VALIDATION DIAGNOSTIC — NOT CONFIRMATORY,SESSION,DEVELOPMENT,2024-09-02,30,19629.625,0.0015283022472410961,0.002037736329654795,0.0025471704120684936,0.002037736329654795,0.0025471704120684936,0.0030566044944821923,0.0038207556181027403,0.005094340824136987,,,,,,
POST-VALIDATION DIAGNOSTIC — NOT CONFIRMATORY,SESSION,DEVELOPMENT,2024-09-03,15,19420.375,0.0015447693466269317,0.0020596924621692422,0.002574615577711553,0.0020596924621692422,0.002574615577711553,0.0030895386932538633,0.0038619233665673296,0.005149231155423106,,,,,,
POST-VALIDATION DIAGNOSTIC — NOT CONFIRMATORY,SESSION,DEVELOPMENT,2024-09-03,20,19420.375,0.0015447693466269317,0.0020596924621692422,0.002574615577711553,0.0020596924621692422,0.002574615577711553,0.0030895386932538633,0.0038619233665673296,0.005149231155423106,,,,,,
POST-VALIDATION DIAGNOSTIC — NOT CONFIRMATORY,SESSION,DEVELOPMENT,2024-09-03,30,19406.875,0.0015458439341728125,0.00206112524556375,0.0025764065569546875,0.00206112524556375,0.0025764065569546875,0.003091687868345625,0.003864609835432031,0.005152813113909375,,,,,,
POST-VALIDATION DIAGNOSTIC — NOT CONFIRMATORY,SESSION,DEVELOPMENT,2024-09-04,15,18912.875,0.0015862210266815596,0.002114961368908746,0.0026437017111359327,0.002114961368908746,0.0026437017111359327,0.003172442053363119,0.003965552566703899,0.0052874034222718655,,,,,,
POST-VALIDATION DIAGNOSTIC — NOT CONFIRMATORY,SESSION,DEVELOPMENT,2024-09-04,20,18925.5,0.001585162875485456,0.002113550500647275,0.0026419381258090935,0.002113550500647275,0.0026419381258090935,0.003170325750970912,0.00396290718871364,0.005283876251618187,,,,,,
POST-VALIDATION DIAGNOSTIC — NOT CONFIRMATORY,SESSION,DEVELOPMENT,2024-09-04,30,18925.5,0.001585162875485456,0.002113550500647275,0.0026419381258090935,0.002113550500647275,0.0026419381258090935,0.003170325750970912,0.00396290718871364,0.005283876251618187,,,,,,
POST-VALIDATION DIAGNOSTIC — NOT CONFIRMATORY,SESSION,DEVELOPMENT,2024-09-05,15,18958.875,0.0015823723717783887,0.0021098298290378515,0.0026372872862973147,0.0021098298290378515,0.0026372872862973147,0.0031647447435567775,0.003955930929445972,0.0052745745725946295,,,,,,
POST-VALIDATION DIAGNOSTIC — NOT CONFIRMATORY,SESSION,DEVELOPMENT,2024-09-05,20,18962.375,0.0015820803037594183,0.002109440405012558,0.0026368005062656972,0.002109440405012558,0.0026368005062656972,0.0031641606075188365,0.003955200759398546,0.0052736010125313945,,,,,,
POST-VALIDATION DIAGNOSTIC — NOT CONFIRMATORY,SESSION,DEVELOPMENT,2024-09-05,30,18973.375,0.0015811630772068755,0.002108217436275834,0.0026352717953447924,0.002108217436275834,0.0026352717953447924,0.003162326154413751,0.003952907693017188,0.005270543590689585,,,,,,
POST-VALIDATION DIAGNOSTIC — NOT CONFIRMATORY,SESSION,DEVELOPMENT,2024-09-06,15,18866.75,0.0015900989836617329,0.002120131978215644,0.002650164972769555,0.002120131978215644,0.002650164972769555,0.0031801979673234657,0.003975247459154332,0.00530032994553911,,,,,,
POST-VALIDATION DIAGNOSTIC — NOT CONFIRMATORY,SESSION,DEVELOPMENT,2024-09-06,20,18866.75,0.0015900989836617329,0.002120131978215644,0.002650164972769555,0.002120131978215644,0.002650164972769555,0.0031801979673234657,0.003975247459154332,0.00530032994553911,,,,,,
POST-VALIDATION DIAGNOSTIC — NOT CONFIRMATORY,SESSION,DEVELOPMENT,2024-09-06,30,18854.375,0.001591142639307853,0.0021215235190771373,0.0026519043988464217,0.0021215235190771373,0.0026519043988464217,0.003182285278615706,0.003977856598269633,0.005303808797692843,,,,,,
POST-VALIDATION DIAGNOSTIC — NOT CONFIRMATORY,SESSION,DEVELOPMENT,2024-09-09,15,18640.0,0.001609442060085837,0.002145922746781116,0.002682403433476395,0.002145922746781116,0.002682403433476395,0.003218884120171674,0.004023605150214592,0.00536480686695279,,,,,,
POST-VALIDATION DIAGNOSTIC — NOT CONFIRMATORY,SESSION,DEVELOPMENT,2024-09-09,20,18640.0,0.001609442060085837,0.002145922746781116,0.002682403433476395,0.002145922746781116,0.002682403433476395,0.003218884120171674,0.004023605150214592,0.00536480686695279,,,,,,
POST-VALIDATION DIAGNOSTIC — NOT CONFIRMATORY,SESSION,DEVELOPMENT,2024-09-09,30,18651.25,0.001608471282085651,0.0021446283761142014,0.0026807854701427518,0.0021446283761142014,0.0026807854701427518,0.003216942564171302,0.004021178205214128,0.0053615709402855035,,,,,,
POST-VALIDATION DIAGNOSTIC — NOT CONFIRMATORY,SESSION,DEVELOPMENT,2024-09-10,15,18771.625,0.0015981567924993174,0.0021308757233324234,0.002663594654165529,0.0021308757233324234,0.002663594654165529,0.0031963135849986347,0.003995391981248294,0.005327189308331058,,,,,,
POST-VALIDATION DIAGNOSTIC — NOT CONFIRMATORY,SESSION,DEVELOPMENT,2024-09-10,20,18771.625,0.0015981567924993174,0.0021308757233324234,0.002663594654165529,0.0021308757233324234,0.002663594654165529,0.0031963135849986347,0.003995391981248294,0.005327189308331058,,,,,,
POST-VALIDATION DIAGNOSTIC — NOT CONFIRMATORY,SESSION,DEVELOPMENT,2024-09-10,30,18771.625,0.0015981567924993174,0.0021308757233324234,0.002663594654165529,0.0021308757233324234,0.002663594654165529,0.0031963135849986347,0.003995391981248294,0.005327189308331058,,,,,,
POST-VALIDATION DIAGNOSTIC — NOT CONFIRMATORY,SESSION,DEVELOPMENT,2024-09-11,15,18857.625,0.0015908684152961998,0.0021211578870615998,0.0026514473588269997,0.0021211578870615998,0.0026514473588269997,0.0031817368305923997,0.003977171038240499,0.005302894717653999,,,,,,
POST-VALIDATION DIAGNOSTIC — NOT CONFIRMATORY,SESSION,DEVELOPMENT,2024-09-11,20,18844.5,0.0015919764387487066,0.002122635251664942,0.0026532940645811777,0.002122635251664942,0.0026532940645811777,0.003183952877497413,0.0039799410968717665,0.005306588129162355,,,,,,
POST-VALIDATION DIAGNOSTIC — NOT CONFIRMATORY,SESSION,DEVELOPMENT,2024-09-11,30,18839.875,0.0015923672529674427,0.0021231563372899236,0.0026539454216124047,0.0021231563372899236,0.0026539454216124047,0.0031847345059348854,0.003980918132418606,0.005307890843224809,,,,,,
POST-VALIDATION DIAGNOSTIC — NOT CONFIRMATORY,SESSION,DEVELOPMENT,2024-09-12,15,19249.75,0.0015584617982051716,0.002077949064273562,0.0025974363303419524,0.002077949064273562,0.0025974363303419524,0.003116923596410343,0.0038961544955129286,0.005194872660683905,,,,,,
POST-VALIDATION DIAGNOSTIC — NOT CONFIRMATORY,SESSION,DEVELOPMENT,2024-09-12,20,19244.625,0.0015588768292445292,0.0020785024389927058,0.0025981280487408823,0.0020785024389927058,0.0025981280487408823,0.0031177536584890584,0.0038971920731113233,0.005196256097481765,,,,,,
POST-VALIDATION DIAGNOSTIC — NOT CONFIRMATORY,SESSION,DEVELOPMENT,2024-09-12,30,19237.375,0.0015594643240047043,0.0020792857653396057,0.002599107206674507,0.0020792857653396057,0.002599107206674507,0.0031189286480094087,0.0038986608100117608,0.005198214413349014,,,,,,
POST-VALIDATION DIAGNOSTIC — NOT CONFIRMATORY,SESSION,DEVELOPMENT,2024-09-13,15,19449.5,0.0015424561042700327,0.00205660813902671,0.002570760173783388,0.00205660813902671,0.002570760173783388,0.0030849122085400654,0.0038561402606750814,0.005141520347566776,,,,,,
POST-VALIDATION DIAGNOSTIC — NOT CONFIRMATORY,SESSION,DEVELOPMENT,2024-09-13,20,19449.5,0.0015424561042700327,0.00205660813902671,0.002570760173783388,0.00205660813902671,0.002570760173783388,0.0030849122085400654,0.0038561402606750814,0.005141520347566776,,,,,,
POST-VALIDATION DIAGNOSTIC — NOT CONFIRMATORY,SESSION,DEVELOPMENT,2024-09-13,30,19449.5,0.0015424561042700327,0.00205660813902671,0.002570760173783388,0.00205660813902671,0.002570760173783388,0.0030849122085400654,0.0038561402606750814,0.005141520347566776,,,,,,
POST-VALIDATION DIAGNOSTIC — NOT CONFIRMATORY,SESSION,DEVELOPMENT,2024-09-20,15,20056.375,0.001495783759527831,0.001994378346037108,0.0024929729325463847,0.001994378346037108,0.0024929729325463847,0.002991567519055662,0.0037394593988195773,0.004985945865092769,,,,,,
POST-VALIDATION DIAGNOSTIC — NOT CONFIRMATORY,SESSION,DEVELOPMENT,2024-09-20,20,20056.375,0.001495783759527831,0.001994378346037108,0.0024929729325463847,0.001994378346037108,0.0024929729325463847,0.002991567519055662,0.0037394593988195773,0.004985945865092769,,,,,,
POST-VALIDATION DIAGNOSTIC — NOT CONFIRMATORY,SESSION,DEVELOPMENT,2024-09-20,30,20036.875,0.0014972394647368914,0.001996319286315855,0.002495399107894819,0.001996319286315855,0.002495399107894819,0.0029944789294737827,0.0037430986618422284,0.004990798215789638,,,,,,
POST-VALIDATION DIAGNOSTIC — NOT CONFIRMATORY,SESSION,DEVELOPMENT,2024-09-23,15,20059.125,0.001495578695481483,0.001994104927308644,0.0024926311591358047,0.001994104927308644,0.0024926311591358047,0.002991157390962966,0.003738946738703707,0.0049852623182716094,,,,,,
POST-VALIDATION DIAGNOSTIC — NOT CONFIRMATORY,SESSION,DEVELOPMENT,2024-09-23,20,20066.375,0.001495038341504133,0.0019933844553388443,0.0024917305691735552,0.0019933844553388443,0.0024917305691735552,0.002990076683008266,0.003737595853760333,0.0049834611383471105,,,,,,
POST-VALIDATION DIAGNOSTIC — NOT CONFIRMATORY,SESSION,DEVELOPMENT,2024-09-23,30,20068.875,0.0014948521030700526,0.0019931361374267366,0.0024914201717834207,0.0019931361374267366,0.0024914201717834207,0.002989704206140105,0.003737130257675131,0.004982840343566841,,,,,,
POST-VALIDATION DIAGNOSTIC — NOT CONFIRMATORY,SESSION,DEVELOPMENT,2024-09-24,15,20124.125,0.0014907480449460535,0.0019876640599280713,0.002484580074910089,0.0019876640599280713,0.002484580074910089,0.002981496089892107,0.003726870112365134,0.004969160149820178,,,,,,
POST-VALIDATION DIAGNOSTIC — NOT CONFIRMATORY,SESSION,DEVELOPMENT,2024-09-24,20,20124.125,0.0014907480449460535,0.0019876640599280713,0.002484580074910089,0.0019876640599280713,0.002484580074910089,0.002981496089892107,0.003726870112365134,0.004969160149820178,,,,,,
POST-VALIDATION DIAGNOSTIC — NOT CONFIRMATORY,SESSION,DEVELOPMENT,2024-09-24,30,20117.875,0.0014912111741423983,0.0019882815655231974,0.0024853519569039972,0.0019882815655231974,0.0024853519569039972,0.0029824223482847966,0.0037280279353559954,0.0049707039138079945,,,,,,
POST-VALIDATION DIAGNOSTIC — NOT CONFIRMATORY,SESSION,DEVELOPMENT,2024-09-25,15,20172.0,0.00148720999405116,0.00198294665873488,0.0024786833234186002,0.00198294665873488,0.0024786833234186002,0.00297441998810232,0.0037180249851279,0.0049573666468372005,,,,,,
POST-VALIDATION DIAGNOSTIC — NOT CONFIRMATORY,SESSION,DEVELOPMENT,2024-09-25,20,20172.0,0.00148720999405116,0.00198294665873488,0.0024786833234186002,0.00198294665873488,0.0024786833234186002,0.00297441998810232,0.0037180249851279,0.0049573666468372005,,,,,,
POST-VALIDATION DIAGNOSTIC — NOT CONFIRMATORY,SESSION,DEVELOPMENT,2024-09-25,30,20186.0,0.0014861785395818884,0.0019815713861091847,0.0024769642326364807,0.0019815713861091847,0.0024769642326364807,0.002972357079163777,0.0037154463489547213,0.0049539284652729615,,,,,,
POST-VALIDATION DIAGNOSTIC — NOT CONFIRMATORY,SESSION,DEVELOPMENT,2024-09-26,15,20468.625,0.0014656578055438506,0.001954210407391801,0.002442763009239751,0.001954210407391801,0.002442763009239751,0.002931315611087701,0.0036641445138596265,0.004885526018479502,,,,,,
POST-VALIDATION DIAGNOSTIC — NOT CONFIRMATORY,SESSION,DEVELOPMENT,2024-09-26,20,20461.5,0.0014661681694890403,0.0019548908926520538,0.002443613615815067,0.0019548908926520538,0.002443613615815067,0.0029323363389780806,0.003665420423722601,0.004887227231630134,,,,,,
POST-VALIDATION DIAGNOSTIC — NOT CONFIRMATORY,SESSION,DEVELOPMENT,2024-09-26,30,20461.5,0.0014661681694890403,0.0019548908926520538,0.002443613615815067,0.0019548908926520538,0.002443613615815067,0.0029323363389780806,0.003665420423722601,0.004887227231630134,,,,,,
POST-VALIDATION DIAGNOSTIC — NOT CONFIRMATORY,SESSION,DEVELOPMENT,2024-09-27,15,20346.625,0.001474446007630258,0.0019659280101736775,0.0024574100127170966,0.0019659280101736775,0.0024574100127170966,0.002948892015260516,0.0036861150190756454,0.004914820025434193,,,,,,
POST-VALIDATION DIAGNOSTIC — NOT CONFIRMATORY,SESSION,DEVELOPMENT,2024-09-27,20,20346.625,0.001474446007630258,0.0019659280101736775,0.0024574100127170966,0.0019659280101736775,0.0024574100127170966,0.002948892015260516,0.0036861150190756454,0.004914820025434193,,,,,,
POST-VALIDATION DIAGNOSTIC — NOT CONFIRMATORY,SESSION,DEVELOPMENT,2024-09-27,30,20346.625,0.001474446007630258,0.0019659280101736775,0.0024574100127170966,0.0019659280101736775,0.0024574100127170966,0.002948892015260516,0.0036861150190756454,0.004914820025434193,,,,,,
POST-VALIDATION DIAGNOSTIC — NOT CONFIRMATORY,SESSION,DEVELOPMENT,2024-09-30,15,20214.25,0.001484101562016894,0.001978802082689192,0.00247350260336149,0.001978802082689192,0.00247350260336149,0.002968203124033788,0.003710253905042235,0.00494700520672298,,,,,,
POST-VALIDATION DIAGNOSTIC — NOT CONFIRMATORY,SESSION,DEVELOPMENT,2024-09-30,20,20216.25,0.0014839547393804488,0.001978606319173932,0.002473257898967415,0.001978606319173932,0.002473257898967415,0.0029679094787608976,0.003709886848451122,0.00494651579793483,,,,,,
POST-VALIDATION DIAGNOSTIC — NOT CONFIRMATORY,SESSION,DEVELOPMENT,2024-09-30,30,20216.25,0.0014839547393804488,0.001978606319173932,0.002473257898967415,0.001978606319173932,0.002473257898967415,0.0029679094787608976,0.003709886848451122,0.00494651579793483,,,,,,
POST-VALIDATION DIAGNOSTIC — NOT CONFIRMATORY,SESSION,DEVELOPMENT,2024-10-01,15,20168.125,0.0014874957389444977,0.001983327651925997,0.0024791595649074965,0.001983327651925997,0.0024791595649074965,0.0029749914778889955,0.0037187393473612444,0.004958319129814993,,,,,,
POST-VALIDATION DIAGNOSTIC — NOT CONFIRMATORY,SESSION,DEVELOPMENT,2024-10-01,20,20147.875,0.0014889907744613266,0.001985321032615102,0.002481651290768878,0.001985321032615102,0.002481651290768878,0.002977981548922653,0.0037224769361533165,0.004963302581537756,,,,,,
POST-VALIDATION DIAGNOSTIC — NOT CONFIRMATORY,SESSION,DEVELOPMENT,2024-10-01,30,20122.375,0.0014908776921213325,0.0019878369228284436,0.002484796153535554,0.0019878369228284436,0.002484796153535554,0.002981755384242665,0.0037271942303033316,0.004969592307071108,,,,,,
POST-VALIDATION DIAGNOSTIC — NOT CONFIRMATORY,SESSION,DEVELOPMENT,2024-10-02,15,19901.5,0.0015074240635128005,0.0020098987513504007,0.002512373439188001,0.0020098987513504007,0.002512373439188001,0.003014848127025601,0.0037685601587820012,0.005024746878376002,,,,,,
POST-VALIDATION DIAGNOSTIC — NOT CONFIRMATORY,SESSION,DEVELOPMENT,2024-10-02,20,19900.25,0.0015075187497644502,0.0020100249996859334,0.002512531249607417,0.0020100249996859334,0.002512531249607417,0.0030150374995289004,0.0037687968744111256,0.005025062499214834,,,,,,
POST-VALIDATION DIAGNOSTIC — NOT CONFIRMATORY,SESSION,DEVELOPMENT,2024-10-02,30,19900.25,0.0015075187497644502,0.0020100249996859334,0.002512531249607417,0.0020100249996859334,0.002512531249607417,0.0030150374995289004,0.0037687968744111256,0.005025062499214834,,,,,,
POST-VALIDATION DIAGNOSTIC — NOT CONFIRMATORY,SESSION,DEVELOPMENT,2024-10-03,15,19950.375,0.0015037311328734422,0.0020049748438312563,0.0025062185547890703,0.0020049748438312563,0.0025062185547890703,0.0030074622657468844,0.0037593278321836057,0.005012437109578141,,,,,,
POST-VALIDATION DIAGNOSTIC — NOT CONFIRMATORY,SESSION,DEVELOPMENT,2024-10-03,20,19950.375,0.0015037311328734422,0.0020049748438312563,0.0025062185547890703,0.0020049748438312563,0.0025062185547890703,0.0030074622657468844,0.0037593278321836057,0.005012437109578141,,,,,,
POST-VALIDATION DIAGNOSTIC — NOT CONFIRMATORY,SESSION,DEVELOPMENT,2024-10-03,30,19971.25,0.0015021593540714777,0.00200287913876197,0.002503598923452463,0.00200287913876197,0.002503598923452463,0.0030043187081429555,0.0037553983851786946,0.005007197846904926,,,,,,
POST-VALIDATION DIAGNOSTIC — NOT CONFIRMATORY,SESSION,DEVELOPMENT,2024-10-04,15,20213.0,0.0014841933409192104,0.0019789244545589473,0.002473655568198684,0.0019789244545589473,0.002473655568198684,0.0029683866818384207,0.003710483352298026,0.004947311136397368,,,,,,
POST-VALIDATION DIAGNOSTIC — NOT CONFIRMATORY,SESSION,DEVELOPMENT,2024-10-04,20,20213.0,0.0014841933409192104,0.0019789244545589473,0.002473655568198684,0.0019789244545589473,0.002473655568198684,0.0029683866818384207,0.003710483352298026,0.004947311136397368,,,,,,
POST-VALIDATION DIAGNOSTIC — NOT CONFIRMATORY,SESSION,DEVELOPMENT,2024-10-04,30,20156.0,0.001488390553681286,0.0019845207382417148,0.0024806509228021433,0.0019845207382417148,0.0024806509228021433,0.002976781107362572,0.003720976384203215,0.004961301845604287,,,,,,
POST-VALIDATION DIAGNOSTIC — NOT CONFIRMATORY,SESSION,DEVELOPMENT,2024-10-07,15,20135.5,0.0014899058876114326,0.00198654118348191,0.0024831764793523878,0.00198654118348191,0.0024831764793523878,0.0029798117752228652,0.0037247647190285812,0.0049663529587047756,,,,,,
POST-VALIDATION DIAGNOSTIC — NOT CONFIRMATORY,SESSION,DEVELOPMENT,2024-10-07,20,20132.125,0.0014901556591765648,0.00198687421223542,0.0024835927652942747,0.00198687421223542,0.0024835927652942747,0.0029803113183531297,0.003725389147941412,0.0049671855305885495,,,,,,
POST-VALIDATION DIAGNOSTIC — NOT CONFIRMATORY,SESSION,DEVELOPMENT,2024-10-07,30,20126.25,0.001490590646543693,0.0019874541953915905,0.0024843177442394884,0.0019874541953915905,0.0024843177442394884,0.002981181293087386,0.003726476616359232,0.004968635488478977,,,,,,
POST-VALIDATION DIAGNOSTIC — NOT CONFIRMATORY,SESSION,DEVELOPMENT,2024-10-08,15,20092.625,0.0014930851494018328,0.0019907801992024438,0.0024884752490030547,0.0019907801992024438,0.0024884752490030547,0.0029861702988036656,0.003732712873504582,0.004976950498006109,,,,,,
POST-VALIDATION DIAGNOSTIC — NOT CONFIRMATORY,SESSION,DEVELOPMENT,2024-10-08,20,20092.625,0.0014930851494018328,0.0019907801992024438,0.0024884752490030547,0.0019907801992024438,0.0024884752490030547,0.0029861702988036656,0.003732712873504582,0.004976950498006109,,,,,,
POST-VALIDATION DIAGNOSTIC — NOT CONFIRMATORY,SESSION,DEVELOPMENT,2024-10-08,30,20114.25,0.0014914799209515641,0.0019886398946020855,0.002485799868252607,0.0019886398946020855,0.002485799868252607,0.0029829598419031282,0.0037286998023789105,0.004971599736505214,,,,,,
POST-VALIDATION DIAGNOSTIC — NOT CONFIRMATORY,SESSION,DEVELOPMENT,2024-10-09,15,20268.75,0.0014801110083256244,0.001973481344434166,0.002466851680542707,0.001973481344434166,0.002466851680542707,0.0029602220166512487,0.0037002775208140612,0.004933703361085414,,,,,,
POST-VALIDATION DIAGNOSTIC — NOT CONFIRMATORY,SESSION,DEVELOPMENT,2024-10-09,20,20268.75,0.0014801110083256244,0.001973481344434166,0.002466851680542707,0.001973481344434166,0.002466851680542707,0.0029602220166512487,0.0037002775208140612,0.004933703361085414,,,,,,
POST-VALIDATION DIAGNOSTIC — NOT CONFIRMATORY,SESSION,DEVELOPMENT,2024-10-09,30,20268.75,0.0014801110083256244,0.001973481344434166,0.002466851680542707,0.001973481344434166,0.002466851680542707,0.0029602220166512487,0.0037002775208140612,0.004933703361085414,,,,,,
POST-VALIDATION DIAGNOSTIC — NOT CONFIRMATORY,SESSION,DEVELOPMENT,2024-10-10,15,20365.0,0.0014731156395777069,0.001964154186103609,0.0024551927326295114,0.001964154186103609,0.0024551927326295114,0.0029462312791554137,0.003682789098944267,0.004910385465259023,,,,,,
POST-VALIDATION DIAGNOSTIC — NOT CONFIRMATORY,SESSION,DEVELOPMENT,2024-10-10,20,20348.25,0.001474328259186908,0.0019657710122492106,0.002457213765311513,0.0019657710122492106,0.002457213765311513,0.002948656518373816,0.00368582064796727,0.004914427530623026,,,,,,
POST-VALIDATION DIAGNOSTIC — NOT CONFIRMATORY,SESSION,DEVELOPMENT,2024-10-10,30,20345.625,0.001474518477559672,0.0019660246367462293,0.0024575307959327866,0.0019660246367462293,0.0024575307959327866,0.002949036955119344,0.0036862961938991796,0.004915061591865573,,,,,,
POST-VALIDATION DIAGNOSTIC — NOT CONFIRMATORY,SESSION,DEVELOPMENT,2024-10-11,15,20332.75,0.0014754521646112798,0.0019672695528150396,0.0024590869410188,0.0019672695528150396,0.0024590869410188,0.0029509043292225597,0.0036886304115281996,0.0049181738820376,,,,,,
POST-VALIDATION DIAGNOSTIC — NOT CONFIRMATORY,SESSION,DEVELOPMENT,2024-10-11,20,20338.0,0.001475071295112597,0.001966761726816796,0.0024584521585209952,0.001966761726816796,0.0024584521585209952,0.002950142590225194,0.0036876782377814926,0.0049169043170419905,,,,,,
POST-VALIDATION DIAGNOSTIC — NOT CONFIRMATORY,SESSION,DEVELOPMENT,2024-10-11,30,20342.125,0.001474772178422854,0.0019663629045638055,0.002457953630704757,0.0019663629045638055,0.002457953630704757,0.002949544356845708,0.003686930446057135,0.004915907261409514,,,,,,
POST-VALIDATION DIAGNOSTIC — NOT CONFIRMATORY,SESSION,DEVELOPMENT,2024-10-14,15,20574.875,0.001458089052788899,0.0019441187370518654,0.002430148421314832,0.0019441187370518654,0.002430148421314832,0.002916178105577798,0.0036452226319722476,0.004860296842629664,,,,,,
POST-VALIDATION DIAGNOSTIC — NOT CONFIRMATORY,SESSION,DEVELOPMENT,2024-10-14,20,20591.375,0.0014569206767396543,0.001942560902319539,0.0024282011278994237,0.001942560902319539,0.0024282011278994237,0.0029138413534793087,0.003642301691849136,0.0048564022557988475,,,,,,
POST-VALIDATION DIAGNOSTIC — NOT CONFIRMATORY,SESSION,DEVELOPMENT,2024-10-14,30,20606.0,0.001455886634960691,0.0019411821799475881,0.002426477724934485,0.0019411821799475881,0.002426477724934485,0.002911773269921382,0.003639716587401728,0.00485295544986897,,,,,,
POST-VALIDATION DIAGNOSTIC — NOT CONFIRMATORY,SESSION,DEVELOPMENT,2024-10-15,15,20632.5,0.0014540167211922936,0.001938688961589725,0.0024233612019871563,0.001938688961589725,0.0024233612019871563,0.0029080334423845873,0.0036350418029807343,0.004846722403974313,,,,,,
POST-VALIDATION DIAGNOSTIC — NOT CONFIRMATORY,SESSION,DEVELOPMENT,2024-10-15,20,20632.5,0.0014540167211922936,0.001938688961589725,0.0024233612019871563,0.001938688961589725,0.0024233612019871563,0.0029080334423845873,0.0036350418029807343,0.004846722403974313,,,,,,
POST-VALIDATION DIAGNOSTIC — NOT CONFIRMATORY,SESSION,DEVELOPMENT,2024-10-15,30,20632.5,0.0014540167211922936,0.001938688961589725,0.0024233612019871563,0.001938688961589725,0.0024233612019871563,0.0029080334423845873,0.0036350418029807343,0.004846722403974313,,,,,,
POST-VALIDATION DIAGNOSTIC — NOT CONFIRMATORY,SESSION,DEVELOPMENT,2024-10-16,15,20299.625,0.0014778598126812688,0.0019704797502416915,0.0024630996878021146,0.0019704797502416915,0.0024630996878021146,0.0029557196253625377,0.003694649531703172,0.004926199375604229,,,,,,
POST-VALIDATION DIAGNOSTIC — NOT CONFIRMATORY,SESSION,DEVELOPMENT,2024-10-16,20,20292.75,0.0014783604982074878,0.0019711473309433174,0.0024639341636791463,0.0019711473309433174,0.0024639341636791463,0.0029567209964149756,0.0036959012455187196,0.0049278683273582926,,,,,,
POST-VALIDATION DIAGNOSTIC — NOT CONFIRMATORY,SESSION,DEVELOPMENT,2024-10-16,30,20285.25,0.0014789070876622176,0.001971876116882957,0.002464845146103696,0.001971876116882957,0.002464845146103696,0.002957814175324435,0.003697267719155544,0.004929690292207392,,,,,,
POST-VALIDATION DIAGNOSTIC — NOT CONFIRMATORY,SESSION,DEVELOPMENT,2024-10-17,15,20489.25,0.0014641824371316667,0.0019522432495088888,0.002440304061886111,0.0019522432495088888,0.002440304061886111,0.0029283648742633333,0.0036604560928291665,0.004880608123772222,,,,,,
POST-VALIDATION DIAGNOSTIC — NOT CONFIRMATORY,SESSION,DEVELOPMENT,2024-10-17,20,20489.25,0.0014641824371316667,0.0019522432495088888,0.002440304061886111,0.0019522432495088888,0.002440304061886111,0.0029283648742633333,0.0036604560928291665,0.004880608123772222,,,,,,
POST-VALIDATION DIAGNOSTIC — NOT CONFIRMATORY,SESSION,DEVELOPMENT,2024-10-17,30,20489.25,0.0014641824371316667,0.0019522432495088888,0.002440304061886111,0.0019522432495088888,0.002440304061886111,0.0029283648742633333,0.0036604560928291665,0.004880608123772222,,,,,,
POST-VALIDATION DIAGNOSTIC — NOT CONFIRMATORY,SESSION,DEVELOPMENT,2024-10-18,15,20467.625,0.0014657294141357388,0.0019543058855143185,0.002442882356892898,0.0019543058855143185,0.002442882356892898,0.0029314588282714775,0.0036643235353393468,0.004885764713785796,,,,,,
POST-VALIDATION DIAGNOSTIC — NOT CONFIRMATORY,SESSION,DEVELOPMENT,2024-10-18,20,20472.125,0.00146540723056351,0.0019538763074180136,0.002442345384272517,0.0019538763074180136,0.002442345384272517,0.00293081446112702,0.0036635180764087753,0.004884690768545034,,,,,,
POST-VALIDATION DIAGNOSTIC — NOT CONFIRMATORY,SESSION,DEVELOPMENT,2024-10-18,30,20472.125,0.00146540723056351,0.0019538763074180136,0.002442345384272517,0.0019538763074180136,0.002442345384272517,0.00293081446112702,0.0036635180764087753,0.004884690768545034,,,,,,
POST-VALIDATION DIAGNOSTIC — NOT CONFIRMATORY,SESSION,DEVELOPMENT,2024-10-21,15,20455.625,0.0014665892633444345,0.001955452351125913,0.002444315438907391,0.001955452351125913,0.002444315438907391,0.002933178526688869,0.0036664731583610864,0.004888630877814782,,,,,,
POST-VALIDATION DIAGNOSTIC — NOT CONFIRMATORY,SESSION,DEVELOPMENT,2024-10-21,20,20457.875,0.0014664279647812885,0.001955237286375051,0.002444046607968814,0.001955237286375051,0.002444046607968814,0.002932855929562577,0.003666069911953221,0.004888093215937628,,,,,,
POST-VALIDATION DIAGNOSTIC — NOT CONFIRMATORY,SESSION,DEVELOPMENT,2024-10-21,30,20462.875,0.001466069650525647,0.001954759534034196,0.002443449417542745,0.001954759534034196,0.002443449417542745,0.002932139301051294,0.003665174126314118,0.00488689883508549,,,,,,
POST-VALIDATION DIAGNOSTIC — NOT CONFIRMATORY,SESSION,DEVELOPMENT,2024-10-22,15,20413.5,0.001469615695495628,0.0019594875939941705,0.002449359492492713,0.0019594875939941705,0.002449359492492713,0.002939231390991256,0.00367403923873907,0.004898718984985426,,,,,,
POST-VALIDATION DIAGNOSTIC — NOT CONFIRMATORY,SESSION,DEVELOPMENT,2024-10-22,20,20424.125,0.001468851174774929,0.001958468233033239,0.0024480852912915486,0.001958468233033239,0.0024480852912915486,0.002937702349549858,0.0036721279369373227,0.004896170582583097,,,,,,
POST-VALIDATION DIAGNOSTIC — NOT CONFIRMATORY,SESSION,DEVELOPMENT,2024-10-22,30,20424.125,0.001468851174774929,0.001958468233033239,0.0024480852912915486,0.001958468233033239,0.0024480852912915486,0.002937702349549858,0.0036721279369373227,0.004896170582583097,,,,,,
POST-VALIDATION DIAGNOSTIC — NOT CONFIRMATORY,SESSION,DEVELOPMENT,2024-10-23,15,20434.875,0.001468078468794157,0.0019574379583922096,0.0024467974479902618,0.0019574379583922096,0.0024467974479902618,0.002936156937588314,0.0036701961719853926,0.0048935948959805235,,,,,,
POST-VALIDATION DIAGNOSTIC — NOT CONFIRMATORY,SESSION,DEVELOPMENT,2024-10-23,20,20434.875,0.001468078468794157,0.0019574379583922096,0.0024467974479902618,0.0019574379583922096,0.0024467974479902618,0.002936156937588314,0.0036701961719853926,0.0048935948959805235,,,,,,
POST-VALIDATION DIAGNOSTIC — NOT CONFIRMATORY,SESSION,DEVELOPMENT,2024-10-23,30,20434.875,0.001468078468794157,0.0019574379583922096,0.0024467974479902618,0.0019574379583922096,0.0024467974479902618,0.002936156937588314,0.0036701961719853926,0.0048935948959805235,,,,,,
POST-VALIDATION DIAGNOSTIC — NOT CONFIRMATORY,SESSION,DEVELOPMENT,2024-10-24,15,20344.375,0.0014746090749900157,0.001966145433320021,0.002457681791650026,0.001966145433320021,0.002457681791650026,0.0029492181499800314,0.0036865226874750394,0.004915363583300052,,,,,,
POST-VALIDATION DIAGNOSTIC — NOT CONFIRMATORY,SESSION,DEVELOPMENT,2024-10-24,20,20336.375,0.0014751891622769545,0.0019669188830359393,0.002458648603794924,0.0019669188830359393,0.002458648603794924,0.002950378324553909,0.003687972905692386,0.004917297207589848,,,,,,
POST-VALIDATION DIAGNOSTIC — NOT CONFIRMATORY,SESSION,DEVELOPMENT,2024-10-24,30,20336.375,0.0014751891622769545,0.0019669188830359393,0.002458648603794924,0.0019669188830359393,0.002458648603794924,0.002950378324553909,0.003687972905692386,0.004917297207589848,,,,,,
POST-VALIDATION DIAGNOSTIC — NOT CONFIRMATORY,SESSION,DEVELOPMENT,2024-10-25,15,20539.375,0.0014606091957520616,0.0019474789276694156,0.002434348659586769,0.0019474789276694156,0.002434348659586769,0.002921218391504123,0.003651522989380154,0.004868697319173538,,,,,,
POST-VALIDATION DIAGNOSTIC — NOT CONFIRMATORY,SESSION,DEVELOPMENT,2024-10-25,20,20557.5,0.001459321415541773,0.0019457618873890308,0.0024322023592362883,0.0019457618873890308,0.0024322023592362883,0.002918642831083546,0.0036483035388544327,0.004864404718472577,,,,,,
POST-VALIDATION DIAGNOSTIC — NOT CONFIRMATORY,SESSION,DEVELOPMENT,2024-10-25,30,20573.875,0.0014581599236896307,0.0019442132315861743,0.002430266539482718,0.0019442132315861743,0.002430266539482718,0.0029163198473792615,0.0036453998092240768,0.004860533078965436,,,,,,
POST-VALIDATION DIAGNOSTIC — NOT CONFIRMATORY,SESSION,DEVELOPMENT,2024-10-28,15,20591.75,0.0014568941444996176,0.0019425255259994901,0.0024281569074993624,0.0019425255259994901,0.0024281569074993624,0.002913788288999235,0.003642235361249044,0.004856313814998725,,,,,,
POST-VALIDATION DIAGNOSTIC — NOT CONFIRMATORY,SESSION,DEVELOPMENT,2024-10-28,20,20587.625,0.001457186052300836,0.0019429147364011148,0.0024286434205013935,0.0019429147364011148,0.0024286434205013935,0.002914372104601672,0.0036429651307520903,0.004857286841002787,,,,,,
POST-VALIDATION DIAGNOSTIC — NOT CONFIRMATORY,SESSION,DEVELOPMENT,2024-10-28,30,20577.5,0.0014579030494472117,0.0019438707325962824,0.0024298384157453528,0.0019438707325962824,0.0024298384157453528,0.0029158060988944234,0.0036447576236180294,0.0048596768314907056,,,,,,
POST-VALIDATION DIAGNOSTIC — NOT CONFIRMATORY,SESSION,DEVELOPMENT,2024-10-29,15,20479.375,0.0014648884548478652,0.0019531846064638203,0.0024414807580797754,0.0019531846064638203,0.0024414807580797754,0.0029297769096957305,0.003662221137119663,0.004882961516159551,,,,,,
POST-VALIDATION DIAGNOSTIC — NOT CONFIRMATORY,SESSION,DEVELOPMENT,2024-10-29,20,20479.375,0.0014648884548478652,0.0019531846064638203,0.0024414807580797754,0.0019531846064638203,0.0024414807580797754,0.0029297769096957305,0.003662221137119663,0.004882961516159551,,,,,,
POST-VALIDATION DIAGNOSTIC — NOT CONFIRMATORY,SESSION,DEVELOPMENT,2024-10-29,30,20479.375,0.0014648884548478652,0.0019531846064638203,0.0024414807580797754,0.0019531846064638203,0.0024414807580797754,0.0029297769096957305,0.003662221137119663,0.004882961516159551,,,,,,
POST-VALIDATION DIAGNOSTIC — NOT CONFIRMATORY,SESSION,DEVELOPMENT,2024-10-30,15,20606.25,0.0014558689717925387,0.0019411586290567183,0.002426448286320898,0.0019411586290567183,0.002426448286320898,0.0029117379435850774,0.003639672429481347,0.004852896572641796,,,,,,
POST-VALIDATION DIAGNOSTIC — NOT CONFIRMATORY,SESSION,DEVELOPMENT,2024-10-30,20,20606.25,0.0014558689717925387,0.0019411586290567183,0.002426448286320898,0.0019411586290567183,0.002426448286320898,0.0029117379435850774,0.003639672429481347,0.004852896572641796,,,,,,
POST-VALIDATION DIAGNOSTIC — NOT CONFIRMATORY,SESSION,DEVELOPMENT,2024-10-30,30,20606.25,0.0014558689717925387,0.0019411586290567183,0.002426448286320898,0.0019411586290567183,0.002426448286320898,0.0029117379435850774,0.003639672429481347,0.004852896572641796,,,,,,
POST-VALIDATION DIAGNOSTIC — NOT CONFIRMATORY,SESSION,DEVELOPMENT,2024-10-31,15,20310.75,0.0014770503304900114,0.0019694004406533485,0.0024617505508166856,0.0019694004406533485,0.0024617505508166856,0.0029541006609800228,0.0036926258262250287,0.004923501101633371,,,,,,
POST-VALIDATION DIAGNOSTIC — NOT CONFIRMATORY,SESSION,DEVELOPMENT,2024-10-31,20,20271.625,0.0014799010932769327,0.0019732014577025767,0.0024665018221282213,0.0019732014577025767,0.0024665018221282213,0.0029598021865538653,0.0036997527331923317,0.0049330036442564425,,,,,,
POST-VALIDATION DIAGNOSTIC — NOT CONFIRMATORY,SESSION,DEVELOPMENT,2024-10-31,30,20259.625,0.001480777655065185,0.00197437020675358,0.002467962758441975,0.00197437020675358,0.002467962758441975,0.00296155531013037,0.0037019441376629626,0.00493592551688395,,,,,,
POST-VALIDATION DIAGNOSTIC — NOT CONFIRMATORY,SESSION,DEVELOPMENT,2024-11-01,15,20111.0,0.0014917209487345234,0.0019889612649793644,0.002486201581224206,0.0019889612649793644,0.002486201581224206,0.002983441897469047,0.0037293023718363086,0.004972403162448412,,,,,,
POST-VALIDATION DIAGNOSTIC — NOT CONFIRMATORY,SESSION,DEVELOPMENT,2024-11-01,20,20111.0,0.0014917209487345234,0.0019889612649793644,0.002486201581224206,0.0019889612649793644,0.002486201581224206,0.002983441897469047,0.0037293023718363086,0.004972403162448412,,,,,,
POST-VALIDATION DIAGNOSTIC — NOT CONFIRMATORY,SESSION,DEVELOPMENT,2024-11-01,30,20116.375,0.0014913223679713667,0.0019884298239618223,0.002485537279952278,0.0019884298239618223,0.002485537279952278,0.0029826447359427334,0.0037283059199284163,0.004971074559904556,,,,,,
POST-VALIDATION DIAGNOSTIC — NOT CONFIRMATORY,SESSION,DEVELOPMENT,2024-11-04,15,20077.625,0.0014942006337901022,0.001992267511720136,0.00249033438965017,0.001992267511720136,0.00249033438965017,0.0029884012675802044,0.0037355015844752555,0.00498066877930034,,,,,,
POST-VALIDATION DIAGNOSTIC — NOT CONFIRMATORY,SESSION,DEVELOPMENT,2024-11-04,20,20077.625,0.0014942006337901022,0.001992267511720136,0.00249033438965017,0.001992267511720136,0.00249033438965017,0.0029884012675802044,0.0037355015844752555,0.00498066877930034,,,,,,
POST-VALIDATION DIAGNOSTIC — NOT CONFIRMATORY,SESSION,DEVELOPMENT,2024-11-04,30,20077.625,0.0014942006337901022,0.001992267511720136,0.00249033438965017,0.001992267511720136,0.00249033438965017,0.0029884012675802044,0.0037355015844752555,0.00498066877930034,,,,,,
POST-VALIDATION DIAGNOSTIC — NOT CONFIRMATORY,SESSION,DEVELOPMENT,2024-11-05,15,20195.0,0.0014855162168853676,0.0019806882891804903,0.0024758603614756128,0.0019806882891804903,0.0024758603614756128,0.0029710324337707352,0.0037137905422134194,0.0049517207229512255,,,,,,
POST-VALIDATION DIAGNOSTIC — NOT CONFIRMATORY,SESSION,DEVELOPMENT,2024-11-05,20,20200.25,0.001485130134528038,0.0019801735127040507,0.0024752168908800634,0.0019801735127040507,0.0024752168908800634,0.002970260269056076,0.003712825336320095,0.004950433781760127,,,,,,
POST-VALIDATION DIAGNOSTIC — NOT CONFIRMATORY,SESSION,DEVELOPMENT,2024-11-05,30,20223.25,0.0014834410888457591,0.0019779214517943455,0.002472401814742932,0.0019779214517943455,0.002472401814742932,0.0029668821776915183,0.003708602722114398,0.004944803629485864,,,,,,
POST-VALIDATION DIAGNOSTIC — NOT CONFIRMATORY,SESSION,DEVELOPMENT,2024-11-06,15,20737.5,0.0014466546112115732,0.0019288728149487644,0.0024110910186859553,0.0019288728149487644,0.0024110910186859553,0.0028933092224231465,0.003616636528028933,0.004822182037371911,,,,,,
POST-VALIDATION DIAGNOSTIC — NOT CONFIRMATORY,SESSION,DEVELOPMENT,2024-11-06,20,20734.375,0.0014468726450640543,0.0019291635267520723,0.0024114544084400903,0.0019291635267520723,0.0024114544084400903,0.0028937452901281087,0.003617181612660136,0.004822908816880181,,,,,,
POST-VALIDATION DIAGNOSTIC — NOT CONFIRMATORY,SESSION,DEVELOPMENT,2024-11-06,30,20725.125,0.0014475184106247851,0.0019300245474997136,0.002412530684374642,0.0019300245474997136,0.002412530684374642,0.0028950368212495702,0.0036187960265619628,0.004825061368749284,,,,,,
POST-VALIDATION DIAGNOSTIC — NOT CONFIRMATORY,SESSION,DEVELOPMENT,2024-11-07,15,21047.625,0.0014253389634222389,0.0019004519512296517,0.002375564939037065,0.0019004519512296517,0.002375564939037065,0.0028506779268444777,0.003563347408555597,0.00475112987807413,,,,,,
POST-VALIDATION DIAGNOSTIC — NOT CONFIRMATORY,SESSION,DEVELOPMENT,2024-11-07,20,21047.625,0.0014253389634222389,0.0019004519512296517,0.002375564939037065,0.0019004519512296517,0.002375564939037065,0.0028506779268444777,0.003563347408555597,0.00475112987807413,,,,,,
POST-VALIDATION DIAGNOSTIC — NOT CONFIRMATORY,SESSION,DEVELOPMENT,2024-11-07,30,21057.25,0.0014246874591886405,0.0018995832789181874,0.002374479098647734,0.0018995832789181874,0.002374479098647734,0.002849374918377281,0.003561718647971601,0.004748958197295468,,,,,,
POST-VALIDATION DIAGNOSTIC — NOT CONFIRMATORY,SESSION,DEVELOPMENT,2024-11-08,15,21209.125,0.0014144855103640532,0.0018859806804854043,0.0023574758506067555,0.0018859806804854043,0.0023574758506067555,0.0028289710207281063,0.003536213775910133,0.004714951701213511,,,,,,
POST-VALIDATION DIAGNOSTIC — NOT CONFIRMATORY,SESSION,DEVELOPMENT,2024-11-08,20,21204.125,0.0014148190505385155,0.0018864254007180206,0.002358031750897526,0.0018864254007180206,0.002358031750897526,0.002829638101077031,0.003537047626346289,0.004716063501795052,,,,,,
POST-VALIDATION DIAGNOSTIC — NOT CONFIRMATORY,SESSION,DEVELOPMENT,2024-11-08,30,21204.125,0.0014148190505385155,0.0018864254007180206,0.002358031750897526,0.0018864254007180206,0.002358031750897526,0.002829638101077031,0.003537047626346289,0.004716063501795052,,,,,,
POST-VALIDATION DIAGNOSTIC — NOT CONFIRMATORY,SESSION,DEVELOPMENT,2024-11-11,15,21249.375,0.001411806229594988,0.0018824083061266508,0.0023530103826583135,0.0018824083061266508,0.0023530103826583135,0.002823612459189976,0.0035295155739874704,0.004706020765316627,,,,,,
POST-VALIDATION DIAGNOSTIC — NOT CONFIRMATORY,SESSION,DEVELOPMENT,2024-11-11,20,21241.5,0.0014123296377374478,0.0018831061836499306,0.0023538827295624134,0.0018831061836499306,0.0023538827295624134,0.0028246592754748957,0.00353082409434362,0.004707765459124827,,,,,,
POST-VALIDATION DIAGNOSTIC — NOT CONFIRMATORY,SESSION,DEVELOPMENT,2024-11-11,30,21227.5,0.0014132610999882229,0.0018843481333176305,0.002355435166647038,0.0018843481333176305,0.002355435166647038,0.0028265221999764457,0.003533152749970557,0.004710870333294076,,,,,,
POST-VALIDATION DIAGNOSTIC — NOT CONFIRMATORY,SESSION,DEVELOPMENT,2024-11-12,15,21211.375,0.00141433546858702,0.0018857806247826933,0.0023572257809783667,0.0018857806247826933,0.0023572257809783667,0.00282867093717404,0.00353583867146755,0.0047144515619567335,,,,,,
POST-VALIDATION DIAGNOSTIC — NOT CONFIRMATORY,SESSION,DEVELOPMENT,2024-11-12,20,21211.375,0.00141433546858702,0.0018857806247826933,0.0023572257809783667,0.0018857806247826933,0.0023572257809783667,0.00282867093717404,0.00353583867146755,0.0047144515619567335,,,,,,
POST-VALIDATION DIAGNOSTIC — NOT CONFIRMATORY,SESSION,DEVELOPMENT,2024-11-12,30,21216.875,0.001413968833770289,0.0018852917783603854,0.0023566147229504815,0.0018852917783603854,0.0023566147229504815,0.002827937667540578,0.0035349220844257223,0.004713229445900963,,,,,,
POST-VALIDATION DIAGNOSTIC — NOT CONFIRMATORY,SESSION,DEVELOPMENT,2024-11-13,15,21161.875,0.0014176437579373282,0.001890191677249771,0.0023627395965622137,0.001890191677249771,0.0023627395965622137,0.0028352875158746565,0.003544109394843321,0.004725479193124427,,,,,,
POST-VALIDATION DIAGNOSTIC — NOT CONFIRMATORY,SESSION,DEVELOPMENT,2024-11-13,20,21156.25,0.0014180206794682422,0.0018906942392909896,0.002363367799113737,0.0018906942392909896,0.002363367799113737,0.0028360413589364844,0.0035450516986706058,0.004726735598227474,,,,,,
POST-VALIDATION DIAGNOSTIC — NOT CONFIRMATORY,SESSION,DEVELOPMENT,2024-11-13,30,21153.25,0.0014182217862503397,0.0018909623816671197,0.0023637029770838995,0.0018909623816671197,0.0023637029770838995,0.0028364435725006794,0.0035455544656258493,0.004727405954167799,,,,,,
POST-VALIDATION DIAGNOSTIC — NOT CONFIRMATORY,SESSION,DEVELOPMENT,2024-11-14,15,21126.625,0.0014200091117251336,0.0018933454823001781,0.0023666818528752225,0.0018933454823001781,0.0023666818528752225,0.002840018223450267,0.0035500227793128338,0.004733363705750445,,,,,,
POST-VALIDATION DIAGNOSTIC — NOT CONFIRMATORY,SESSION,DEVELOPMENT,2024-11-14,20,21119.375,0.0014204965819300996,0.0018939954425734663,0.002367494303216833,0.0018939954425734663,0.002367494303216833,0.0028409931638601993,0.003551241454825249,0.004734988606433666,,,,,,
POST-VALIDATION DIAGNOSTIC — NOT CONFIRMATORY,SESSION,DEVELOPMENT,2024-11-14,30,21119.375,0.0014204965819300996,0.0018939954425734663,0.002367494303216833,0.0018939954425734663,0.002367494303216833,0.0028409931638601993,0.003551241454825249,0.004734988606433666,,,,,,
POST-VALIDATION DIAGNOSTIC — NOT CONFIRMATORY,SESSION,DEVELOPMENT,2024-11-15,15,20730.5,0.0014471430983333735,0.0019295241311111646,0.002411905163888956,0.0019295241311111646,0.002411905163888956,0.002894286196666747,0.003617857745833434,0.004823810327777912,,,,,,
POST-VALIDATION DIAGNOSTIC — NOT CONFIRMATORY,SESSION,DEVELOPMENT,2024-11-15,20,20730.5,0.0014471430983333735,0.0019295241311111646,0.002411905163888956,0.0019295241311111646,0.002411905163888956,0.002894286196666747,0.003617857745833434,0.004823810327777912,,,,,,
POST-VALIDATION DIAGNOSTIC — NOT CONFIRMATORY,SESSION,DEVELOPMENT,2024-11-15,30,20726.625,0.0014474136527292793,0.0019298848703057057,0.002412356087882132,0.0019298848703057057,0.002412356087882132,0.0028948273054585586,0.0036185341318231983,0.004824712175764264,,,,,,
POST-VALIDATION DIAGNOSTIC — NOT CONFIRMATORY,SESSION,DEVELOPMENT,2024-11-18,15,20545.875,0.0014601471098213145,0.001946862813095086,0.0024335785163688574,0.001946862813095086,0.0024335785163688574,0.002920294219642629,0.0036503677745532864,0.004867157032737715,,,,,,
POST-VALIDATION DIAGNOSTIC — NOT CONFIRMATORY,SESSION,DEVELOPMENT,2024-11-18,20,20541.0,0.0014604936468526361,0.0019473248624701815,0.002434156078087727,0.0019473248624701815,0.002434156078087727,0.0029209872937052722,0.0036512341171315906,0.004868312156175454,,,,,,
POST-VALIDATION DIAGNOSTIC — NOT CONFIRMATORY,SESSION,DEVELOPMENT,2024-11-18,30,20536.0,0.001460849240358395,0.0019477989871445266,0.0024347487339306585,0.0019477989871445266,0.0024347487339306585,0.00292169848071679,0.0036521231008959875,0.004869497467861317,,,,,,
POST-VALIDATION DIAGNOSTIC — NOT CONFIRMATORY,SESSION,DEVELOPMENT,2024-11-19,15,20547.75,0.0014600138701317664,0.0019466851601756883,0.0024333564502196105,0.0019466851601756883,0.0024333564502196105,0.0029200277402635327,0.0036500346753294156,0.004866712900439221,,,,,,
POST-VALIDATION DIAGNOSTIC — NOT CONFIRMATORY,SESSION,DEVELOPMENT,2024-11-19,20,20547.75,0.0014600138701317664,0.0019466851601756883,0.0024333564502196105,0.0019466851601756883,0.0024333564502196105,0.0029200277402635327,0.0036500346753294156,0.004866712900439221,,,,,,
POST-VALIDATION DIAGNOSTIC — NOT CONFIRMATORY,SESSION,DEVELOPMENT,2024-11-19,30,20547.75,0.0014600138701317664,0.0019466851601756883,0.0024333564502196105,0.0019466851601756883,0.0024333564502196105,0.0029200277402635327,0.0036500346753294156,0.004866712900439221,,,,,,
POST-VALIDATION DIAGNOSTIC — NOT CONFIRMATORY,SESSION,DEVELOPMENT,2024-11-20,15,20696.125,0.001449546714662769,0.001932728952883692,0.002415911191104615,0.001932728952883692,0.002415911191104615,0.002899093429325538,0.0036238667866569227,0.00483182238220923,,,,,,
POST-VALIDATION DIAGNOSTIC — NOT CONFIRMATORY,SESSION,DEVELOPMENT,2024-11-20,20,20696.125,0.001449546714662769,0.001932728952883692,0.002415911191104615,0.001932728952883692,0.002415911191104615,0.002899093429325538,0.0036238667866569227,0.00483182238220923,,,,,,
POST-VALIDATION DIAGNOSTIC — NOT CONFIRMATORY,SESSION,DEVELOPMENT,2024-11-20,30,20684.375,0.001450370146547817,0.001933826862063756,0.0024172835775796947,0.001933826862063756,0.0024172835775796947,0.002900740293095634,0.0036259253663695422,0.004834567155159389,,,,,,
POST-VALIDATION DIAGNOSTIC — NOT CONFIRMATORY,SESSION,DEVELOPMENT,2024-11-21,15,20767.625,0.0014445561300341276,0.0019260748400455035,0.0024075935500568794,0.0019260748400455035,0.0024075935500568794,0.0028891122600682552,0.0036113903250853193,0.004815187100113759,,,,,,
POST-VALIDATION DIAGNOSTIC — NOT CONFIRMATORY,SESSION,DEVELOPMENT,2024-11-21,20,20767.625,0.0014445561300341276,0.0019260748400455035,0.0024075935500568794,0.0019260748400455035,0.0024075935500568794,0.0028891122600682552,0.0036113903250853193,0.004815187100113759,,,,,,
POST-VALIDATION DIAGNOSTIC — NOT CONFIRMATORY,SESSION,DEVELOPMENT,2024-11-21,30,20767.625,0.0014445561300341276,0.0019260748400455035,0.0024075935500568794,0.0019260748400455035,0.0024075935500568794,0.0028891122600682552,0.0036113903250853193,0.004815187100113759,,,,,,
POST-VALIDATION DIAGNOSTIC — NOT CONFIRMATORY,SESSION,DEVELOPMENT,2024-11-22,15,20815.125,0.0014412596609436647,0.0019216795479248864,0.002402099434906108,0.0019216795479248864,0.002402099434906108,0.0028825193218873293,0.003603149152359162,0.004804198869812216,,,,,,
POST-VALIDATION DIAGNOSTIC — NOT CONFIRMATORY,SESSION,DEVELOPMENT,2024-11-22,20,20823.25,0.001440697297491986,0.001920929729989315,0.0024011621624866436,0.001920929729989315,0.0024011621624866436,0.002881394594983972,0.003601743243729965,0.004802324324973287,,,,,,
POST-VALIDATION DIAGNOSTIC — NOT CONFIRMATORY,SESSION,DEVELOPMENT,2024-11-22,30,20823.25,0.001440697297491986,0.001920929729989315,0.0024011621624866436,0.001920929729989315,0.0024011621624866436,0.002881394594983972,0.003601743243729965,0.004802324324973287,,,,,,
POST-VALIDATION DIAGNOSTIC — NOT CONFIRMATORY,SESSION,DEVELOPMENT,2024-11-25,15,21018.75,0.0014272970561998216,0.0019030627415997621,0.0023788284269997025,0.0019030627415997621,0.0023788284269997025,0.002854594112399643,0.003568242640499554,0.004757656853999405,,,,,,
POST-VALIDATION DIAGNOSTIC — NOT CONFIRMATORY,SESSION,DEVELOPMENT,2024-11-25,20,21018.75,0.0014272970561998216,0.0019030627415997621,0.0023788284269997025,0.0019030627415997621,0.0023788284269997025,0.002854594112399643,0.003568242640499554,0.004757656853999405,,,,,,
POST-VALIDATION DIAGNOSTIC — NOT CONFIRMATORY,SESSION,DEVELOPMENT,2024-11-25,30,20999.625,0.0014285969392310578,0.0019047959189747437,0.0023809948987184295,0.0019047959189747437,0.0023809948987184295,0.0028571938784621156,0.0035714923480776443,0.004761989797436859,,,,,,
POST-VALIDATION DIAGNOSTIC — NOT CONFIRMATORY,SESSION,DEVELOPMENT,2024-11-26,15,20970.75,0.0014305639998569437,0.0019074186664759247,0.002384273333094906,0.0019074186664759247,0.002384273333094906,0.0028611279997138874,0.003576409999642359,0.004768546666189812,,,,,,
POST-VALIDATION DIAGNOSTIC — NOT CONFIRMATORY,SESSION,DEVELOPMENT,2024-11-26,20,20977.625,0.0014300951609154992,0.0019067935478873322,0.0023834919348591655,0.0019067935478873322,0.0023834919348591655,0.0028601903218309984,0.0035752379022887483,0.004766983869718331,,,,,,
POST-VALIDATION DIAGNOSTIC — NOT CONFIRMATORY,SESSION,DEVELOPMENT,2024-11-26,30,20981.75,0.0014298140050281792,0.0019064186733709057,0.002383023341713632,0.0019064186733709057,0.002383023341713632,0.0028596280100563584,0.003574535012570448,0.004766046683427264,,,,,,
POST-VALIDATION DIAGNOSTIC — NOT CONFIRMATORY,SESSION,DEVELOPMENT,2024-11-27,15,20896.25,0.0014356642938326255,0.0019142190584435007,0.002392773823054376,0.0019142190584435007,0.002392773823054376,0.002871328587665251,0.0035891607345815636,0.004785547646108752,,,,,,
POST-VALIDATION DIAGNOSTIC — NOT CONFIRMATORY,SESSION,DEVELOPMENT,2024-11-27,20,20896.25,0.0014356642938326255,0.0019142190584435007,0.002392773823054376,0.0019142190584435007,0.002392773823054376,0.002871328587665251,0.0035891607345815636,0.004785547646108752,,,,,,
POST-VALIDATION DIAGNOSTIC — NOT CONFIRMATORY,SESSION,DEVELOPMENT,2024-11-27,30,20889.5,0.0014361281983771752,0.0019148375978362336,0.002393546997295292,0.0019148375978362336,0.002393546997295292,0.0028722563967543504,0.003590320495942938,0.004787093994590584,,,,,,
POST-VALIDATION DIAGNOSTIC — NOT CONFIRMATORY,SESSION,DEVELOPMENT,2024-11-28,15,20883.125,0.001436566605812109,0.001915422141082812,0.002394277676353515,0.001915422141082812,0.002394277676353515,0.002873133211624218,0.0035914165145302726,0.00478855535270703,,,,,,
POST-VALIDATION DIAGNOSTIC — NOT CONFIRMATORY,SESSION,DEVELOPMENT,2024-11-28,20,20883.125,0.001436566605812109,0.001915422141082812,0.002394277676353515,0.001915422141082812,0.002394277676353515,0.002873133211624218,0.0035914165145302726,0.00478855535270703,,,,,,
POST-VALIDATION DIAGNOSTIC — NOT CONFIRMATORY,SESSION,DEVELOPMENT,2024-11-28,30,20885.0,0.0014364376346660283,0.0019152501795547043,0.0023940627244433805,0.0019152501795547043,0.0023940627244433805,0.0028728752693320567,0.0035910940866650705,0.004788125448886761,,,,,,
POST-VALIDATION DIAGNOSTIC — NOT CONFIRMATORY,SESSION,DEVELOPMENT,2024-11-29,15,20840.625,0.0014394961763382816,0.0019193282351177088,0.002399160293897136,0.0019193282351177088,0.002399160293897136,0.0028789923526765632,0.003598740440845704,0.004798320587794272,,,,,,
POST-VALIDATION DIAGNOSTIC — NOT CONFIRMATORY,SESSION,DEVELOPMENT,2024-11-29,20,20845.0,0.0014391940513312545,0.001918925401775006,0.0023986567522187576,0.001918925401775006,0.0023986567522187576,0.002878388102662509,0.003597985128328136,0.004797313504437515,,,,,,
POST-VALIDATION DIAGNOSTIC — NOT CONFIRMATORY,SESSION,DEVELOPMENT,2024-11-29,30,20862.375,0.0014379954343644958,0.001917327245819328,0.00239665905727416,0.001917327245819328,0.00239665905727416,0.0028759908687289917,0.0035949885859112396,0.00479331811454832,,,,,,
POST-VALIDATION DIAGNOSTIC — NOT CONFIRMATORY,SESSION,DEVELOPMENT,2024-12-02,15,21083.0,0.00142294739837784,0.00189726319783712,0.0023715789972964,0.00189726319783712,0.0023715789972964,0.00284589479675568,0.0035573684959446,0.0047431579945928,,,,,,
POST-VALIDATION DIAGNOSTIC — NOT CONFIRMATORY,SESSION,DEVELOPMENT,2024-12-02,20,21088.0,0.0014226100151745068,0.0018968133535660092,0.0023710166919575114,0.0018968133535660092,0.0023710166919575114,0.0028452200303490135,0.003556525037936267,0.004742033383915023,,,,,,
POST-VALIDATION DIAGNOSTIC — NOT CONFIRMATORY,SESSION,DEVELOPMENT,2024-12-02,30,21098.5,0.0014219020309500674,0.00189586937460009,0.0023698367182501128,0.00189586937460009,0.0023698367182501128,0.002843804061900135,0.003554755077375169,0.0047396734365002255,,,,,,
POST-VALIDATION DIAGNOSTIC — NOT CONFIRMATORY,SESSION,DEVELOPMENT,2024-12-03,15,21169.0,0.0014171666115546317,0.0018895554820728424,0.002361944352591053,0.0018895554820728424,0.002361944352591053,0.0028343332231092633,0.0035429165288865796,0.004723888705182106,,,,,,
POST-VALIDATION DIAGNOSTIC — NOT CONFIRMATORY,SESSION,DEVELOPMENT,2024-12-03,20,21170.75,0.0014170494668351381,0.0018893992891135176,0.002361749111391897,0.0018893992891135176,0.002361749111391897,0.0028340989336702762,0.0035426236670878454,0.004723498222783794,,,,,,
POST-VALIDATION DIAGNOSTIC — NOT CONFIRMATORY,SESSION,DEVELOPMENT,2024-12-03,30,21172.25,0.0014169490724887529,0.001889265429985004,0.002361581787481255,0.001889265429985004,0.002361581787481255,0.0028338981449775058,0.0035423726812218825,0.00472316357496251,,,,,,
POST-VALIDATION DIAGNOSTIC — NOT CONFIRMATORY,SESSION,DEVELOPMENT,2024-12-04,15,21412.625,0.0014010426092083525,0.0018680568122778035,0.002335071015347254,0.0018680568122778035,0.002335071015347254,0.002802085218416705,0.0035026065230208815,0.004670142030694508,,,,,,
POST-VALIDATION DIAGNOSTIC — NOT CONFIRMATORY,SESSION,DEVELOPMENT,2024-12-04,20,21412.625,0.0014010426092083525,0.0018680568122778035,0.002335071015347254,0.0018680568122778035,0.002335071015347254,0.002802085218416705,0.0035026065230208815,0.004670142030694508,,,,,,
POST-VALIDATION DIAGNOSTIC — NOT CONFIRMATORY,SESSION,DEVELOPMENT,2024-12-04,30,21415.125,0.001400879051604882,0.001867838735473176,0.0023347984193414703,0.001867838735473176,0.0023347984193414703,0.002801758103209764,0.003502197629012205,0.004669596838682941,,,,,,
POST-VALIDATION DIAGNOSTIC — NOT CONFIRMATORY,SESSION,DEVELOPMENT,2024-12-05,15,21535.25,0.00139306485877805,0.0018574198117040665,0.002321774764630083,0.0018574198117040665,0.002321774764630083,0.0027861297175561,0.003482662146945125,0.004643549529260166,,,,,,
POST-VALIDATION DIAGNOSTIC — NOT CONFIRMATORY,SESSION,DEVELOPMENT,2024-12-05,20,21533.5,0.0013931780713771565,0.0018575707618362087,0.002321963452295261,0.0018575707618362087,0.002321963452295261,0.002786356142754313,0.0034829451784428914,0.004643926904590522,,,,,,
POST-VALIDATION DIAGNOSTIC — NOT CONFIRMATORY,SESSION,DEVELOPMENT,2024-12-05,30,21524.875,0.0013937363167033491,0.0018583150889377987,0.0023228938611722484,0.0018583150889377987,0.0023228938611722484,0.0027874726334066982,0.0034843407917583727,0.004645787722344497,,,,,,
POST-VALIDATION DIAGNOSTIC — NOT CONFIRMATORY,SESSION,DEVELOPMENT,2024-12-06,15,21520.0,0.0013940520446096654,0.0018587360594795538,0.0023234200743494425,0.0018587360594795538,0.0023234200743494425,0.0027881040892193307,0.0034851301115241635,0.004646840148698885,,,,,,
POST-VALIDATION DIAGNOSTIC — NOT CONFIRMATORY,SESSION,DEVELOPMENT,2024-12-06,20,21540.875,0.0013927010857265546,0.0018569347809687397,0.0023211684762109246,0.0018569347809687397,0.0023211684762109246,0.0027854021714531093,0.0034817527143163867,0.004642336952421849,,,,,,
POST-VALIDATION DIAGNOSTIC — NOT CONFIRMATORY,SESSION,DEVELOPMENT,2024-12-06,30,21549.75,0.0013921275188807296,0.0018561700251743059,0.0023202125314678826,0.0018561700251743059,0.0023202125314678826,0.002784255037761459,0.0034803187972018237,0.004640425062935765,,,,,,
POST-VALIDATION DIAGNOSTIC — NOT CONFIRMATORY,SESSION,DEVELOPMENT,2024-12-09,15,21612.5,0.0013880855986119144,0.0018507807981492192,0.002313475997686524,0.0018507807981492192,0.002313475997686524,0.002776171197223829,0.003470213996529786,0.004626951995373048,,,,,,
POST-VALIDATION DIAGNOSTIC — NOT CONFIRMATORY,SESSION,DEVELOPMENT,2024-12-09,20,21615.125,0.0013879170256938138,0.0018505560342584185,0.0023131950428230234,0.0018505560342584185,0.0023131950428230234,0.0027758340513876277,0.0034697925642345347,0.004626390085646047,,,,,,
POST-VALIDATION DIAGNOSTIC — NOT CONFIRMATORY,SESSION,DEVELOPMENT,2024-12-09,30,21615.875,0.001387868869522978,0.0018504918260306372,0.0023131147825382965,0.0018504918260306372,0.0023131147825382965,0.002775737739045956,0.0034696721738074446,0.004626229565076593,,,,,,
POST-VALIDATION DIAGNOSTIC — NOT CONFIRMATORY,SESSION,DEVELOPMENT,2024-12-10,15,21540.875,0.0013927010857265546,0.0018569347809687397,0.0023211684762109246,0.0018569347809687397,0.0023211684762109246,0.0027854021714531093,0.0034817527143163867,0.004642336952421849,,,,,,
POST-VALIDATION DIAGNOSTIC — NOT CONFIRMATORY,SESSION,DEVELOPMENT,2024-12-10,20,21547.5,0.0013922728854855553,0.0018563638473140735,0.002320454809142592,0.0018563638473140735,0.002320454809142592,0.0027845457709711106,0.003480682213713888,0.004640909618285184,,,,,,
POST-VALIDATION DIAGNOSTIC — NOT CONFIRMATORY,SESSION,DEVELOPMENT,2024-12-10,30,21547.5,0.0013922728854855553,0.0018563638473140735,0.002320454809142592,0.0018563638473140735,0.002320454809142592,0.0027845457709711106,0.003480682213713888,0.004640909618285184,,,,,,
POST-VALIDATION DIAGNOSTIC — NOT CONFIRMATORY,SESSION,DEVELOPMENT,2024-12-11,15,21606.25,0.0013884871275672548,0.0018513161700896732,0.0023141452126120912,0.0018513161700896732,0.0023141452126120912,0.0027769742551345096,0.0034712178189181373,0.0046282904252241824,,,,,,
POST-VALIDATION DIAGNOSTIC — NOT CONFIRMATORY,SESSION,DEVELOPMENT,2024-12-11,20,21625.375,0.0013872591804766391,0.0018496789073021854,0.002312098634127732,0.0018496789073021854,0.002312098634127732,0.0027745183609532782,0.0034681479511915977,0.004624197268255464,,,,,,
POST-VALIDATION DIAGNOSTIC — NOT CONFIRMATORY,SESSION,DEVELOPMENT,2024-12-11,30,21635.0,0.0013866420152530623,0.0018488560203374163,0.0023110700254217703,0.0018488560203374163,0.0023110700254217703,0.0027732840305061245,0.0034666050381326552,0.004622140050843541,,,,,,
POST-VALIDATION DIAGNOSTIC — NOT CONFIRMATORY,SESSION,DEVELOPMENT,2024-12-12,15,21676.125,0.001384011210490805,0.0018453482806544065,0.0023066853508180085,0.0018453482806544065,0.0023066853508180085,0.00276802242098161,0.0034600280262270123,0.004613370701636017,,,,,,
POST-VALIDATION DIAGNOSTIC — NOT CONFIRMATORY,SESSION,DEVELOPMENT,2024-12-12,20,21676.125,0.001384011210490805,0.0018453482806544065,0.0023066853508180085,0.0018453482806544065,0.0023066853508180085,0.00276802242098161,0.0034600280262270123,0.004613370701636017,,,,,,
POST-VALIDATION DIAGNOSTIC — NOT CONFIRMATORY,SESSION,DEVELOPMENT,2024-12-12,30,21676.125,0.001384011210490805,0.0018453482806544065,0.0023066853508180085,0.0018453482806544065,0.0023066853508180085,0.00276802242098161,0.0034600280262270123,0.004613370701636017,,,,,,
POST-VALIDATION DIAGNOSTIC — NOT CONFIRMATORY,SESSION,DEVELOPMENT,2024-12-13,15,21842.625,0.0013734612941439044,0.0018312817255252058,0.002289102156906507,0.0018312817255252058,0.002289102156906507,0.002746922588287809,0.003433653235359761,0.004578204313813014,,,,,,
POST-VALIDATION DIAGNOSTIC — NOT CONFIRMATORY,SESSION,DEVELOPMENT,2024-12-13,20,21849.125,0.0013730526966182857,0.0018307369288243808,0.002288421161030476,0.0018307369288243808,0.002288421161030476,0.0027461053932365713,0.003432631741545714,0.004576842322060952,,,,,,
POST-VALIDATION DIAGNOSTIC — NOT CONFIRMATORY,SESSION,DEVELOPMENT,2024-12-13,30,21849.125,0.0013730526966182857,0.0018307369288243808,0.002288421161030476,0.0018307369288243808,0.002288421161030476,0.0027461053932365713,0.003432631741545714,0.004576842322060952,,,,,,
POST-VALIDATION DIAGNOSTIC — NOT CONFIRMATORY,SESSION,DEVELOPMENT,2024-12-20,15,21246.75,0.0014119806558650146,0.0018826408744866863,0.0023533010931083577,0.0018826408744866863,0.0023533010931083577,0.002823961311730029,0.003529951639662537,0.0047066021862167155,,,,,,
POST-VALIDATION DIAGNOSTIC — NOT CONFIRMATORY,SESSION,DEVELOPMENT,2024-12-20,20,21246.75,0.0014119806558650146,0.0018826408744866863,0.0023533010931083577,0.0018826408744866863,0.0023533010931083577,0.002823961311730029,0.003529951639662537,0.0047066021862167155,,,,,,
POST-VALIDATION DIAGNOSTIC — NOT CONFIRMATORY,SESSION,DEVELOPMENT,2024-12-20,30,21234.75,0.0014127785822766927,0.0018837047763689235,0.0023546309704611545,0.0018837047763689235,0.0023546309704611545,0.0028255571645533855,0.0035319464556917315,0.004709261940922309,,,,,,
POST-VALIDATION DIAGNOSTIC — NOT CONFIRMATORY,SESSION,DEVELOPMENT,2024-12-23,15,21640.5,0.0013862895958965827,0.0018483861278621105,0.002310482659827638,0.0018483861278621105,0.002310482659827638,0.0027725791917931654,0.003465723989741457,0.004620965319655276,,,,,,
POST-VALIDATION DIAGNOSTIC — NOT CONFIRMATORY,SESSION,DEVELOPMENT,2024-12-23,20,21624.125,0.0013873393721133226,0.00184978582948443,0.0023122322868555376,0.00184978582948443,0.0023122322868555376,0.002774678744226645,0.0034683484302833064,0.004624464573711075,,,,,,
POST-VALIDATION DIAGNOSTIC — NOT CONFIRMATORY,SESSION,DEVELOPMENT,2024-12-23,30,21614.0,0.0013879892662163414,0.0018506523549551217,0.002313315443693902,0.0018506523549551217,0.002313315443693902,0.0027759785324326827,0.003469973165540853,0.004626630887387804,,,,,,
POST-VALIDATION DIAGNOSTIC — NOT CONFIRMATORY,SESSION,DEVELOPMENT,2024-12-24,15,21837.0,0.0013738150844896278,0.0018317534459861703,0.002289691807482713,0.0018317534459861703,0.002289691807482713,0.0027476301689792555,0.0034345377112240693,0.004579383614965426,,,,,,
POST-VALIDATION DIAGNOSTIC — NOT CONFIRMATORY,SESSION,DEVELOPMENT,2024-12-24,20,21842.25,0.0013734848744978195,0.0018313131659970928,0.002289141457496366,0.0018313131659970928,0.002289141457496366,0.002746969748995639,0.003433712186244549,0.004578282914992732,,,,,,
POST-VALIDATION DIAGNOSTIC — NOT CONFIRMATORY,SESSION,DEVELOPMENT,2024-12-24,30,21853.375,0.0013727856681176249,0.0018303808908234998,0.002287976113529375,0.0018303808908234998,0.002287976113529375,0.0027455713362352497,0.0034319641702940623,0.00457595222705875,,,,,,
POST-VALIDATION DIAGNOSTIC — NOT CONFIRMATORY,SESSION,DEVELOPMENT,2024-12-26,15,21981.875,0.0013647607403827016,0.0018196809871769356,0.0022746012339711695,0.0018196809871769356,0.0022746012339711695,0.002729521480765403,0.003411901850956754,0.004549202467942339,,,,,,
POST-VALIDATION DIAGNOSTIC — NOT CONFIRMATORY,SESSION,DEVELOPMENT,2024-12-26,20,21978.75,0.001364954785872718,0.0018199397144969573,0.0022749246431211967,0.0018199397144969573,0.0022749246431211967,0.002729909571745436,0.003412386964681795,0.004549849286242393,,,,,,
POST-VALIDATION DIAGNOSTIC — NOT CONFIRMATORY,SESSION,DEVELOPMENT,2024-12-26,30,21939.5,0.001367396704573942,0.0018231956060985894,0.0022789945076232367,0.0018231956060985894,0.0022789945076232367,0.002734793409147884,0.003418491761434855,0.0045579890152464735,,,,,,
POST-VALIDATION DIAGNOSTIC — NOT CONFIRMATORY,SESSION,DEVELOPMENT,2024-12-27,15,21772.5,0.0013778849466069584,0.0018371799288092777,0.002296474911011597,0.0018371799288092777,0.002296474911011597,0.002755769893213917,0.003444712366517396,0.004592949822023194,,,,,,
POST-VALIDATION DIAGNOSTIC — NOT CONFIRMATORY,SESSION,DEVELOPMENT,2024-12-27,20,21769.375,0.0013780827423846573,0.0018374436565128764,0.0022968045706410955,0.0018374436565128764,0.0022968045706410955,0.0027561654847693146,0.0034452068559616433,0.004593609141282191,,,,,,
POST-VALIDATION DIAGNOSTIC — NOT CONFIRMATORY,SESSION,DEVELOPMENT,2024-12-27,30,21769.375,0.0013780827423846573,0.0018374436565128764,0.0022968045706410955,0.0018374436565128764,0.0022968045706410955,0.0027561654847693146,0.0034452068559616433,0.004593609141282191,,,,,,
POST-VALIDATION DIAGNOSTIC — NOT CONFIRMATORY,SESSION,DEVELOPMENT,2024-12-30,15,21363.25,0.0014042807157150713,0.0018723742876200953,0.002340467859525119,0.0018723742876200953,0.002340467859525119,0.0028085614314301427,0.003510701789287679,0.004680935719050238,,,,,,
POST-VALIDATION DIAGNOSTIC — NOT CONFIRMATORY,SESSION,DEVELOPMENT,2024-12-30,20,21356.5,0.0014047245569264626,0.0018729660759019503,0.0023412075948774378,0.0018729660759019503,0.0023412075948774378,0.0028094491138529252,0.0035118113923161567,0.0046824151897548755,,,,,,
POST-VALIDATION DIAGNOSTIC — NOT CONFIRMATORY,SESSION,DEVELOPMENT,2024-12-30,30,21349.5,0.0014051851331412914,0.0018735801775217218,0.002341975221902152,0.0018735801775217218,0.002341975221902152,0.0028103702662825828,0.0035129628328532283,0.004683950443804304,,,,,,
POST-VALIDATION DIAGNOSTIC — NOT CONFIRMATORY,SESSION,DEVELOPMENT,2024-12-31,15,21428.625,0.00139999650000875,0.0018666620000116667,0.002333327500014583,0.0018666620000116667,0.002333327500014583,0.0027999930000175,0.0034999912500218748,0.004666655000029166,,,,,,
POST-VALIDATION DIAGNOSTIC — NOT CONFIRMATORY,SESSION,DEVELOPMENT,2024-12-31,20,21428.625,0.00139999650000875,0.0018666620000116667,0.002333327500014583,0.0018666620000116667,0.002333327500014583,0.0027999930000175,0.0034999912500218748,0.004666655000029166,,,,,,
POST-VALIDATION DIAGNOSTIC — NOT CONFIRMATORY,SESSION,DEVELOPMENT,2024-12-31,30,21428.625,0.00139999650000875,0.0018666620000116667,0.002333327500014583,0.0018666620000116667,0.002333327500014583,0.0027999930000175,0.0034999912500218748,0.004666655000029166,,,,,,
POST-VALIDATION DIAGNOSTIC — NOT CONFIRMATORY,SESSION,DEVELOPMENT,2025-01-02,15,21269.75,0.0014104538135144983,0.0018806050846859976,0.002350756355857497,0.0018806050846859976,0.002350756355857497,0.0028209076270289965,0.003526134533786246,0.004701512711714994,,,,,,
POST-VALIDATION DIAGNOSTIC — NOT CONFIRMATORY,SESSION,DEVELOPMENT,2025-01-02,20,21269.75,0.0014104538135144983,0.0018806050846859976,0.002350756355857497,0.0018806050846859976,0.002350756355857497,0.0028209076270289965,0.003526134533786246,0.004701512711714994,,,,,,
POST-VALIDATION DIAGNOSTIC — NOT CONFIRMATORY,SESSION,DEVELOPMENT,2025-01-02,30,21288.0,0.0014092446448703494,0.0018789928598271326,0.0023487410747839157,0.0018789928598271326,0.0023487410747839157,0.002818489289740699,0.0035231116121758736,0.004697482149567831,,,,,,
POST-VALIDATION DIAGNOSTIC — NOT CONFIRMATORY,SESSION,DEVELOPMENT,2025-01-03,15,21354.125,0.0014048807900112975,0.00187317438668173,0.0023414679833521626,0.00187317438668173,0.0023414679833521626,0.002809761580022595,0.003512201975028244,0.004682935966704325,,,,,,
POST-VALIDATION DIAGNOSTIC — NOT CONFIRMATORY,SESSION,DEVELOPMENT,2025-01-03,20,21355.625,0.0014047821124411016,0.0018730428165881355,0.0023413035207351693,0.0018730428165881355,0.0023413035207351693,0.002809564224882203,0.003511955281102754,0.0046826070414703385,,,,,,
POST-VALIDATION DIAGNOSTIC — NOT CONFIRMATORY,SESSION,DEVELOPMENT,2025-01-03,30,21355.625,0.0014047821124411016,0.0018730428165881355,0.0023413035207351693,0.0018730428165881355,0.0023413035207351693,0.002809564224882203,0.003511955281102754,0.0046826070414703385,,,,,,
POST-VALIDATION DIAGNOSTIC — NOT CONFIRMATORY,SESSION,DEVELOPMENT,2025-01-06,15,21776.25,0.0013776476666092646,0.0018368635554790195,0.0022960794443487743,0.0018368635554790195,0.0022960794443487743,0.002755295333218529,0.003444119166523162,0.0045921588886975485,,,,,,
POST-VALIDATION DIAGNOSTIC — NOT CONFIRMATORY,SESSION,DEVELOPMENT,2025-01-06,20,21780.375,0.0013773867529829032,0.0018365156706438709,0.0022956445883048388,0.0018365156706438709,0.0022956445883048388,0.0027547735059658064,0.003443466882457258,0.0045912891766096775,,,,,,
POST-VALIDATION DIAGNOSTIC — NOT CONFIRMATORY,SESSION,DEVELOPMENT,2025-01-06,30,21785.875,0.0013770390218432816,0.0018360520291243753,0.002295065036405469,0.0018360520291243753,0.002295065036405469,0.002754078043686563,0.003442597554608204,0.004590130072810938,,,,,,
POST-VALIDATION DIAGNOSTIC — NOT CONFIRMATORY,SESSION,DEVELOPMENT,2025-01-07,15,21750.625,0.001379270710611764,0.0018390276141490188,0.0022987845176862735,0.0018390276141490188,0.0022987845176862735,0.002758541421223528,0.00344817677652941,0.004597569035372547,,,,,,
POST-VALIDATION DIAGNOSTIC — NOT CONFIRMATORY,SESSION,DEVELOPMENT,2025-01-07,20,21750.625,0.001379270710611764,0.0018390276141490188,0.0022987845176862735,0.0018390276141490188,0.0022987845176862735,0.002758541421223528,0.00344817677652941,0.004597569035372547,,,,,,
POST-VALIDATION DIAGNOSTIC — NOT CONFIRMATORY,SESSION,DEVELOPMENT,2025-01-07,30,21750.625,0.001379270710611764,0.0018390276141490188,0.0022987845176862735,0.0018390276141490188,0.0022987845176862735,0.002758541421223528,0.00344817677652941,0.004597569035372547,,,,,,
POST-VALIDATION DIAGNOSTIC — NOT CONFIRMATORY,SESSION,DEVELOPMENT,2025-01-08,15,21337.25,0.0014059918686803595,0.0018746558249071459,0.0023433197811339322,0.0018746558249071459,0.0023433197811339322,0.002811983737360719,0.0035149796717008986,0.0046866395622678645,,,,,,
POST-VALIDATION DIAGNOSTIC — NOT CONFIRMATORY,SESSION,DEVELOPMENT,2025-01-08,20,21337.25,0.0014059918686803595,0.0018746558249071459,0.0023433197811339322,0.0018746558249071459,0.0023433197811339322,0.002811983737360719,0.0035149796717008986,0.0046866395622678645,,,,,,
POST-VALIDATION DIAGNOSTIC — NOT CONFIRMATORY,SESSION,DEVELOPMENT,2025-01-08,30,21334.875,0.0014061483838082014,0.0018748645117442684,0.0023435806396803357,0.0018748645117442684,0.0023435806396803357,0.002812296767616403,0.0035153709595205033,0.004687161279360671,,,,,,
POST-VALIDATION DIAGNOSTIC — NOT CONFIRMATORY,SESSION,DEVELOPMENT,2025-01-09,15,,,,,,,,,,,,,,,
POST-VALIDATION DIAGNOSTIC — NOT CONFIRMATORY,SESSION,DEVELOPMENT,2025-01-09,20,,,,,,,,,,,,,,,
POST-VALIDATION DIAGNOSTIC — NOT CONFIRMATORY,SESSION,DEVELOPMENT,2025-01-09,30,,,,,,,,,,,,,,,
POST-VALIDATION DIAGNOSTIC — NOT CONFIRMATORY,SESSION,DEVELOPMENT,2025-01-10,15,21132.5,0.0014196143381048148,0.0018928191174730864,0.002366023896841358,0.0018928191174730864,0.002366023896841358,0.0028392286762096296,0.0035490358452620373,0.004732047793682716,,,,,,
POST-VALIDATION DIAGNOSTIC — NOT CONFIRMATORY,SESSION,DEVELOPMENT,2025-01-10,20,21103.625,0.0014215567230748273,0.0018954089640997695,0.002369261205124712,0.0018954089640997695,0.002369261205124712,0.0028431134461496545,0.003553891807687068,0.004738522410249424,,,,,,
POST-VALIDATION DIAGNOSTIC — NOT CONFIRMATORY,SESSION,DEVELOPMENT,2025-01-10,30,21103.625,0.0014215567230748273,0.0018954089640997695,0.002369261205124712,0.0018954089640997695,0.002369261205124712,0.0028431134461496545,0.003553891807687068,0.004738522410249424,,,,,,
POST-VALIDATION DIAGNOSTIC — NOT CONFIRMATORY,SESSION,DEVELOPMENT,2025-01-13,15,20743.75,0.0014462187405845134,0.0019282916541126845,0.0024103645676408557,0.0019282916541126845,0.0024103645676408557,0.002892437481169027,0.0036155468514612837,0.004820729135281711,,,,,,
POST-VALIDATION DIAGNOSTIC — NOT CONFIRMATORY,SESSION,DEVELOPMENT,2025-01-13,20,20743.75,0.0014462187405845134,0.0019282916541126845,0.0024103645676408557,0.0019282916541126845,0.0024103645676408557,0.002892437481169027,0.0036155468514612837,0.004820729135281711,,,,,,
POST-VALIDATION DIAGNOSTIC — NOT CONFIRMATORY,SESSION,DEVELOPMENT,2025-01-13,30,20771.375,0.0014442953343242805,0.0019257271124323739,0.0024071588905404673,0.0019257271124323739,0.0024071588905404673,0.002888590668648561,0.003610738335810701,0.0048143177810809346,,,,,,
POST-VALIDATION DIAGNOSTIC — NOT CONFIRMATORY,SESSION,DEVELOPMENT,2025-01-14,15,21073.625,0.0014235804233965442,0.0018981072311953923,0.0023726340389942403,0.0018981072311953923,0.0023726340389942403,0.0028471608467930884,0.0035589510584913605,0.004745268077988481,,,,,,
POST-VALIDATION DIAGNOSTIC — NOT CONFIRMATORY,SESSION,DEVELOPMENT,2025-01-14,20,21073.625,0.0014235804233965442,0.0018981072311953923,0.0023726340389942403,0.0018981072311953923,0.0023726340389942403,0.0028471608467930884,0.0035589510584913605,0.004745268077988481,,,,,,
POST-VALIDATION DIAGNOSTIC — NOT CONFIRMATORY,SESSION,DEVELOPMENT,2025-01-14,30,21047.5,0.0014253474284356812,0.0019004632379142415,0.002375579047392802,0.0019004632379142415,0.002375579047392802,0.0028506948568713625,0.003563368571089203,0.004751158094785604,,,,,,
POST-VALIDATION DIAGNOSTIC — NOT CONFIRMATORY,SESSION,DEVELOPMENT,2025-01-15,15,21247.0,0.0014119640419823975,0.0018826187226431968,0.002353273403303996,0.0018826187226431968,0.002353273403303996,0.002823928083964795,0.003529910104955994,0.004706546806607992,,,,,,
POST-VALIDATION DIAGNOSTIC — NOT CONFIRMATORY,SESSION,DEVELOPMENT,2025-01-15,20,21265.75,0.0014107191140683964,0.001880958818757862,0.0023511985234473272,0.001880958818757862,0.0023511985234473272,0.0028214382281367928,0.003526797785170991,0.0047023970468946545,,,,,,
POST-VALIDATION DIAGNOSTIC — NOT CONFIRMATORY,SESSION,DEVELOPMENT,2025-01-15,30,21266.5,0.0014106693626125596,0.001880892483483413,0.0023511156043542663,0.001880892483483413,0.0023511156043542663,0.002821338725225119,0.003526673406531399,0.0047022312087085325,,,,,,
POST-VALIDATION DIAGNOSTIC — NOT CONFIRMATORY,SESSION,DEVELOPMENT,2025-01-16,15,21451.25,0.0013985198997727405,0.0018646931996969874,0.002330866499621234,0.0018646931996969874,0.002330866499621234,0.002797039799545481,0.0034962997494318512,0.004661732999242468,,,,,,
POST-VALIDATION DIAGNOSTIC — NOT CONFIRMATORY,SESSION,DEVELOPMENT,2025-01-16,20,21433.75,0.0013996617484108007,0.0018662156645477344,0.002332769580684668,0.0018662156645477344,0.002332769580684668,0.0027993234968216015,0.0034991543710270016,0.004665539161369336,,,,,,
POST-VALIDATION DIAGNOSTIC — NOT CONFIRMATORY,SESSION,DEVELOPMENT,2025-01-16,30,21433.75,0.0013996617484108007,0.0018662156645477344,0.002332769580684668,0.0018662156645477344,0.002332769580684668,0.0027993234968216015,0.0034991543710270016,0.004665539161369336,,,,,,
POST-VALIDATION DIAGNOSTIC — NOT CONFIRMATORY,SESSION,DEVELOPMENT,2025-01-17,15,21572.875,0.0013906352305847042,0.0018541803074462722,0.0023177253843078404,0.0018541803074462722,0.0023177253843078404,0.0027812704611694084,0.0034765880764617606,0.004635450768615681,,,,,,
POST-VALIDATION DIAGNOSTIC — NOT CONFIRMATORY,SESSION,DEVELOPMENT,2025-01-17,20,21572.875,0.0013906352305847042,0.0018541803074462722,0.0023177253843078404,0.0018541803074462722,0.0023177253843078404,0.0027812704611694084,0.0034765880764617606,0.004635450768615681,,,,,,
POST-VALIDATION DIAGNOSTIC — NOT CONFIRMATORY,SESSION,DEVELOPMENT,2025-01-17,30,21570.25,0.001390804464482331,0.001854405952643108,0.002318007440803885,0.001854405952643108,0.002318007440803885,0.002781608928964662,0.0034770111612058277,0.00463601488160777,,,,,,
POST-VALIDATION DIAGNOSTIC — NOT CONFIRMATORY,SESSION,DEVELOPMENT,2025-01-20,15,21746.625,0.001379524408960011,0.001839365878613348,0.002299207348266685,0.001839365878613348,0.002299207348266685,0.002759048817920022,0.0034488110224000276,0.00459841469653337,,,,,,
POST-VALIDATION DIAGNOSTIC — NOT CONFIRMATORY,SESSION,DEVELOPMENT,2025-01-20,20,21746.625,0.001379524408960011,0.001839365878613348,0.002299207348266685,0.001839365878613348,0.002299207348266685,0.002759048817920022,0.0034488110224000276,0.00459841469653337,,,,,,
POST-VALIDATION DIAGNOSTIC — NOT CONFIRMATORY,SESSION,DEVELOPMENT,2025-01-20,30,21746.625,0.001379524408960011,0.001839365878613348,0.002299207348266685,0.001839365878613348,0.002299207348266685,0.002759048817920022,0.0034488110224000276,0.00459841469653337,,,,,,
POST-VALIDATION DIAGNOSTIC — NOT CONFIRMATORY,SESSION,DEVELOPMENT,2025-01-21,15,21654.0,0.0013854253255749516,0.0018472337674332686,0.0023090422092915857,0.0018472337674332686,0.0023090422092915857,0.002770850651149903,0.003463563313937379,0.004618084418583171,,,,,,
POST-VALIDATION DIAGNOSTIC — NOT CONFIRMATORY,SESSION,DEVELOPMENT,2025-01-21,20,21654.0,0.0013854253255749516,0.0018472337674332686,0.0023090422092915857,0.0018472337674332686,0.0023090422092915857,0.002770850651149903,0.003463563313937379,0.004618084418583171,,,,,,
POST-VALIDATION DIAGNOSTIC — NOT CONFIRMATORY,SESSION,DEVELOPMENT,2025-01-21,30,21645.5,0.0013859693700769213,0.0018479591601025618,0.0023099489501282023,0.0018479591601025618,0.0023099489501282023,0.0027719387401538426,0.003464923425192303,0.0046198979002564046,,,,,,
POST-VALIDATION DIAGNOSTIC — NOT CONFIRMATORY,SESSION,DEVELOPMENT,2025-01-22,15,21942.25,0.0013672253301279494,0.001822967106837266,0.0022787088835465826,0.001822967106837266,0.0022787088835465826,0.002734450660255899,0.0034180633253198737,0.004557417767093165,,,,,,
POST-VALIDATION DIAGNOSTIC — NOT CONFIRMATORY,SESSION,DEVELOPMENT,2025-01-22,20,21945.125,0.0013670462118579867,0.0018227282824773156,0.0022784103530966446,0.0018227282824773156,0.0022784103530966446,0.0027340924237159734,0.003417615529644967,0.004556820706193289,,,,,,
POST-VALIDATION DIAGNOSTIC — NOT CONFIRMATORY,SESSION,DEVELOPMENT,2025-01-22,30,21965.125,0.0013658014693747474,0.0018210686258329967,0.0022763357822912457,0.0018210686258329967,0.0022763357822912457,0.002731602938749495,0.0034145036734368685,0.004552671564582491,,,,,,
POST-VALIDATION DIAGNOSTIC — NOT CONFIRMATORY,SESSION,DEVELOPMENT,2025-01-23,15,21890.875,0.0013704340278769122,0.0018272453705025496,0.002284056713128187,0.0018272453705025496,0.002284056713128187,0.0027408680557538243,0.0034260850696922803,0.004568113426256374,,,,,,
POST-VALIDATION DIAGNOSTIC — NOT CONFIRMATORY,SESSION,DEVELOPMENT,2025-01-23,20,21892.125,0.001370355778619024,0.0018271410381586986,0.0022839262976983733,0.0018271410381586986,0.0022839262976983733,0.002740711557238048,0.00342588944654756,0.0045678525953967465,,,,,,
POST-VALIDATION DIAGNOSTIC — NOT CONFIRMATORY,SESSION,DEVELOPMENT,2025-01-23,30,21892.125,0.001370355778619024,0.0018271410381586986,0.0022839262976983733,0.0018271410381586986,0.0022839262976983733,0.002740711557238048,0.00342588944654756,0.0045678525953967465,,,,,,
POST-VALIDATION DIAGNOSTIC — NOT CONFIRMATORY,SESSION,DEVELOPMENT,2025-01-24,15,22026.375,0.001362003507159031,0.0018160046762120412,0.0022700058452650514,0.0018160046762120412,0.0022700058452650514,0.002724007014318062,0.0034050087678975773,0.004540011690530103,,,,,,
POST-VALIDATION DIAGNOSTIC — NOT CONFIRMATORY,SESSION,DEVELOPMENT,2025-01-24,20,22035.0,0.0013614703880190605,0.0018152938506920807,0.002269117313365101,0.0018152938506920807,0.002269117313365101,0.002722940776038121,0.0034036759700476512,0.004538234626730202,,,,,,
POST-VALIDATION DIAGNOSTIC — NOT CONFIRMATORY,SESSION,DEVELOPMENT,2025-01-24,30,22039.0,0.0013612232859930124,0.0018149643813240165,0.0022687054766550208,0.0018149643813240165,0.0022687054766550208,0.002722446571986025,0.003403058214982531,0.0045374109533100416,,,,,,
POST-VALIDATION DIAGNOSTIC — NOT CONFIRMATORY,SESSION,DEVELOPMENT,2025-01-27,15,21205.625,0.0014147189719708804,0.0018862919626278405,0.002357864953284801,0.0018862919626278405,0.002357864953284801,0.002829437943941761,0.003536797429927201,0.004715729906569602,,,,,,
POST-VALIDATION DIAGNOSTIC — NOT CONFIRMATORY,SESSION,DEVELOPMENT,2025-01-27,20,21216.625,0.0014139854948654652,0.0018853139931539536,0.002356642491442442,0.0018853139931539536,0.002356642491442442,0.0028279709897309304,0.003534963737163663,0.004713284982884884,,,,,,
POST-VALIDATION DIAGNOSTIC — NOT CONFIRMATORY,SESSION,DEVELOPMENT,2025-01-27,30,21224.625,0.0014134525344970759,0.0018846033793294345,0.002355754224161793,0.0018846033793294345,0.002355754224161793,0.0028269050689941518,0.0035336313362426897,0.004711508448323586,,,,,,
POST-VALIDATION DIAGNOSTIC — NOT CONFIRMATORY,SESSION,DEVELOPMENT,2025-01-28,15,21246.125,0.001412022192282122,0.0018826962563761628,0.0023533703204702034,0.0018826962563761628,0.0023533703204702034,0.002824044384564244,0.0035300554807053052,0.004706740640940407,,,,,,
POST-VALIDATION DIAGNOSTIC — NOT CONFIRMATORY,SESSION,DEVELOPMENT,2025-01-28,20,21240.25,0.0014124127540871695,0.0018832170054495592,0.002354021256811949,0.0018832170054495592,0.002354021256811949,0.002824825508174339,0.0035310318852179237,0.004708042513623898,,,,,,
POST-VALIDATION DIAGNOSTIC — NOT CONFIRMATORY,SESSION,DEVELOPMENT,2025-01-28,30,21240.25,0.0014124127540871695,0.0018832170054495592,0.002354021256811949,0.0018832170054495592,0.002354021256811949,0.002824825508174339,0.0035310318852179237,0.004708042513623898,,,,,,
POST-VALIDATION DIAGNOSTIC — NOT CONFIRMATORY,SESSION,DEVELOPMENT,2025-01-29,15,21552.375,0.0013919579628695214,0.001855943950492695,0.002319929938115869,0.001855943950492695,0.002319929938115869,0.002783915925739043,0.0034798949071738034,0.004639859876231738,,,,,,
POST-VALIDATION DIAGNOSTIC — NOT CONFIRMATORY,SESSION,DEVELOPMENT,2025-01-29,20,21550.125,0.0013921032940644195,0.001856137725419226,0.0023201721567740327,0.001856137725419226,0.0023201721567740327,0.002784206588128839,0.003480258235161049,0.004640344313548065,,,,,,
POST-VALIDATION DIAGNOSTIC — NOT CONFIRMATORY,SESSION,DEVELOPMENT,2025-01-29,30,21550.125,0.0013921032940644195,0.001856137725419226,0.0023201721567740327,0.001856137725419226,0.0023201721567740327,0.002784206588128839,0.003480258235161049,0.004640344313548065,,,,,,
POST-VALIDATION DIAGNOSTIC — NOT CONFIRMATORY,SESSION,DEVELOPMENT,2025-01-30,15,21633.0,0.0013867702121758425,0.00184902694956779,0.0023112836869597373,0.00184902694956779,0.0023112836869597373,0.002773540424351685,0.0034669255304396063,0.0046225673739194745,,,,,,
POST-VALIDATION DIAGNOSTIC — NOT CONFIRMATORY,SESSION,DEVELOPMENT,2025-01-30,20,21667.75,0.0013845461573075192,0.0018460615430766923,0.0023075769288458652,0.0018460615430766923,0.0023075769288458652,0.0027690923146150384,0.0034613653932687983,0.0046151538576917304,,,,,,
POST-VALIDATION DIAGNOSTIC — NOT CONFIRMATORY,SESSION,DEVELOPMENT,2025-01-30,30,21673.0,0.0013842107691597841,0.0018456143588797122,0.00230701794859964,0.0018456143588797122,0.00230701794859964,0.0027684215383195683,0.00346052692289946,0.00461403589719928,,,,,,
POST-VALIDATION DIAGNOSTIC — NOT CONFIRMATORY,SESSION,DEVELOPMENT,2025-01-31,15,21801.125,0.00137607577590606,0.0018347677012080798,0.0022934596265100997,0.0018347677012080798,0.0022934596265100997,0.00275215155181212,0.00344018943976515,0.0045869192530201995,,,,,,
POST-VALIDATION DIAGNOSTIC — NOT CONFIRMATORY,SESSION,DEVELOPMENT,2025-01-31,20,21801.125,0.00137607577590606,0.0018347677012080798,0.0022934596265100997,0.0018347677012080798,0.0022934596265100997,0.00275215155181212,0.00344018943976515,0.0045869192530201995,,,,,,
POST-VALIDATION DIAGNOSTIC — NOT CONFIRMATORY,SESSION,DEVELOPMENT,2025-01-31,30,21817.25,0.0013750587264664427,0.0018334116352885905,0.002291764544110738,0.0018334116352885905,0.002291764544110738,0.0027501174529328855,0.0034376468161661073,0.004583529088221476,,,,,,
POST-VALIDATION DIAGNOSTIC — NOT CONFIRMATORY,SESSION,DEVELOPMENT,2025-02-03,15,21246.25,0.0014120138848032005,0.0018826851797376007,0.002353356474672001,0.0018826851797376007,0.002353356474672001,0.002824027769606401,0.003530034712008001,0.004706712949344002,,,,,,
POST-VALIDATION DIAGNOSTIC — NOT CONFIRMATORY,SESSION,DEVELOPMENT,2025-02-03,20,21246.25,0.0014120138848032005,0.0018826851797376007,0.002353356474672001,0.0018826851797376007,0.002353356474672001,0.002824027769606401,0.003530034712008001,0.004706712949344002,,,,,,
POST-VALIDATION DIAGNOSTIC — NOT CONFIRMATORY,SESSION,DEVELOPMENT,2025-02-03,30,21243.625,0.0014121883623910703,0.001882917816521427,0.002353647270651784,0.001882917816521427,0.002353647270651784,0.0028243767247821405,0.0035304709059776757,0.004707294541303568,,,,,,
POST-VALIDATION DIAGNOSTIC — NOT CONFIRMATORY,SESSION,DEVELOPMENT,2025-02-04,15,21464.25,0.001397672874663685,0.0018635638328849133,0.0023294547911061414,0.0018635638328849133,0.0023294547911061414,0.00279534574932737,0.0034941821866592126,0.004658909582212283,,,,,,
POST-VALIDATION DIAGNOSTIC — NOT CONFIRMATORY,SESSION,DEVELOPMENT,2025-02-04,20,21464.25,0.001397672874663685,0.0018635638328849133,0.0023294547911061414,0.0018635638328849133,0.0023294547911061414,0.00279534574932737,0.0034941821866592126,0.004658909582212283,,,,,,
POST-VALIDATION DIAGNOSTIC — NOT CONFIRMATORY,SESSION,DEVELOPMENT,2025-02-04,30,21490.625,0.0013959575396248363,0.0018612767194997818,0.0023265958993747273,0.0018612767194997818,0.0023265958993747273,0.0027919150792496726,0.003489893849062091,0.004653191798749455,,,,,,
POST-VALIDATION DIAGNOSTIC — NOT CONFIRMATORY,SESSION,DEVELOPMENT,2025-02-05,15,21553.375,0.0013918933809670179,0.0018558578412893572,0.0023198223016116966,0.0018558578412893572,0.0023198223016116966,0.0027837867619340357,0.003479733452417545,0.004639644603223393,,,,,,
POST-VALIDATION DIAGNOSTIC — NOT CONFIRMATORY,SESSION,DEVELOPMENT,2025-02-05,20,21554.875,0.0013917965193488712,0.0018557286924651617,0.002319660865581452,0.0018557286924651617,0.002319660865581452,0.0027835930386977425,0.003479491298372178,0.004639321731162904,,,,,,
POST-VALIDATION DIAGNOSTIC — NOT CONFIRMATORY,SESSION,DEVELOPMENT,2025-02-05,30,21554.875,0.0013917965193488712,0.0018557286924651617,0.002319660865581452,0.0018557286924651617,0.002319660865581452,0.0027835930386977425,0.003479491298372178,0.004639321731162904,,,,,,
POST-VALIDATION DIAGNOSTIC — NOT CONFIRMATORY,SESSION,DEVELOPMENT,2025-02-06,15,21764.0,0.0013784230839919132,0.001837897445322551,0.0022973718066531886,0.001837897445322551,0.0022973718066531886,0.0027568461679838264,0.003446057709979783,0.004594743613306377,,,,,,
POST-VALIDATION DIAGNOSTIC — NOT CONFIRMATORY,SESSION,DEVELOPMENT,2025-02-06,20,21776.0,0.0013776634827332844,0.0018368846436443791,0.002296105804555474,0.0018368846436443791,0.002296105804555474,0.002755326965466569,0.003444158706833211,0.004592211609110948,,,,,,
POST-VALIDATION DIAGNOSTIC — NOT CONFIRMATORY,SESSION,DEVELOPMENT,2025-02-06,30,21780.375,0.0013773867529829032,0.0018365156706438709,0.0022956445883048388,0.0018365156706438709,0.0022956445883048388,0.0027547735059658064,0.003443466882457258,0.0045912891766096775,,,,,,
POST-VALIDATION DIAGNOSTIC — NOT CONFIRMATORY,SESSION,DEVELOPMENT,2025-02-07,15,21918.625,0.0013686989945765303,0.001824931992768707,0.0022811649909608837,0.001824931992768707,0.0022811649909608837,0.0027373979891530606,0.0034217474864413257,0.004562329981921767,,,,,,
POST-VALIDATION DIAGNOSTIC — NOT CONFIRMATORY,SESSION,DEVELOPMENT,2025-02-07,20,21918.625,0.0013686989945765303,0.001824931992768707,0.0022811649909608837,0.001824931992768707,0.0022811649909608837,0.0027373979891530606,0.0034217474864413257,0.004562329981921767,,,,,,
POST-VALIDATION DIAGNOSTIC — NOT CONFIRMATORY,SESSION,DEVELOPMENT,2025-02-07,30,21918.625,0.0013686989945765303,0.001824931992768707,0.0022811649909608837,0.001824931992768707,0.0022811649909608837,0.0027373979891530606,0.0034217474864413257,0.004562329981921767,,,,,,
POST-VALIDATION DIAGNOSTIC — NOT CONFIRMATORY,SESSION,DEVELOPMENT,2025-02-10,15,21772.625,0.0013778770359568495,0.0018371693812757994,0.0022964617265947493,0.0018371693812757994,0.0022964617265947493,0.002755754071913699,0.0034446925898921235,0.004592923453189499,,,,,,
POST-VALIDATION DIAGNOSTIC — NOT CONFIRMATORY,SESSION,DEVELOPMENT,2025-02-10,20,21775.625,0.001377687207600241,0.0018369162768003214,0.002296145346000402,0.0018369162768003214,0.002296145346000402,0.002755374415200482,0.003444218019000603,0.004592290692000804,,,,,,
POST-VALIDATION DIAGNOSTIC — NOT CONFIRMATORY,SESSION,DEVELOPMENT,2025-02-10,30,21775.625,0.001377687207600241,0.0018369162768003214,0.002296145346000402,0.0018369162768003214,0.002296145346000402,0.002755374415200482,0.003444218019000603,0.004592290692000804,,,,,,
POST-VALIDATION DIAGNOSTIC — NOT CONFIRMATORY,SESSION,DEVELOPMENT,2025-02-11,15,21748.625,0.0013793975481208583,0.001839196730827811,0.0022989959135347638,0.001839196730827811,0.0022989959135347638,0.0027587950962417165,0.0034484938703021454,0.0045979918270695275,,,,,,
POST-VALIDATION DIAGNOSTIC — NOT CONFIRMATORY,SESSION,DEVELOPMENT,2025-02-11,20,21748.625,0.0013793975481208583,0.001839196730827811,0.0022989959135347638,0.001839196730827811,0.0022989959135347638,0.0027587950962417165,0.0034484938703021454,0.0045979918270695275,,,,,,
POST-VALIDATION DIAGNOSTIC — NOT CONFIRMATORY,SESSION,DEVELOPMENT,2025-02-11,30,21753.25,0.0013791042717754818,0.0018388056957006425,0.002298507119625803,0.0018388056957006425,0.002298507119625803,0.0027582085435509636,0.0034477606794387048,0.004597014239251606,,,,,,
POST-VALIDATION DIAGNOSTIC — NOT CONFIRMATORY,SESSION,DEVELOPMENT,2025-02-12,15,21601.75,0.001388776372284653,0.0018517018297128705,0.002314627287141088,0.0018517018297128705,0.002314627287141088,0.002777552744569306,0.003471940930711632,0.004629254574282176,,,,,,
POST-VALIDATION DIAGNOSTIC — NOT CONFIRMATORY,SESSION,DEVELOPMENT,2025-02-12,20,21609.25,0.0013882943646817913,0.0018510591529090552,0.002313823941136319,0.0018510591529090552,0.002313823941136319,0.0027765887293635825,0.0034707359117044784,0.004627647882272638,,,,,,
POST-VALIDATION DIAGNOSTIC — NOT CONFIRMATORY,SESSION,DEVELOPMENT,2025-02-12,30,21618.375,0.0013877083730853962,0.0018502778307805281,0.0023128472884756603,0.0018502778307805281,0.0023128472884756603,0.0027754167461707924,0.00346927093271349,0.0046256945769513206,,,,,,
POST-VALIDATION DIAGNOSTIC — NOT CONFIRMATORY,SESSION,DEVELOPMENT,2025-02-13,15,21893.0,0.001370301009455077,0.0018270680126067692,0.0022838350157584615,0.0018270680126067692,0.0022838350157584615,0.002740602018910154,0.0034257525236376925,0.004567670031516923,,,,,,
POST-VALIDATION DIAGNOSTIC — NOT CONFIRMATORY,SESSION,DEVELOPMENT,2025-02-13,20,21893.0,0.001370301009455077,0.0018270680126067692,0.0022838350157584615,0.0018270680126067692,0.0022838350157584615,0.002740602018910154,0.0034257525236376925,0.004567670031516923,,,,,,
POST-VALIDATION DIAGNOSTIC — NOT CONFIRMATORY,SESSION,DEVELOPMENT,2025-02-13,30,21893.0,0.001370301009455077,0.0018270680126067692,0.0022838350157584615,0.0018270680126067692,0.0022838350157584615,0.002740602018910154,0.0034257525236376925,0.004567670031516923,,,,,,
POST-VALIDATION DIAGNOSTIC — NOT CONFIRMATORY,SESSION,DEVELOPMENT,2025-02-14,15,22113.0,0.00135666802333469,0.0018088906977795866,0.0022611133722244834,0.0018088906977795866,0.0022611133722244834,0.00271333604666938,0.003391670058336725,0.004522226744448967,,,,,,
POST-VALIDATION DIAGNOSTIC — NOT CONFIRMATORY,SESSION,DEVELOPMENT,2025-02-14,20,22113.0,0.00135666802333469,0.0018088906977795866,0.0022611133722244834,0.0018088906977795866,0.0022611133722244834,0.00271333604666938,0.003391670058336725,0.004522226744448967,,,,,,
POST-VALIDATION DIAGNOSTIC — NOT CONFIRMATORY,SESSION,DEVELOPMENT,2025-02-14,30,22115.0,0.0013565453312231518,0.0018087271082975356,0.0022609088853719197,0.0018087271082975356,0.0022609088853719197,0.0027130906624463036,0.003391363328057879,0.0045218177707438394,,,,,,
POST-VALIDATION DIAGNOSTIC — NOT CONFIRMATORY,SESSION,DEVELOPMENT,2025-02-17,15,22217.0,0.0013503173245712743,0.0018004230994283657,0.002250528874285457,0.0018004230994283657,0.002250528874285457,0.0027006346491425487,0.0033757933114281855,0.004501057748570914,,,,,,
POST-VALIDATION DIAGNOSTIC — NOT CONFIRMATORY,SESSION,DEVELOPMENT,2025-02-17,20,22217.0,0.0013503173245712743,0.0018004230994283657,0.002250528874285457,0.0018004230994283657,0.002250528874285457,0.0027006346491425487,0.0033757933114281855,0.004501057748570914,,,,,,
POST-VALIDATION DIAGNOSTIC — NOT CONFIRMATORY,SESSION,DEVELOPMENT,2025-02-17,30,22217.0,0.0013503173245712743,0.0018004230994283657,0.002250528874285457,0.0018004230994283657,0.002250528874285457,0.0027006346491425487,0.0033757933114281855,0.004501057748570914,,,,,,
POST-VALIDATION DIAGNOSTIC — NOT CONFIRMATORY,SESSION,DEVELOPMENT,2025-02-18,15,22239.5,0.0013489511904494255,0.0017986015872659008,0.002248251984082376,0.0017986015872659008,0.002248251984082376,0.002697902380898851,0.003372377976123564,0.004496503968164752,,,,,,
POST-VALIDATION DIAGNOSTIC — NOT CONFIRMATORY,SESSION,DEVELOPMENT,2025-02-18,20,22220.0,0.0013501350135013501,0.0018001800180018,0.0022502250225022503,0.0018001800180018,0.0022502250225022503,0.0027002700270027003,0.0033753375337533752,0.004500450045004501,,,,,,
POST-VALIDATION DIAGNOSTIC — NOT CONFIRMATORY,SESSION,DEVELOPMENT,2025-02-18,30,22216.375,0.0013503553122415335,0.001800473749655378,0.0022505921870692226,0.001800473749655378,0.0022505921870692226,0.002700710624483067,0.003375888280603834,0.004501184374138445,,,,,,
POST-VALIDATION DIAGNOSTIC — NOT CONFIRMATORY,SESSION,DEVELOPMENT,2025-02-19,15,22197.125,0.0013515263801055317,0.0018020351734740422,0.0022525439668425527,0.0018020351734740422,0.0022525439668425527,0.0027030527602110634,0.0033788159502638293,0.004505087933685105,,,,,,
POST-VALIDATION DIAGNOSTIC — NOT CONFIRMATORY,SESSION,DEVELOPMENT,2025-02-19,20,22188.0,0.0013520822065981612,0.0018027762754642149,0.0022534703443302688,0.0018027762754642149,0.0022534703443302688,0.0027041644131963224,0.0033802055164954027,0.0045069406886605375,,,,,,
POST-VALIDATION DIAGNOSTIC — NOT CONFIRMATORY,SESSION,DEVELOPMENT,2025-02-19,30,22188.0,0.0013520822065981612,0.0018027762754642149,0.0022534703443302688,0.0018027762754642149,0.0022534703443302688,0.0027041644131963224,0.0033802055164954027,0.0045069406886605375,,,,,,
POST-VALIDATION DIAGNOSTIC — NOT CONFIRMATORY,SESSION,DEVELOPMENT,2025-02-20,15,22196.5,0.0013515644358344785,0.0018020859144459711,0.002252607393057464,0.0018020859144459711,0.002252607393057464,0.002703128871668957,0.003378911089586196,0.004505214786114928,,,,,,
POST-VALIDATION DIAGNOSTIC — NOT CONFIRMATORY,SESSION,DEVELOPMENT,2025-02-20,20,22180.25,0.0013525546375717135,0.0018034061834289515,0.002254257729286189,0.0018034061834289515,0.002254257729286189,0.002705109275143427,0.003381386593929284,0.004508515458572378,,,,,,
POST-VALIDATION DIAGNOSTIC — NOT CONFIRMATORY,SESSION,DEVELOPMENT,2025-02-20,30,22113.75,0.0013566220111921317,0.0018088293482561755,0.0022610366853202195,0.0018088293482561755,0.0022610366853202195,0.0027132440223842634,0.003391555027980329,0.004522073370640439,,,,,,
POST-VALIDATION DIAGNOSTIC — NOT CONFIRMATORY,SESSION,DEVELOPMENT,2025-02-21,15,22142.375,0.0013548682108400747,0.0018064909477867664,0.002258113684733458,0.0018064909477867664,0.002258113684733458,0.0027097364216801495,0.003387170527100187,0.004516227369466916,,,,,,
POST-VALIDATION DIAGNOSTIC — NOT CONFIRMATORY,SESSION,DEVELOPMENT,2025-02-21,20,22142.375,0.0013548682108400747,0.0018064909477867664,0.002258113684733458,0.0018064909477867664,0.002258113684733458,0.0027097364216801495,0.003387170527100187,0.004516227369466916,,,,,,
POST-VALIDATION DIAGNOSTIC — NOT CONFIRMATORY,SESSION,DEVELOPMENT,2025-02-21,30,22130.5,0.0013555952192675267,0.0018074602923567023,0.002259325365445878,0.0018074602923567023,0.002259325365445878,0.0027111904385350534,0.003388988048168817,0.004518650730891756,,,,,,
POST-VALIDATION DIAGNOSTIC — NOT CONFIRMATORY,SESSION,DEVELOPMENT,2025-02-24,15,21742.875,0.0013797623359376348,0.001839683114583513,0.0022996038932293914,0.001839683114583513,0.0022996038932293914,0.0027595246718752696,0.0034494058398440866,0.004599207786458783,,,,,,
POST-VALIDATION DIAGNOSTIC — NOT CONFIRMATORY,SESSION,DEVELOPMENT,2025-02-24,20,21736.875,0.0013801431898559475,0.0018401909198079301,0.0023002386497599126,0.0018401909198079301,0.0023002386497599126,0.002760286379711895,0.003450357974639869,0.004600477299519825,,,,,,
POST-VALIDATION DIAGNOSTIC — NOT CONFIRMATORY,SESSION,DEVELOPMENT,2025-02-24,30,21681.375,0.0013836760814293374,0.0018449014419057832,0.002306126802382229,0.0018449014419057832,0.002306126802382229,0.0027673521628586747,0.0034591902035733435,0.004612253604764458,,,,,,
POST-VALIDATION DIAGNOSTIC — NOT CONFIRMATORY,SESSION,DEVELOPMENT,2025-02-25,15,21354.25,0.0014048725663509606,0.0018731634218012807,0.0023414542772516008,0.0018731634218012807,0.0023414542772516008,0.0028097451327019213,0.0035121814158774016,0.0046829085545032016,,,,,,
POST-VALIDATION DIAGNOSTIC — NOT CONFIRMATORY,SESSION,DEVELOPMENT,2025-02-25,20,21337.625,0.0014059671589504454,0.001874622878600594,0.0023432785982507426,0.001874622878600594,0.0023432785982507426,0.002811934317900891,0.0035149178973761137,0.004686557196501485,,,,,,
POST-VALIDATION DIAGNOSTIC — NOT CONFIRMATORY,SESSION,DEVELOPMENT,2025-02-25,30,21304.25,0.0014081697313916238,0.0018775596418554982,0.002346949552319373,0.0018775596418554982,0.002346949552319373,0.0028163394627832477,0.0035204243284790594,0.004693899104638746,,,,,,
POST-VALIDATION DIAGNOSTIC — NOT CONFIRMATORY,SESSION,DEVELOPMENT,2025-02-26,15,21231.375,0.001413003161594574,0.001884004215459432,0.00235500526932429,0.001884004215459432,0.00235500526932429,0.002826006323189148,0.003532507903986435,0.00471001053864858,,,,,,
POST-VALIDATION DIAGNOSTIC — NOT CONFIRMATORY,SESSION,DEVELOPMENT,2025-02-26,20,21233.125,0.001412886704147411,0.0018838489388632149,0.002354811173579019,0.0018838489388632149,0.002354811173579019,0.002825773408294822,0.003532216760368528,0.004709622347158038,,,,,,
POST-VALIDATION DIAGNOSTIC — NOT CONFIRMATORY,SESSION,DEVELOPMENT,2025-02-26,30,21250.75,0.0014117148806512712,0.0018822865075350283,0.0023528581344187853,0.0018822865075350283,0.0023528581344187853,0.0028234297613025424,0.003529287201628178,0.004705716268837571,,,,,,
POST-VALIDATION DIAGNOSTIC — NOT CONFIRMATORY,SESSION,DEVELOPMENT,2025-02-27,15,21275.5,0.0014100726187398652,0.0018800968249864868,0.0023501210312331087,0.0018800968249864868,0.0023501210312331087,0.0028201452374797304,0.003525181546849663,0.004700242062466217,,,,,,
POST-VALIDATION DIAGNOSTIC — NOT CONFIRMATORY,SESSION,DEVELOPMENT,2025-02-27,20,21272.875,0.0014102466168771264,0.0018803288225028353,0.002350411028128544,0.0018803288225028353,0.002350411028128544,0.002820493233754253,0.003525616542192816,0.004700822056257088,,,,,,
POST-VALIDATION DIAGNOSTIC — NOT CONFIRMATORY,SESSION,DEVELOPMENT,2025-02-27,30,21188.5,0.0014158623781768411,0.0018878165042357884,0.0023597706302947354,0.0018878165042357884,0.0023597706302947354,0.0028317247563536822,0.003539655945442103,0.004719541260589471,,,,,,
POST-VALIDATION DIAGNOSTIC — NOT CONFIRMATORY,SESSION,DEVELOPMENT,2025-02-28,15,20552.5,0.0014596764383894903,0.001946235251185987,0.002432794063982484,0.001946235251185987,0.002432794063982484,0.0029193528767789806,0.003649191095973726,0.004865588127964968,,,,,,
POST-VALIDATION DIAGNOSTIC — NOT CONFIRMATORY,SESSION,DEVELOPMENT,2025-02-28,20,20552.5,0.0014596764383894903,0.001946235251185987,0.002432794063982484,0.001946235251185987,0.002432794063982484,0.0029193528767789806,0.003649191095973726,0.004865588127964968,,,,,,
POST-VALIDATION DIAGNOSTIC — NOT CONFIRMATORY,SESSION,DEVELOPMENT,2025-02-28,30,20552.5,0.0014596764383894903,0.001946235251185987,0.002432794063982484,0.001946235251185987,0.002432794063982484,0.0029193528767789806,0.003649191095973726,0.004865588127964968,,,,,,
POST-VALIDATION DIAGNOSTIC — NOT CONFIRMATORY,SESSION,DEVELOPMENT,2025-03-03,15,21031.5,0.0014264317809000785,0.0019019090412001045,0.002377386301500131,0.0019019090412001045,0.002377386301500131,0.002852863561800157,0.0035660794522501963,0.004754772603000262,,,,,,
POST-VALIDATION DIAGNOSTIC — NOT CONFIRMATORY,SESSION,DEVELOPMENT,2025-03-03,20,21024.5,0.0014269067040833313,0.0019025422721111085,0.0023781778401388855,0.0019025422721111085,0.0023781778401388855,0.0028538134081666625,0.0035672667602083285,0.004756355680277771,,,,,,
POST-VALIDATION DIAGNOSTIC — NOT CONFIRMATORY,SESSION,DEVELOPMENT,2025-03-03,30,20972.5,0.001430444629872452,0.0019072595064966026,0.0023840743831207534,0.0019072595064966026,0.0023840743831207534,0.002860889259744904,0.0035761115746811302,0.004768148766241507,,,,,,
POST-VALIDATION DIAGNOSTIC — NOT CONFIRMATORY,SESSION,DEVELOPMENT,2025-03-04,15,20344.25,0.0014746181353453677,0.001966157513793824,0.0024576968922422797,0.001966157513793824,0.0024576968922422797,0.0029492362706907355,0.0036865453383634196,0.0049153937844845595,,,,,,
POST-VALIDATION DIAGNOSTIC — NOT CONFIRMATORY,SESSION,DEVELOPMENT,2025-03-04,20,20344.25,0.0014746181353453677,0.001966157513793824,0.0024576968922422797,0.001966157513793824,0.0024576968922422797,0.0029492362706907355,0.0036865453383634196,0.0049153937844845595,,,,,,
POST-VALIDATION DIAGNOSTIC — NOT CONFIRMATORY,SESSION,DEVELOPMENT,2025-03-04,30,20328.875,0.0014757334087597076,0.0019676445450129434,0.0024595556812661793,0.0019676445450129434,0.0024595556812661793,0.0029514668175194153,0.003689333521899269,0.004919111362532359,,,,,,
POST-VALIDATION DIAGNOSTIC — NOT CONFIRMATORY,SESSION,DEVELOPMENT,2025-03-05,15,20384.375,0.001471715468342787,0.001962287291123716,0.002452859113904645,0.001962287291123716,0.002452859113904645,0.002943430936685574,0.003679288670856968,0.00490571822780929,,,,,,
POST-VALIDATION DIAGNOSTIC — NOT CONFIRMATORY,SESSION,DEVELOPMENT,2025-03-05,20,20384.375,0.001471715468342787,0.001962287291123716,0.002452859113904645,0.001962287291123716,0.002452859113904645,0.002943430936685574,0.003679288670856968,0.00490571822780929,,,,,,
POST-VALIDATION DIAGNOSTIC — NOT CONFIRMATORY,SESSION,DEVELOPMENT,2025-03-05,30,20363.0,0.001473260325099445,0.0019643471001325936,0.002455433875165742,0.0019643471001325936,0.002455433875165742,0.00294652065019889,0.003683150812748613,0.004910867750331484,,,,,,
POST-VALIDATION DIAGNOSTIC — NOT CONFIRMATORY,SESSION,DEVELOPMENT,2025-03-06,15,20274.0,0.001479727730097662,0.0019729703067968827,0.0024662128834961033,0.0019729703067968827,0.0024662128834961033,0.002959455460195324,0.003699319325244155,0.0049324257669922066,,,,,,
POST-VALIDATION DIAGNOSTIC — NOT CONFIRMATORY,SESSION,DEVELOPMENT,2025-03-06,20,20274.0,0.001479727730097662,0.0019729703067968827,0.0024662128834961033,0.0019729703067968827,0.0024662128834961033,0.002959455460195324,0.003699319325244155,0.0049324257669922066,,,,,,
POST-VALIDATION DIAGNOSTIC — NOT CONFIRMATORY,SESSION,DEVELOPMENT,2025-03-06,30,20285.875,0.0014788615231041303,0.0019718153641388406,0.0024647692051735504,0.0019718153641388406,0.0024647692051735504,0.0029577230462082605,0.003697153807760326,0.004929538410347101,,,,,,
POST-VALIDATION DIAGNOSTIC — NOT CONFIRMATORY,SESSION,DEVELOPMENT,2025-03-07,15,20107.5,0.0014919806042521448,0.0019893074723361928,0.002486634340420241,0.0019893074723361928,0.002486634340420241,0.0029839612085042896,0.003729951510630362,0.004973268680840482,,,,,,
POST-VALIDATION DIAGNOSTIC — NOT CONFIRMATORY,SESSION,DEVELOPMENT,2025-03-07,20,20118.75,0.0014911463187325257,0.0019881950916433677,0.0024852438645542093,0.0019881950916433677,0.0024852438645542093,0.0029822926374650513,0.003727865796831314,0.004970487729108419,,,,,,
POST-VALIDATION DIAGNOSTIC — NOT CONFIRMATORY,SESSION,DEVELOPMENT,2025-03-07,30,20133.25,0.0014900723926837445,0.001986763190244993,0.002483453987806241,0.001986763190244993,0.002483453987806241,0.002980144785367489,0.003725180981709361,0.004966907975612482,,,,,,
POST-VALIDATION DIAGNOSTIC — NOT CONFIRMATORY,SESSION,DEVELOPMENT,2025-03-10,15,19844.875,0.0015117253195094452,0.002015633759345927,0.0025195421991824085,0.002015633759345927,0.0025195421991824085,0.0030234506390188903,0.003779313298773613,0.005039084398364817,,,,,,
POST-VALIDATION DIAGNOSTIC — NOT CONFIRMATORY,SESSION,DEVELOPMENT,2025-03-10,20,19844.875,0.0015117253195094452,0.002015633759345927,0.0025195421991824085,0.002015633759345927,0.0025195421991824085,0.0030234506390188903,0.003779313298773613,0.005039084398364817,,,,,,
POST-VALIDATION DIAGNOSTIC — NOT CONFIRMATORY,SESSION,DEVELOPMENT,2025-03-10,30,19823.25,0.001513374446672468,0.0020178325955632907,0.0025222907444541133,0.0020178325955632907,0.0025222907444541133,0.003026748893344936,0.0037834361166811698,0.005044581488908227,,,,,,
POST-VALIDATION DIAGNOSTIC — NOT CONFIRMATORY,SESSION,DEVELOPMENT,2025-03-11,15,19469.75,0.0015408518342557044,0.0020544691123409392,0.002568086390426174,0.0020544691123409392,0.002568086390426174,0.003081703668511409,0.0038521295856392608,0.005136172780852348,,,,,,
POST-VALIDATION DIAGNOSTIC — NOT CONFIRMATORY,SESSION,DEVELOPMENT,2025-03-11,20,19489.75,0.0015392706422606756,0.002052360856347567,0.0025654510704344593,0.002052360856347567,0.0025654510704344593,0.003078541284521351,0.0038481766056516886,0.005130902140868919,,,,,,
POST-VALIDATION DIAGNOSTIC — NOT CONFIRMATORY,SESSION,DEVELOPMENT,2025-03-11,30,19492.75,0.0015390337433148222,0.0020520449910864298,0.002565056238858037,0.0020520449910864298,0.002565056238858037,0.0030780674866296444,0.0038475843582870557,0.005130112477716074,,,,,,
POST-VALIDATION DIAGNOSTIC — NOT CONFIRMATORY,SESSION,DEVELOPMENT,2025-03-12,15,19722.375,0.0015211149772783451,0.002028153303037793,0.0025351916287972417,0.002028153303037793,0.0025351916287972417,0.0030422299545566902,0.0038027874431958626,0.005070383257594483,,,,,,
POST-VALIDATION DIAGNOSTIC — NOT CONFIRMATORY,SESSION,DEVELOPMENT,2025-03-12,20,19706.5,0.0015223403445563646,0.002029787126075153,0.0025372339075939413,0.002029787126075153,0.0025372339075939413,0.0030446806891127292,0.0038058508613909117,0.0050744678151878825,,,,,,
POST-VALIDATION DIAGNOSTIC — NOT CONFIRMATORY,SESSION,DEVELOPMENT,2025-03-12,30,19683.125,0.0015241482234147272,0.002032197631219636,0.002540247039024545,0.002032197631219636,0.002540247039024545,0.0030482964468294543,0.003810370558536818,0.00508049407804909,,,,,,
POST-VALIDATION DIAGNOSTIC — NOT CONFIRMATORY,SESSION,DEVELOPMENT,2025-03-13,15,19523.625,0.001536599888596508,0.0020487998514620107,0.0025609998143275134,0.0020487998514620107,0.0025609998143275134,0.003073199777193016,0.0038414997214912703,0.005121999628655027,,,,,,
POST-VALIDATION DIAGNOSTIC — NOT CONFIRMATORY,SESSION,DEVELOPMENT,2025-03-13,20,19517.375,0.0015370919501213663,0.002049455933495155,0.0025618199168689435,0.002049455933495155,0.0025618199168689435,0.0030741839002427327,0.0038427298753034157,0.005123639833737887,,,,,,
POST-VALIDATION DIAGNOSTIC — NOT CONFIRMATORY,SESSION,DEVELOPMENT,2025-03-13,30,19457.875,0.0015417922049555772,0.0020557229399407696,0.0025696536749259618,0.0020557229399407696,0.0025696536749259618,0.0030835844099111544,0.003854480512388943,0.0051393073498519235,,,,,,
POST-VALIDATION DIAGNOSTIC — NOT CONFIRMATORY,SESSION,DEVELOPMENT,2025-03-14,15,19525.25,0.0015364720041996902,0.00204862933893292,0.0025607866736661504,0.00204862933893292,0.0025607866736661504,0.0030729440083993803,0.003841180010499225,0.005121573347332301,,,,,,
POST-VALIDATION DIAGNOSTIC — NOT CONFIRMATORY,SESSION,DEVELOPMENT,2025-03-14,20,19528.375,0.001536226132486702,0.0020483015099822693,0.002560376887477837,0.0020483015099822693,0.002560376887477837,0.003072452264973404,0.003840565331216755,0.005120753774955674,,,,,,
POST-VALIDATION DIAGNOSTIC — NOT CONFIRMATORY,SESSION,DEVELOPMENT,2025-03-14,30,19535.375,0.0015356756652994887,0.0020475675537326514,0.0025594594421658144,0.0020475675537326514,0.0025594594421658144,0.0030713513305989774,0.003839189163248722,0.005118918884331629,,,,,,
POST-VALIDATION DIAGNOSTIC — NOT CONFIRMATORY,SESSION,DEVELOPMENT,2025-03-21,15,19659.375,0.0015259895088221267,0.0020346526784295023,0.002543315848036878,0.0020346526784295023,0.002543315848036878,0.0030519790176442535,0.003814973772055317,0.005086631696073756,,,,,,
POST-VALIDATION DIAGNOSTIC — NOT CONFIRMATORY,SESSION,DEVELOPMENT,2025-03-21,20,19662.5,0.0015257469802924348,0.00203432930705658,0.0025429116338207248,0.00203432930705658,0.0025429116338207248,0.0030514939605848696,0.003814367450731087,0.0050858232676414495,,,,,,
POST-VALIDATION DIAGNOSTIC — NOT CONFIRMATORY,SESSION,DEVELOPMENT,2025-03-21,30,19679.75,0.0015244096088619012,0.0020325461451492018,0.002540682681436502,0.0020325461451492018,0.002540682681436502,0.0030488192177238025,0.003811024022154753,0.005081365362873004,,,,,,
POST-VALIDATION DIAGNOSTIC — NOT CONFIRMATORY,SESSION,DEVELOPMENT,2025-03-24,15,20260.875,0.001480686298099169,0.001974248397465559,0.0024678104968319484,0.001974248397465559,0.0024678104968319484,0.002961372596198338,0.0037017157452479224,0.004935620993663897,,,,,,
POST-VALIDATION DIAGNOSTIC — NOT CONFIRMATORY,SESSION,DEVELOPMENT,2025-03-24,20,20272.625,0.0014798280933031613,0.001973104124404215,0.0024663801555052686,0.001973104124404215,0.0024663801555052686,0.0029596561866063226,0.003699570233257903,0.004932760311010537,,,,,,
POST-VALIDATION DIAGNOSTIC — NOT CONFIRMATORY,SESSION,DEVELOPMENT,2025-03-24,30,20283.625,0.0014790255686545181,0.0019720340915393574,0.002465042614424197,0.0019720340915393574,0.002465042614424197,0.0029580511373090363,0.003697563921636295,0.004930085228848394,,,,,,
POST-VALIDATION DIAGNOSTIC — NOT CONFIRMATORY,SESSION,DEVELOPMENT,2025-03-25,15,20398.75,0.001470678350389117,0.0019609044671854894,0.0024511305839818617,0.0019609044671854894,0.0024511305839818617,0.002941356700778234,0.0036766958759727924,0.004902261167963723,,,,,,
POST-VALIDATION DIAGNOSTIC — NOT CONFIRMATORY,SESSION,DEVELOPMENT,2025-03-25,20,20395.75,0.0014708946716840518,0.001961192895578736,0.0024514911194734195,0.001961192895578736,0.0024514911194734195,0.0029417893433681037,0.0036772366792101295,0.004902982238946839,,,,,,
POST-VALIDATION DIAGNOSTIC — NOT CONFIRMATORY,SESSION,DEVELOPMENT,2025-03-25,30,20395.75,0.0014708946716840518,0.001961192895578736,0.0024514911194734195,0.001961192895578736,0.0024514911194734195,0.0029417893433681037,0.0036772366792101295,0.004902982238946839,,,,,,
POST-VALIDATION DIAGNOSTIC — NOT CONFIRMATORY,SESSION,DEVELOPMENT,2025-03-26,15,20443.875,0.0014674321771190638,0.0019565762361587516,0.0024457202951984397,0.0019565762361587516,0.0024457202951984397,0.0029348643542381277,0.0036685804427976595,0.004891440590396879,,,,,,
POST-VALIDATION DIAGNOSTIC — NOT CONFIRMATORY,SESSION,DEVELOPMENT,2025-03-26,20,20432.75,0.001468231148523816,0.0019576415313650878,0.00244705191420636,0.0019576415313650878,0.00244705191420636,0.002936462297047632,0.0036705778713095397,0.00489410382841272,,,,,,
POST-VALIDATION DIAGNOSTIC — NOT CONFIRMATORY,SESSION,DEVELOPMENT,2025-03-26,30,20390.375,0.0014712824065275896,0.0019617098753701196,0.0024521373442126493,0.0019617098753701196,0.0024521373442126493,0.002942564813055179,0.0036782060163189742,0.004904274688425299,,,,,,
POST-VALIDATION DIAGNOSTIC — NOT CONFIRMATORY,SESSION,DEVELOPMENT,2025-03-27,15,20003.75,0.0014997188027244892,0.001999625070299319,0.0024995313378741485,0.001999625070299319,0.0024995313378741485,0.0029994376054489785,0.003749297006811223,0.004999062675748297,,,,,,
POST-VALIDATION DIAGNOSTIC — NOT CONFIRMATORY,SESSION,DEVELOPMENT,2025-03-27,20,20003.75,0.0014997188027244892,0.001999625070299319,0.0024995313378741485,0.001999625070299319,0.0024995313378741485,0.0029994376054489785,0.003749297006811223,0.004999062675748297,,,,,,
POST-VALIDATION DIAGNOSTIC — NOT CONFIRMATORY,SESSION,DEVELOPMENT,2025-03-27,30,20014.375,0.0014989226493457826,0.0019985635324610436,0.0024982044155763047,0.0019985635324610436,0.0024982044155763047,0.0029978452986915653,0.003747306623364457,0.004996408831152609,,,,,,
POST-VALIDATION DIAGNOSTIC — NOT CONFIRMATORY,SESSION,DEVELOPMENT,2025-03-28,15,19890.375,0.0015082671895326257,0.002011022919376834,0.0025137786492210427,0.002011022919376834,0.0025137786492210427,0.0030165343790652514,0.003770667973831564,0.0050275572984420855,,,,,,
POST-VALIDATION DIAGNOSTIC — NOT CONFIRMATORY,SESSION,DEVELOPMENT,2025-03-28,20,19890.375,0.0015082671895326257,0.002011022919376834,0.0025137786492210427,0.002011022919376834,0.0025137786492210427,0.0030165343790652514,0.003770667973831564,0.0050275572984420855,,,,,,
POST-VALIDATION DIAGNOSTIC — NOT CONFIRMATORY,SESSION,DEVELOPMENT,2025-03-28,30,19890.375,0.0015082671895326257,0.002011022919376834,0.0025137786492210427,0.002011022919376834,0.0025137786492210427,0.0030165343790652514,0.003770667973831564,0.0050275572984420855,,,,,,
POST-VALIDATION DIAGNOSTIC — NOT CONFIRMATORY,SESSION,DEVELOPMENT,2025-03-31,15,19097.75,0.0015708656778939927,0.0020944875705253235,0.0026181094631566545,0.0020944875705253235,0.0026181094631566545,0.0031417313557879855,0.003927164194734982,0.005236218926313309,,,,,,
POST-VALIDATION DIAGNOSTIC — NOT CONFIRMATORY,SESSION,DEVELOPMENT,2025-03-31,20,19084.5,0.0015719562996148707,0.0020959417328198274,0.0026199271660247844,0.0020959417328198274,0.0026199271660247844,0.0031439125992297414,0.003929890749037177,0.005239854332049569,,,,,,
POST-VALIDATION DIAGNOSTIC — NOT CONFIRMATORY,SESSION,DEVELOPMENT,2025-03-31,30,19084.5,0.0015719562996148707,0.0020959417328198274,0.0026199271660247844,0.0020959417328198274,0.0026199271660247844,0.0031439125992297414,0.003929890749037177,0.005239854332049569,,,,,,
POST-VALIDATION DIAGNOSTIC — NOT CONFIRMATORY,SESSION,DEVELOPMENT,2025-04-01,15,19385.625,0.0015475384466582841,0.0020633845955443787,0.0025792307444304735,0.0020633845955443787,0.0025792307444304735,0.0030950768933165683,0.0038688461166457105,0.005158461488860947,,,,,,
POST-VALIDATION DIAGNOSTIC — NOT CONFIRMATORY,SESSION,DEVELOPMENT,2025-04-01,20,19400.25,0.0015463718251053466,0.002061829100140462,0.0025772863751755775,0.002061829100140462,0.0025772863751755775,0.0030927436502106932,0.0038659295627633664,0.005154572750351155,,,,,,
POST-VALIDATION DIAGNOSTIC — NOT CONFIRMATORY,SESSION,DEVELOPMENT,2025-04-01,30,19400.25,0.0015463718251053466,0.002061829100140462,0.0025772863751755775,0.002061829100140462,0.0025772863751755775,0.0030927436502106932,0.0038659295627633664,0.005154572750351155,,,,,,
POST-VALIDATION DIAGNOSTIC — NOT CONFIRMATORY,SESSION,DEVELOPMENT,2025-04-02,15,19425.375,0.0015443717302754774,0.0020591623070339697,0.002573952883792462,0.0020591623070339697,0.002573952883792462,0.0030887434605509547,0.0038609293256886934,0.005147905767584924,,,,,,
POST-VALIDATION DIAGNOSTIC — NOT CONFIRMATORY,SESSION,DEVELOPMENT,2025-04-02,20,19444.125,0.0015428824902123392,0.002057176653616452,0.0025714708170205655,0.002057176653616452,0.0025714708170205655,0.0030857649804246785,0.003857206225530848,0.005142941634041131,,,,,,
POST-VALIDATION DIAGNOSTIC — NOT CONFIRMATORY,SESSION,DEVELOPMENT,2025-04-02,30,19448.875,0.001542505671921898,0.002056674229229197,0.0025708427865364964,0.002056674229229197,0.0025708427865364964,0.003085011343843796,0.0038562641798047443,0.005141685573072993,,,,,,
POST-VALIDATION DIAGNOSTIC — NOT CONFIRMATORY,SESSION,DEVELOPMENT,2025-04-03,15,18992.375,0.0015795812793292046,0.0021061083724389393,0.002632635465548674,0.0021061083724389393,0.002632635465548674,0.003159162558658409,0.0039489531983230115,0.005265270931097348,,,,,,
POST-VALIDATION DIAGNOSTIC — NOT CONFIRMATORY,SESSION,DEVELOPMENT,2025-04-03,20,18992.375,0.0015795812793292046,0.0021061083724389393,0.002632635465548674,0.0021061083724389393,0.002632635465548674,0.003159162558658409,0.0039489531983230115,0.005265270931097348,,,,,,
POST-VALIDATION DIAGNOSTIC — NOT CONFIRMATORY,SESSION,DEVELOPMENT,2025-04-03,30,18992.375,0.0015795812793292046,0.0021061083724389393,0.002632635465548674,0.0021061083724389393,0.002632635465548674,0.003159162558658409,0.0039489531983230115,0.005265270931097348,,,,,,
POST-VALIDATION DIAGNOSTIC — NOT CONFIRMATORY,SESSION,DEVELOPMENT,2025-04-04,15,18128.5,0.0016548528560002206,0.002206470474666961,0.002758088093333701,0.002206470474666961,0.002758088093333701,0.0033097057120004413,0.004137132140000552,0.005516176186667402,,,,,,
POST-VALIDATION DIAGNOSTIC — NOT CONFIRMATORY,SESSION,DEVELOPMENT,2025-04-04,20,18126.875,0.0016550012067717134,0.0022066682756956175,0.002758335344619522,0.0022066682756956175,0.002758335344619522,0.0033100024135434268,0.004137503016929283,0.005516670689239044,,,,,,
POST-VALIDATION DIAGNOSTIC — NOT CONFIRMATORY,SESSION,DEVELOPMENT,2025-04-04,30,,,,,,,,,,,,,,,
POST-VALIDATION DIAGNOSTIC — NOT CONFIRMATORY,SESSION,DEVELOPMENT,2025-04-07,15,16827.375,0.0017828092616941145,0.002377079015592153,0.0029713487694901907,0.002377079015592153,0.0029713487694901907,0.003565618523388229,0.004457023154235286,0.005942697538980381,,,,,,
POST-VALIDATION DIAGNOSTIC — NOT CONFIRMATORY,SESSION,DEVELOPMENT,2025-04-07,20,16827.375,0.0017828092616941145,0.002377079015592153,0.0029713487694901907,0.002377079015592153,0.0029713487694901907,0.003565618523388229,0.004457023154235286,0.005942697538980381,,,,,,
POST-VALIDATION DIAGNOSTIC — NOT CONFIRMATORY,SESSION,DEVELOPMENT,2025-04-07,30,16985.25,0.0017662383538658542,0.002354984471821139,0.0029437305897764237,0.002354984471821139,0.0029437305897764237,0.0035324767077317084,0.004415595884664635,0.0058874611795528475,,,,,,
POST-VALIDATION DIAGNOSTIC — NOT CONFIRMATORY,SESSION,DEVELOPMENT,2025-04-08,15,18132.125,0.0016545220154835685,0.002206029353978091,0.002757536692472614,0.002206029353978091,0.002757536692472614,0.003309044030967137,0.004136305038708921,0.005515073384945228,,,,,,
POST-VALIDATION DIAGNOSTIC — NOT CONFIRMATORY,SESSION,DEVELOPMENT,2025-04-08,20,18139.125,0.001653883525252734,0.002205178033670312,0.00275647254208789,0.002205178033670312,0.00275647254208789,0.003307767050505468,0.004134708813131835,0.00551294508417578,,,,,,
POST-VALIDATION DIAGNOSTIC — NOT CONFIRMATORY,SESSION,DEVELOPMENT,2025-04-08,30,18163.75,0.0016516413185603193,0.0022021884247470924,0.0027527355309338655,0.0022021884247470924,0.0027527355309338655,0.0033032826371206386,0.004129103296400798,0.005505471061867731,,,,,,
POST-VALIDATION DIAGNOSTIC — NOT CONFIRMATORY,SESSION,DEVELOPMENT,2025-04-09,15,17375.0,0.0017266187050359713,0.002302158273381295,0.0028776978417266188,0.002302158273381295,0.0028776978417266188,0.0034532374100719426,0.004316546762589928,0.0057553956834532375,,,,,,
POST-VALIDATION DIAGNOSTIC — NOT CONFIRMATORY,SESSION,DEVELOPMENT,2025-04-09,20,17375.0,0.0017266187050359713,0.002302158273381295,0.0028776978417266188,0.002302158273381295,0.0028776978417266188,0.0034532374100719426,0.004316546762589928,0.0057553956834532375,,,,,,
POST-VALIDATION DIAGNOSTIC — NOT CONFIRMATORY,SESSION,DEVELOPMENT,2025-04-09,30,17375.0,0.0017266187050359713,0.002302158273381295,0.0028776978417266188,0.002302158273381295,0.0028776978417266188,0.0034532374100719426,0.004316546762589928,0.0057553956834532375,,,,,,
POST-VALIDATION DIAGNOSTIC — NOT CONFIRMATORY,SESSION,DEVELOPMENT,2025-04-10,15,18775.5,0.0015978269553407365,0.0021304359404543155,0.0026630449255678943,0.0021304359404543155,0.0026630449255678943,0.003195653910681473,0.003994567388351841,0.005326089851135789,,,,,,
POST-VALIDATION DIAGNOSTIC — NOT CONFIRMATORY,SESSION,DEVELOPMENT,2025-04-10,20,18775.5,0.0015978269553407365,0.0021304359404543155,0.0026630449255678943,0.0021304359404543155,0.0026630449255678943,0.003195653910681473,0.003994567388351841,0.005326089851135789,,,,,,
POST-VALIDATION DIAGNOSTIC — NOT CONFIRMATORY,SESSION,DEVELOPMENT,2025-04-10,30,18765.375,0.001598689074958534,0.0021315854332780455,0.002664481791597557,0.0021315854332780455,0.002664481791597557,0.003197378149917068,0.003996722687396335,0.005328963583195114,,,,,,
POST-VALIDATION DIAGNOSTIC — NOT CONFIRMATORY,SESSION,DEVELOPMENT,2025-04-11,15,18462.375,0.0016249263705238356,0.002166568494031781,0.002708210617539726,0.002166568494031781,0.002708210617539726,0.0032498527410476713,0.004062315926309589,0.005416421235079452,,,,,,
POST-VALIDATION DIAGNOSTIC — NOT CONFIRMATORY,SESSION,DEVELOPMENT,2025-04-11,20,18490.75,0.001622432838040642,0.0021632437840541892,0.0027040547300677367,0.0021632437840541892,0.0027040547300677367,0.003244865676081284,0.0040560820951016045,0.0054081094601354735,,,,,,
POST-VALIDATION DIAGNOSTIC — NOT CONFIRMATORY,SESSION,DEVELOPMENT,2025-04-11,30,18500.75,0.0016215558828696134,0.0021620745104928177,0.002702593138116022,0.0021620745104928177,0.002702593138116022,0.0032431117657392267,0.0040538897071740335,0.005405186276232044,,,,,,
POST-VALIDATION DIAGNOSTIC — NOT CONFIRMATORY,SESSION,DEVELOPMENT,2025-04-14,15,19124.75,0.0015686479561824338,0.002091530608243245,0.0026144132603040564,0.002091530608243245,0.0026144132603040564,0.0031372959123648677,0.003921619890456084,0.005228826520608113,,,,,,
POST-VALIDATION DIAGNOSTIC — NOT CONFIRMATORY,SESSION,DEVELOPMENT,2025-04-14,20,19121.125,0.0015689453418666528,0.00209192712248887,0.002614908903111088,0.00209192712248887,0.002614908903111088,0.0031378906837333056,0.003922363354666632,0.005229817806222176,,,,,,
POST-VALIDATION DIAGNOSTIC — NOT CONFIRMATORY,SESSION,DEVELOPMENT,2025-04-14,30,19121.125,0.0015689453418666528,0.00209192712248887,0.002614908903111088,0.00209192712248887,0.002614908903111088,0.0031378906837333056,0.003922363354666632,0.005229817806222176,,,,,,
POST-VALIDATION DIAGNOSTIC — NOT CONFIRMATORY,SESSION,DEVELOPMENT,2025-04-15,15,19027.375,0.0015766757106537293,0.002102234280871639,0.0026277928510895486,0.002102234280871639,0.0026277928510895486,0.0031533514213074585,0.003941689276634323,0.005255585702179097,,,,,,
POST-VALIDATION DIAGNOSTIC — NOT CONFIRMATORY,SESSION,DEVELOPMENT,2025-04-15,20,19036.125,0.0015759509879242756,0.0021012679838990343,0.0026265849798737927,0.0021012679838990343,0.0026265849798737927,0.003151901975848551,0.003939877469810689,0.0052531699597475855,,,,,,
POST-VALIDATION DIAGNOSTIC — NOT CONFIRMATORY,SESSION,DEVELOPMENT,2025-04-15,30,19042.875,0.0015753923711624427,0.0021005231615499236,0.0026256539519374043,0.0021005231615499236,0.0026256539519374043,0.0031507847423248854,0.003938480927906106,0.0052513079038748085,,,,,,
POST-VALIDATION DIAGNOSTIC — NOT CONFIRMATORY,SESSION,DEVELOPMENT,2025-04-16,15,18625.75,0.0016106733957021865,0.002147564527602915,0.002684455659503644,0.002147564527602915,0.002684455659503644,0.003221346791404373,0.0040266834892554665,0.005368911319007288,,,,,,
POST-VALIDATION DIAGNOSTIC — NOT CONFIRMATORY,SESSION,DEVELOPMENT,2025-04-16,20,18625.75,0.0016106733957021865,0.002147564527602915,0.002684455659503644,0.002147564527602915,0.002684455659503644,0.003221346791404373,0.0040266834892554665,0.005368911319007288,,,,,,
POST-VALIDATION DIAGNOSTIC — NOT CONFIRMATORY,SESSION,DEVELOPMENT,2025-04-16,30,18601.0,0.001612816515241116,0.002150422020321488,0.00268802752540186,0.002150422020321488,0.00268802752540186,0.003225633030482232,0.00403204128810279,0.00537605505080372,,,,,,
POST-VALIDATION DIAGNOSTIC — NOT CONFIRMATORY,SESSION,DEVELOPMENT,2025-04-17,15,18445.875,0.0016263798816808636,0.002168506508907818,0.0027106331361347728,0.002168506508907818,0.0027106331361347728,0.003252759763361727,0.004065949704202159,0.0054212662722695456,,,,,,
POST-VALIDATION DIAGNOSTIC — NOT CONFIRMATORY,SESSION,DEVELOPMENT,2025-04-17,20,18442.75,0.0016266554608179366,0.002168873947757249,0.002711092434696561,0.002168873947757249,0.002711092434696561,0.0032533109216358732,0.004066638652044842,0.005422184869393122,,,,,,
POST-VALIDATION DIAGNOSTIC — NOT CONFIRMATORY,SESSION,DEVELOPMENT,2025-04-17,30,18442.75,0.0016266554608179366,0.002168873947757249,0.002711092434696561,0.002168873947757249,0.002711092434696561,0.0032533109216358732,0.004066638652044842,0.005422184869393122,,,,,,
POST-VALIDATION DIAGNOSTIC — NOT CONFIRMATORY,SESSION,DEVELOPMENT,2025-04-21,15,18113.25,0.0016562461181731606,0.002208328157564214,0.0027604101969552677,0.002208328157564214,0.0027604101969552677,0.003312492236346321,0.0041406152954329015,0.005520820393910535,,,,,,
POST-VALIDATION DIAGNOSTIC — NOT CONFIRMATORY,SESSION,DEVELOPMENT,2025-04-21,20,18107.5,0.0016567720557779926,0.00220902940770399,0.0027612867596299878,0.00220902940770399,0.0027612867596299878,0.0033135441115559852,0.004141930139444981,0.0055225735192599755,,,,,,
POST-VALIDATION DIAGNOSTIC — NOT CONFIRMATORY,SESSION,DEVELOPMENT,2025-04-21,30,18079.875,0.0016593035073527887,0.0022124046764703848,0.0027655058455879813,0.0022124046764703848,0.0027655058455879813,0.0033186070147055774,0.004148258768381972,0.0055310116911759626,,,,,,
POST-VALIDATION DIAGNOSTIC — NOT CONFIRMATORY,SESSION,DEVELOPMENT,2025-04-22,15,18155.625,0.0016523804606010533,0.002203173947468071,0.002753967434335089,0.002203173947468071,0.002753967434335089,0.0033047609212021067,0.004130951151502633,0.005507934868670178,,,,,,
POST-VALIDATION DIAGNOSTIC — NOT CONFIRMATORY,SESSION,DEVELOPMENT,2025-04-22,20,18174.375,0.0016506757453832663,0.002200900993844355,0.002751126242305444,0.002200900993844355,0.002751126242305444,0.0033013514907665326,0.004126689363458166,0.005502252484610888,,,,,,
POST-VALIDATION DIAGNOSTIC — NOT CONFIRMATORY,SESSION,DEVELOPMENT,2025-04-22,30,18177.5,0.001650391968092422,0.002200522624123229,0.0027506532801540367,0.002200522624123229,0.0027506532801540367,0.003300783936184844,0.004125979920231055,0.0055013065603080735,,,,,,
POST-VALIDATION DIAGNOSTIC — NOT CONFIRMATORY,SESSION,DEVELOPMENT,2025-04-23,15,19015.0,0.0015777018143570865,0.002103602419142782,0.0026295030239284773,0.002103602419142782,0.0026295030239284773,0.003155403628714173,0.003944254535892716,0.005259006047856955,,,,,,
POST-VALIDATION DIAGNOSTIC — NOT CONFIRMATORY,SESSION,DEVELOPMENT,2025-04-23,20,19015.0,0.0015777018143570865,0.002103602419142782,0.0026295030239284773,0.002103602419142782,0.0026295030239284773,0.003155403628714173,0.003944254535892716,0.005259006047856955,,,,,,
POST-VALIDATION DIAGNOSTIC — NOT CONFIRMATORY,SESSION,DEVELOPMENT,2025-04-23,30,19019.625,0.0015773181647903154,0.002103090886387087,0.002628863607983859,0.002103090886387087,0.002628863607983859,0.0031546363295806307,0.003943295411975788,0.005257727215967718,,,,,,
POST-VALIDATION DIAGNOSTIC — NOT CONFIRMATORY,SESSION,DEVELOPMENT,2025-04-24,15,18903.875,0.0015869762151939748,0.0021159682869252997,0.002644960358656625,0.0021159682869252997,0.002644960358656625,0.0031739524303879495,0.003967440537984937,0.00528992071731325,,,,,,
POST-VALIDATION DIAGNOSTIC — NOT CONFIRMATORY,SESSION,DEVELOPMENT,2025-04-24,20,18918.375,0.0015857598763107297,0.0021143465017476396,0.0026429331271845494,0.0021143465017476396,0.0026429331271845494,0.0031715197526214593,0.003964399690776824,0.005285866254369099,,,,,,
POST-VALIDATION DIAGNOSTIC — NOT CONFIRMATORY,SESSION,DEVELOPMENT,2025-04-24,30,18954.375,0.0015827480462953804,0.0021103307283938406,0.0026379134104923007,0.0021103307283938406,0.0026379134104923007,0.003165496092590761,0.003956870115738451,0.0052758268209846014,,,,,,
POST-VALIDATION DIAGNOSTIC — NOT CONFIRMATORY,SESSION,DEVELOPMENT,2025-04-25,15,19309.75,0.0015536192855940651,0.002071492380792087,0.0025893654759901086,0.002071492380792087,0.0025893654759901086,0.0031072385711881302,0.003884048213985163,0.005178730951980217,,,,,,
POST-VALIDATION DIAGNOSTIC — NOT CONFIRMATORY,SESSION,DEVELOPMENT,2025-04-25,20,19309.75,0.0015536192855940651,0.002071492380792087,0.0025893654759901086,0.002071492380792087,0.0025893654759901086,0.0031072385711881302,0.003884048213985163,0.005178730951980217,,,,,,
POST-VALIDATION DIAGNOSTIC — NOT CONFIRMATORY,SESSION,DEVELOPMENT,2025-04-25,30,19299.625,0.001554434347817639,0.0020725791304235185,0.0025907239130293983,0.0020725791304235185,0.0025907239130293983,0.003108868695635278,0.0038860858695440974,0.0051814478260587965,,,,,,
POST-VALIDATION DIAGNOSTIC — NOT CONFIRMATORY,SESSION,DEVELOPMENT,2025-04-28,15,19540.875,0.0015352434320366924,0.0020469912427155896,0.002558739053394487,0.0020469912427155896,0.002558739053394487,0.0030704868640733848,0.003838108580091731,0.005117478106788974,,,,,,
POST-VALIDATION DIAGNOSTIC — NOT CONFIRMATORY,SESSION,DEVELOPMENT,2025-04-28,20,19552.75,0.001534311030417716,0.002045748040556955,0.002557185050696194,0.002045748040556955,0.002557185050696194,0.003068622060835432,0.0038357775760442902,0.005114370101392388,,,,,,
POST-VALIDATION DIAGNOSTIC — NOT CONFIRMATORY,SESSION,DEVELOPMENT,2025-04-28,30,19538.25,0.0015354496948293732,0.0020472662597724976,0.002559082824715622,0.0020472662597724976,0.002559082824715622,0.0030708993896587464,0.003838624237073433,0.005118165649431244,,,,,,
POST-VALIDATION DIAGNOSTIC — NOT CONFIRMATORY,SESSION,DEVELOPMENT,2025-04-29,15,19440.75,0.0015431503414220131,0.002057533788562684,0.0025719172357033552,0.002057533788562684,0.0025719172357033552,0.0030863006828440263,0.0038578758535550324,0.0051438344714067104,,,,,,
POST-VALIDATION DIAGNOSTIC — NOT CONFIRMATORY,SESSION,DEVELOPMENT,2025-04-29,20,19465.5,0.0015411882561454883,0.0020549176748606507,0.0025686470935758136,0.0020549176748606507,0.0025686470935758136,0.0030823765122909765,0.00385297064036372,0.005137294187151627,,,,,,
POST-VALIDATION DIAGNOSTIC — NOT CONFIRMATORY,SESSION,DEVELOPMENT,2025-04-29,30,19477.0,0.0015402782769420342,0.0020537043692560454,0.002567130461570057,0.0020537043692560454,0.002567130461570057,0.0030805565538840683,0.0038506956923550855,0.005134260923140114,,,,,,
POST-VALIDATION DIAGNOSTIC — NOT CONFIRMATORY,SESSION,DEVELOPMENT,2025-04-30,15,19219.75,0.001560894392486895,0.00208119252331586,0.002601490654144825,0.00208119252331586,0.002601490654144825,0.00312178878497379,0.0039022359812172377,0.00520298130828965,,,,,,
POST-VALIDATION DIAGNOSTIC — NOT CONFIRMATORY,SESSION,DEVELOPMENT,2025-04-30,20,19219.75,0.001560894392486895,0.00208119252331586,0.002601490654144825,0.00208119252331586,0.002601490654144825,0.00312178878497379,0.0039022359812172377,0.00520298130828965,,,,,,
POST-VALIDATION DIAGNOSTIC — NOT CONFIRMATORY,SESSION,DEVELOPMENT,2025-04-30,30,19205.125,0.001562083037730814,0.0020827773836410855,0.002603471729551357,0.0020827773836410855,0.002603471729551357,0.003124166075461628,0.003905207594327035,0.005206943459102714,,,,,,
POST-VALIDATION DIAGNOSTIC — NOT CONFIRMATORY,SESSION,DEVELOPMENT,2025-05-01,15,19939.5,0.001504551267584443,0.0020060683567792574,0.0025075854459740716,0.0020060683567792574,0.0025075854459740716,0.003009102535168886,0.0037613781689611074,0.005015170891948143,,,,,,
POST-VALIDATION DIAGNOSTIC — NOT CONFIRMATORY,SESSION,DEVELOPMENT,2025-05-01,20,19939.5,0.001504551267584443,0.0020060683567792574,0.0025075854459740716,0.0020060683567792574,0.0025075854459740716,0.003009102535168886,0.0037613781689611074,0.005015170891948143,,,,,,
POST-VALIDATION DIAGNOSTIC — NOT CONFIRMATORY,SESSION,DEVELOPMENT,2025-05-01,30,19928.0,0.0015054195102368526,0.002007226013649137,0.002509032517061421,0.002007226013649137,0.002509032517061421,0.003010839020473705,0.0037635487755921316,0.005018065034122842,,,,,,
POST-VALIDATION DIAGNOSTIC — NOT CONFIRMATORY,SESSION,DEVELOPMENT,2025-05-02,15,20079.0,0.0014940983116689078,0.0019921310822252104,0.002490163852781513,0.0019921310822252104,0.002490163852781513,0.0029881966233378156,0.0037352457791722696,0.004980327705563026,,,,,,
POST-VALIDATION DIAGNOSTIC — NOT CONFIRMATORY,SESSION,DEVELOPMENT,2025-05-02,20,20079.0,0.0014940983116689078,0.0019921310822252104,0.002490163852781513,0.0019921310822252104,0.002490163852781513,0.0029881966233378156,0.0037352457791722696,0.004980327705563026,,,,,,
POST-VALIDATION DIAGNOSTIC — NOT CONFIRMATORY,SESSION,DEVELOPMENT,2025-05-02,30,20072.25,0.0014946007547733812,0.001992801006364508,0.002491001257955635,0.001992801006364508,0.002491001257955635,0.0029892015095467623,0.003736501886933453,0.00498200251591127,,,,,,
POST-VALIDATION DIAGNOSTIC — NOT CONFIRMATORY,SESSION,DEVELOPMENT,2025-05-05,15,20019.5,0.001498538924548565,0.001998051899398087,0.0024975648742476086,0.001998051899398087,0.0024975648742476086,0.00299707784909713,0.0037463473113714127,0.004995129748495217,,,,,,
POST-VALIDATION DIAGNOSTIC — NOT CONFIRMATORY,SESSION,DEVELOPMENT,2025-05-05,20,20023.375,0.0014982489215729117,0.001997665228763882,0.002497081535954853,0.001997665228763882,0.002497081535954853,0.0029964978431458234,0.003745622303932279,0.004994163071909706,,,,,,
POST-VALIDATION DIAGNOSTIC — NOT CONFIRMATORY,SESSION,DEVELOPMENT,2025-05-05,30,20028.25,0.0014978842385131002,0.0019971789846841338,0.002496473730855167,0.0019971789846841338,0.002496473730855167,0.0029957684770262004,0.0037447105962827507,0.004992947461710334,,,,,,
POST-VALIDATION DIAGNOSTIC — NOT CONFIRMATORY,SESSION,DEVELOPMENT,2025-05-06,15,19821.875,0.001513479426139051,0.0020179725681854013,0.0025224657102317517,0.0020179725681854013,0.0025224657102317517,0.003026958852278102,0.0037836985653476275,0.005044931420463503,,,,,,
POST-VALIDATION DIAGNOSTIC — NOT CONFIRMATORY,SESSION,DEVELOPMENT,2025-05-06,20,19821.875,0.001513479426139051,0.0020179725681854013,0.0025224657102317517,0.0020179725681854013,0.0025224657102317517,0.003026958852278102,0.0037836985653476275,0.005044931420463503,,,,,,
POST-VALIDATION DIAGNOSTIC — NOT CONFIRMATORY,SESSION,DEVELOPMENT,2025-05-06,30,19805.625,0.0015147211966297454,0.0020196282621729937,0.0025245353277162422,0.0020196282621729937,0.0025245353277162422,0.0030294423932594908,0.0037868029915743636,0.0050490706554324844,,,,,,
POST-VALIDATION DIAGNOSTIC — NOT CONFIRMATORY,SESSION,DEVELOPMENT,2025-05-07,15,19900.125,0.0015075282190438503,0.0020100376253918,0.0025125470317397505,0.0020100376253918,0.0025125470317397505,0.0030150564380877006,0.0037688205476096256,0.005025094063479501,,,,,,
POST-VALIDATION DIAGNOSTIC — NOT CONFIRMATORY,SESSION,DEVELOPMENT,2025-05-07,20,19897.25,0.0015077460453077687,0.002010328060410358,0.0025129100755129476,0.002010328060410358,0.0025129100755129476,0.0030154920906155375,0.003769365113269422,0.005025820151025895,,,,,,
POST-VALIDATION DIAGNOSTIC — NOT CONFIRMATORY,SESSION,DEVELOPMENT,2025-05-07,30,19901.375,0.001507433531602716,0.0020099113754702877,0.00251238921933786,0.0020099113754702877,0.00251238921933786,0.003014867063205432,0.0037685838290067897,0.00502477843867572,,,,,,
POST-VALIDATION DIAGNOSTIC — NOT CONFIRMATORY,SESSION,DEVELOPMENT,2025-05-08,15,20136.125,0.0014898596428061506,0.0019864795237415343,0.0024830994046769177,0.0019864795237415343,0.0024830994046769177,0.002979719285612301,0.0037246491070153766,0.0049661988093538355,,,,,,
POST-VALIDATION DIAGNOSTIC — NOT CONFIRMATORY,SESSION,DEVELOPMENT,2025-05-08,20,20117.75,0.001491220439661493,0.001988293919548657,0.0024853673994358217,0.001988293919548657,0.0024853673994358217,0.002982440879322986,0.0037280510991537326,0.004970734798871643,,,,,,
POST-VALIDATION DIAGNOSTIC — NOT CONFIRMATORY,SESSION,DEVELOPMENT,2025-05-08,30,20117.75,0.001491220439661493,0.001988293919548657,0.0024853673994358217,0.001988293919548657,0.0024853673994358217,0.002982440879322986,0.0037280510991537326,0.004970734798871643,,,,,,
POST-VALIDATION DIAGNOSTIC — NOT CONFIRMATORY,SESSION,DEVELOPMENT,2025-05-09,15,20249.875,0.0014814906264853486,0.001975320835313798,0.0024691510441422477,0.001975320835313798,0.0024691510441422477,0.0029629812529706973,0.003703726566213372,0.0049383020882844955,,,,,,
POST-VALIDATION DIAGNOSTIC — NOT CONFIRMATORY,SESSION,DEVELOPMENT,2025-05-09,20,20249.875,0.0014814906264853486,0.001975320835313798,0.0024691510441422477,0.001975320835313798,0.0024691510441422477,0.0029629812529706973,0.003703726566213372,0.0049383020882844955,,,,,,
POST-VALIDATION DIAGNOSTIC — NOT CONFIRMATORY,SESSION,DEVELOPMENT,2025-05-09,30,20242.125,0.001482057837307101,0.0019760771164094677,0.002470096395511835,0.0019760771164094677,0.002470096395511835,0.002964115674614202,0.0037051445932677523,0.00494019279102367,,,,,,
POST-VALIDATION DIAGNOSTIC — NOT CONFIRMATORY,SESSION,DEVELOPMENT,2025-05-12,15,20834.375,0.00143992800359982,0.00191990400479976,0.0023998800059997,0.00191990400479976,0.0023998800059997,0.00287985600719964,0.00359982000899955,0.0047997600119994,,,,,,
POST-VALIDATION DIAGNOSTIC — NOT CONFIRMATORY,SESSION,DEVELOPMENT,2025-05-12,20,20834.375,0.00143992800359982,0.00191990400479976,0.0023998800059997,0.00191990400479976,0.0023998800059997,0.00287985600719964,0.00359982000899955,0.0047997600119994,,,,,,
POST-VALIDATION DIAGNOSTIC — NOT CONFIRMATORY,SESSION,DEVELOPMENT,2025-05-12,30,20834.375,0.00143992800359982,0.00191990400479976,0.0023998800059997,0.00191990400479976,0.0023998800059997,0.00287985600719964,0.00359982000899955,0.0047997600119994,,,,,,
POST-VALIDATION DIAGNOSTIC — NOT CONFIRMATORY,SESSION,DEVELOPMENT,2025-05-13,15,21026.875,0.0014267455339892399,0.0019023273786523199,0.0023779092233154,0.0019023273786523199,0.0023779092233154,0.0028534910679784797,0.0035668638349730998,0.0047558184466308,,,,,,
POST-VALIDATION DIAGNOSTIC — NOT CONFIRMATORY,SESSION,DEVELOPMENT,2025-05-13,20,21026.875,0.0014267455339892399,0.0019023273786523199,0.0023779092233154,0.0019023273786523199,0.0023779092233154,0.0028534910679784797,0.0035668638349730998,0.0047558184466308,,,,,,
POST-VALIDATION DIAGNOSTIC — NOT CONFIRMATORY,SESSION,DEVELOPMENT,2025-05-13,30,21052.625,0.0014250004453126392,0.0019000005937501855,0.002375000742187732,0.0019000005937501855,0.002375000742187732,0.0028500008906252785,0.003562501113281598,0.004750001484375464,,,,,,
POST-VALIDATION DIAGNOSTIC — NOT CONFIRMATORY,SESSION,DEVELOPMENT,2025-05-14,15,21359.375,0.0014045354791514264,0.001872713972201902,0.0023408924652523777,0.001872713972201902,0.0023408924652523777,0.0028090709583028528,0.0035113386978785663,0.004681784930504755,,,,,,
POST-VALIDATION DIAGNOSTIC — NOT CONFIRMATORY,SESSION,DEVELOPMENT,2025-05-14,20,21340.875,0.0014057530443339367,0.0018743373924452488,0.002342921740556561,0.0018743373924452488,0.002342921740556561,0.0028115060886678735,0.0035143826108348414,0.004685843481113122,,,,,,
POST-VALIDATION DIAGNOSTIC — NOT CONFIRMATORY,SESSION,DEVELOPMENT,2025-05-14,30,21338.75,0.0014058930349715893,0.0018745240466287857,0.002343155058285982,0.0018745240466287857,0.002343155058285982,0.0028117860699431786,0.003514732587428973,0.004686310116571964,,,,,,
POST-VALIDATION DIAGNOSTIC — NOT CONFIRMATORY,SESSION,DEVELOPMENT,2025-05-15,15,21308.125,0.0014079136479629249,0.0018772181972838999,0.002346522746604875,0.0018772181972838999,0.002346522746604875,0.0028158272959258497,0.003519784119907312,0.00469304549320975,,,,,,
POST-VALIDATION DIAGNOSTIC — NOT CONFIRMATORY,SESSION,DEVELOPMENT,2025-05-15,20,21293.875,0.0014088558329566601,0.0018784744439422135,0.0023480930549277666,0.0018784744439422135,0.0023480930549277666,0.0028177116659133202,0.00352213958239165,0.004696186109855533,,,,,,
POST-VALIDATION DIAGNOSTIC — NOT CONFIRMATORY,SESSION,DEVELOPMENT,2025-05-15,30,21293.875,0.0014088558329566601,0.0018784744439422135,0.0023480930549277666,0.0018784744439422135,0.0023480930549277666,0.0028177116659133202,0.00352213958239165,0.004696186109855533,,,,,,
POST-VALIDATION DIAGNOSTIC — NOT CONFIRMATORY,SESSION,DEVELOPMENT,2025-05-16,15,21429.5,0.0013999393359621084,0.001866585781282811,0.002333232226603514,0.001866585781282811,0.002333232226603514,0.002799878671924217,0.003499848339905271,0.004666464453207028,,,,,,
POST-VALIDATION DIAGNOSTIC — NOT CONFIRMATORY,SESSION,DEVELOPMENT,2025-05-16,20,21429.5,0.0013999393359621084,0.001866585781282811,0.002333232226603514,0.001866585781282811,0.002333232226603514,0.002799878671924217,0.003499848339905271,0.004666464453207028,,,,,,
POST-VALIDATION DIAGNOSTIC — NOT CONFIRMATORY,SESSION,DEVELOPMENT,2025-05-16,30,21429.5,0.0013999393359621084,0.001866585781282811,0.002333232226603514,0.001866585781282811,0.002333232226603514,0.002799878671924217,0.003499848339905271,0.004666464453207028,,,,,,
POST-VALIDATION DIAGNOSTIC — NOT CONFIRMATORY,SESSION,DEVELOPMENT,2025-05-19,15,21268.25,0.0014105532895278172,0.001880737719370423,0.0023509221492130287,0.001880737719370423,0.0023509221492130287,0.0028211065790556345,0.0035263832238195433,0.0047018442984260575,,,,,,
POST-VALIDATION DIAGNOSTIC — NOT CONFIRMATORY,SESSION,DEVELOPMENT,2025-05-19,20,21288.25,0.0014092280953107935,0.0018789707937477247,0.002348713492184656,0.0018789707937477247,0.002348713492184656,0.002818456190621587,0.0035230702382769838,0.004697426984369312,,,,,,
POST-VALIDATION DIAGNOSTIC — NOT CONFIRMATORY,SESSION,DEVELOPMENT,2025-05-19,30,21288.25,0.0014092280953107935,0.0018789707937477247,0.002348713492184656,0.0018789707937477247,0.002348713492184656,0.002818456190621587,0.0035230702382769838,0.004697426984369312,,,,,,
POST-VALIDATION DIAGNOSTIC — NOT CONFIRMATORY,SESSION,DEVELOPMENT,2025-05-20,15,21415.125,0.001400879051604882,0.001867838735473176,0.0023347984193414703,0.001867838735473176,0.0023347984193414703,0.002801758103209764,0.003502197629012205,0.004669596838682941,,,,,,
POST-VALIDATION DIAGNOSTIC — NOT CONFIRMATORY,SESSION,DEVELOPMENT,2025-05-20,20,21398.875,0.0014019428591456327,0.0018692571455275102,0.0023365714319093876,0.0018692571455275102,0.0023365714319093876,0.0028038857182912653,0.0035048571478640818,0.004673142863818775,,,,,,
POST-VALIDATION DIAGNOSTIC — NOT CONFIRMATORY,SESSION,DEVELOPMENT,2025-05-20,30,21396.875,0.0014020739009785307,0.0018694318679713744,0.0023367898349642177,0.0018694318679713744,0.0023367898349642177,0.0028041478019570614,0.0035051847524463268,0.004673579669928435,,,,,,
POST-VALIDATION DIAGNOSTIC — NOT CONFIRMATORY,SESSION,DEVELOPMENT,2025-05-21,15,21324.625,0.0014068242700633656,0.001875765693417821,0.002344707116772276,0.001875765693417821,0.002344707116772276,0.0028136485401267313,0.0035170606751584142,0.004689414233544552,,,,,,
POST-VALIDATION DIAGNOSTIC — NOT CONFIRMATORY,SESSION,DEVELOPMENT,2025-05-21,20,21330.25,0.001406453276450112,0.001875271035266816,0.0023440887940835197,0.001875271035266816,0.0023440887940835197,0.002812906552900224,0.00351613319112528,0.004688177588167039,,,,,,
POST-VALIDATION DIAGNOSTIC — NOT CONFIRMATORY,SESSION,DEVELOPMENT,2025-05-21,30,21341.0,0.0014057448104587414,0.0018743264139449885,0.0023429080174312356,0.0018743264139449885,0.0023429080174312356,0.0028114896209174827,0.0035143620261468534,0.004685816034862471,,,,,,
POST-VALIDATION DIAGNOSTIC — NOT CONFIRMATORY,SESSION,DEVELOPMENT,2025-05-22,15,21166.625,0.0014173256246567414,0.0018897674995423219,0.0023622093744279024,0.0018897674995423219,0.0023622093744279024,0.0028346512493134827,0.0035433140616418536,0.004724418748855805,,,,,,
POST-VALIDATION DIAGNOSTIC — NOT CONFIRMATORY,SESSION,DEVELOPMENT,2025-05-22,20,21166.625,0.0014173256246567414,0.0018897674995423219,0.0023622093744279024,0.0018897674995423219,0.0023622093744279024,0.0028346512493134827,0.0035433140616418536,0.004724418748855805,,,,,,
POST-VALIDATION DIAGNOSTIC — NOT CONFIRMATORY,SESSION,DEVELOPMENT,2025-05-22,30,21203.375,0.0014148690951322608,0.0018864921268430144,0.002358115158553768,0.0018864921268430144,0.002358115158553768,0.0028297381902645216,0.003537172737830652,0.004716230317107536,,,,,,
POST-VALIDATION DIAGNOSTIC — NOT CONFIRMATORY,SESSION,DEVELOPMENT,2025-05-23,15,20887.5,0.001436265709156194,0.0019150209455415918,0.0023937761819269898,0.0019150209455415918,0.0023937761819269898,0.002872531418312388,0.003590664272890485,0.0047875523638539795,,,,,,
POST-VALIDATION DIAGNOSTIC — NOT CONFIRMATORY,SESSION,DEVELOPMENT,2025-05-23,20,20887.5,0.001436265709156194,0.0019150209455415918,0.0023937761819269898,0.0019150209455415918,0.0023937761819269898,0.002872531418312388,0.003590664272890485,0.0047875523638539795,,,,,,
POST-VALIDATION DIAGNOSTIC — NOT CONFIRMATORY,SESSION,DEVELOPMENT,2025-05-23,30,20887.5,0.001436265709156194,0.0019150209455415918,0.0023937761819269898,0.0019150209455415918,0.0023937761819269898,0.002872531418312388,0.003590664272890485,0.0047875523638539795,,,,,,
POST-VALIDATION DIAGNOSTIC — NOT CONFIRMATORY,SESSION,DEVELOPMENT,2025-05-26,15,21283.25,0.0014095591603725936,0.0018794122138301246,0.0023492652672876557,0.0018794122138301246,0.0023492652672876557,0.002819118320745187,0.0035238979009314837,0.004698530534575311,,,,,,
POST-VALIDATION DIAGNOSTIC — NOT CONFIRMATORY,SESSION,DEVELOPMENT,2025-05-26,20,21283.25,0.0014095591603725936,0.0018794122138301246,0.0023492652672876557,0.0018794122138301246,0.0023492652672876557,0.002819118320745187,0.0035238979009314837,0.004698530534575311,,,,,,
POST-VALIDATION DIAGNOSTIC — NOT CONFIRMATORY,SESSION,DEVELOPMENT,2025-05-26,30,21283.25,0.0014095591603725936,0.0018794122138301246,0.0023492652672876557,0.0018794122138301246,0.0023492652672876557,0.002819118320745187,0.0035238979009314837,0.004698530534575311,,,,,,
POST-VALIDATION DIAGNOSTIC — NOT CONFIRMATORY,SESSION,DEVELOPMENT,2025-05-27,15,21238.875,0.0014125041933718242,0.0018833389244957653,0.0023541736556197067,0.0018833389244957653,0.0023541736556197067,0.0028250083867436483,0.0035312604834295603,0.0047083473112394135,,,,,,
POST-VALIDATION DIAGNOSTIC — NOT CONFIRMATORY,SESSION,DEVELOPMENT,2025-05-27,20,21238.875,0.0014125041933718242,0.0018833389244957653,0.0023541736556197067,0.0018833389244957653,0.0023541736556197067,0.0028250083867436483,0.0035312604834295603,0.0047083473112394135,,,,,,
POST-VALIDATION DIAGNOSTIC — NOT CONFIRMATORY,SESSION,DEVELOPMENT,2025-05-27,30,21245.125,0.0014120886556327629,0.001882784874177017,0.0023534810927212713,0.001882784874177017,0.0023534810927212713,0.0028241773112655257,0.0035302216390819072,0.004706962185442543,,,,,,
POST-VALIDATION DIAGNOSTIC — NOT CONFIRMATORY,SESSION,DEVELOPMENT,2025-05-28,15,21527.5,0.0013935663685983046,0.001858088491464406,0.0023226106143305076,0.001858088491464406,0.0023226106143305076,0.002787132737196609,0.0034839159214957614,0.004645221228661015,,,,,,
POST-VALIDATION DIAGNOSTIC — NOT CONFIRMATORY,SESSION,DEVELOPMENT,2025-05-28,20,21521.75,0.0013939386899299545,0.0018585849199066061,0.0023232311498832575,0.0018585849199066061,0.0023232311498832575,0.002787877379859909,0.0034848467248248865,0.004646462299766515,,,,,,
POST-VALIDATION DIAGNOSTIC — NOT CONFIRMATORY,SESSION,DEVELOPMENT,2025-05-28,30,21508.125,0.0013948217243483568,0.0018597622991311422,0.002324702873913928,0.0018597622991311422,0.002324702873913928,0.0027896434486967135,0.003487054310870892,0.004649405747827856,,,,,,
POST-VALIDATION DIAGNOSTIC — NOT CONFIRMATORY,SESSION,DEVELOPMENT,2025-05-29,15,21600.875,0.001388832628307881,0.0018517768377438414,0.002314721047179802,0.0018517768377438414,0.002314721047179802,0.002777665256615762,0.0034720815707697025,0.004629442094359604,,,,,,
POST-VALIDATION DIAGNOSTIC — NOT CONFIRMATORY,SESSION,DEVELOPMENT,2025-05-29,20,21583.0,0.0013899828568780985,0.0018533104758374646,0.0023166380947968307,0.0018533104758374646,0.0023166380947968307,0.002779965713756197,0.0034749571421952463,0.0046332761895936615,,,,,,
POST-VALIDATION DIAGNOSTIC — NOT CONFIRMATORY,SESSION,DEVELOPMENT,2025-05-29,30,21582.375,0.0013900231091341893,0.0018533641455122526,0.002316705181890316,0.0018533641455122526,0.002316705181890316,0.0027800462182683786,0.0034750577728354733,0.004633410363780632,,,,,,
POST-VALIDATION DIAGNOSTIC — NOT CONFIRMATORY,SESSION,DEVELOPMENT,2025-05-30,15,21343.0,0.0014056130815724125,0.0018741507754298833,0.002342688469287354,0.0018741507754298833,0.002342688469287354,0.002811226163144825,0.0035140327039310314,0.004685376938574708,,,,,,
POST-VALIDATION DIAGNOSTIC — NOT CONFIRMATORY,SESSION,DEVELOPMENT,2025-05-30,20,21338.5,0.001405909506291445,0.0018745460083885934,0.002343182510485742,0.0018745460083885934,0.002343182510485742,0.00281181901258289,0.0035147737657286126,0.004686365020971484,,,,,,
POST-VALIDATION DIAGNOSTIC — NOT CONFIRMATORY,SESSION,DEVELOPMENT,2025-05-30,30,21312.75,0.0014076081218988633,0.0018768108291984844,0.0023460135364981056,0.0018768108291984844,0.0023460135364981056,0.0028152162437977265,0.0035190203047471584,0.004692027072996211,,,,,,
POST-VALIDATION DIAGNOSTIC — NOT CONFIRMATORY,SESSION,DEVELOPMENT,2025-06-02,15,21372.375,0.0014036811538259085,0.001871574871767878,0.0023394685897098473,0.001871574871767878,0.0023394685897098473,0.002807362307651817,0.003509202884564771,0.004678937179419695,,,,,,
POST-VALIDATION DIAGNOSTIC — NOT CONFIRMATORY,SESSION,DEVELOPMENT,2025-06-02,20,21372.375,0.0014036811538259085,0.001871574871767878,0.0023394685897098473,0.001871574871767878,0.0023394685897098473,0.002807362307651817,0.003509202884564771,0.004678937179419695,,,,,,
POST-VALIDATION DIAGNOSTIC — NOT CONFIRMATORY,SESSION,DEVELOPMENT,2025-06-02,30,21372.375,0.0014036811538259085,0.001871574871767878,0.0023394685897098473,0.001871574871767878,0.0023394685897098473,0.002807362307651817,0.003509202884564771,0.004678937179419695,,,,,,
POST-VALIDATION DIAGNOSTIC — NOT CONFIRMATORY,SESSION,DEVELOPMENT,2025-06-03,15,21552.875,0.0013919256711691595,0.0018559008948922128,0.002319876118615266,0.0018559008948922128,0.002319876118615266,0.002783851342338319,0.003479814177922899,0.004639752237230532,,,,,,
POST-VALIDATION DIAGNOSTIC — NOT CONFIRMATORY,SESSION,DEVELOPMENT,2025-06-03,20,21554.625,0.0013918126620156928,0.0018557502160209236,0.0023196877700261543,0.0018557502160209236,0.0023196877700261543,0.0027836253240313856,0.0034795316550392317,0.004639375540052309,,,,,,
POST-VALIDATION DIAGNOSTIC — NOT CONFIRMATORY,SESSION,DEVELOPMENT,2025-06-03,30,21558.0,0.0013915947676036739,0.0018554596901382318,0.00231932461267279,0.0018554596901382318,0.00231932461267279,0.0027831895352073478,0.0034789869190091846,0.00463864922534558,,,,,,
POST-VALIDATION DIAGNOSTIC — NOT CONFIRMATORY,SESSION,DEVELOPMENT,2025-06-04,15,21755.125,0.001378985411483501,0.0018386472153113346,0.0022983090191391682,0.0018386472153113346,0.0022983090191391682,0.002757970822967002,0.0034474635287087526,0.0045966180382783365,,,,,,
POST-VALIDATION DIAGNOSTIC — NOT CONFIRMATORY,SESSION,DEVELOPMENT,2025-06-04,20,21755.125,0.001378985411483501,0.0018386472153113346,0.0022983090191391682,0.0018386472153113346,0.0022983090191391682,0.002757970822967002,0.0034474635287087526,0.0045966180382783365,,,,,,
POST-VALIDATION DIAGNOSTIC — NOT CONFIRMATORY,SESSION,DEVELOPMENT,2025-06-04,30,21755.125,0.001378985411483501,0.0018386472153113346,0.0022983090191391682,0.0018386472153113346,0.0022983090191391682,0.002757970822967002,0.0034474635287087526,0.0045966180382783365,,,,,,
POST-VALIDATION DIAGNOSTIC — NOT CONFIRMATORY,SESSION,DEVELOPMENT,2025-06-05,15,21787.5,0.001376936316695353,0.0018359150889271372,0.002294893861158921,0.0018359150889271372,0.002294893861158921,0.002753872633390706,0.0034423407917383822,0.004589787722317842,,,,,,
POST-VALIDATION DIAGNOSTIC — NOT CONFIRMATORY,SESSION,DEVELOPMENT,2025-06-05,20,21765.875,0.001378304341084381,0.0018377391214458414,0.0022971739018073016,0.0018377391214458414,0.0022971739018073016,0.002756608682168762,0.003445760852710952,0.004594347803614603,,,,,,
POST-VALIDATION DIAGNOSTIC — NOT CONFIRMATORY,SESSION,DEVELOPMENT,2025-06-05,30,21765.875,0.001378304341084381,0.0018377391214458414,0.0022971739018073016,0.0018377391214458414,0.0022971739018073016,0.002756608682168762,0.003445760852710952,0.004594347803614603,,,,,,
POST-VALIDATION DIAGNOSTIC — NOT CONFIRMATORY,SESSION,DEVELOPMENT,2025-06-06,15,21810.125,0.0013755079349613997,0.001834010579948533,0.0022925132249356664,0.001834010579948533,0.0022925132249356664,0.0027510158699227995,0.0034387698374034993,0.004585026449871333,,,,,,
POST-VALIDATION DIAGNOSTIC — NOT CONFIRMATORY,SESSION,DEVELOPMENT,2025-06-06,20,21815.75,0.0013751532722918074,0.0018335376963890767,0.002291922120486346,0.0018335376963890767,0.002291922120486346,0.002750306544583615,0.0034378831807295187,0.004583844240972692,,,,,,
POST-VALIDATION DIAGNOSTIC — NOT CONFIRMATORY,SESSION,DEVELOPMENT,2025-06-06,30,21815.75,0.0013751532722918074,0.0018335376963890767,0.002291922120486346,0.0018335376963890767,0.002291922120486346,0.002750306544583615,0.0034378831807295187,0.004583844240972692,,,,,,
POST-VALIDATION DIAGNOSTIC — NOT CONFIRMATORY,SESSION,DEVELOPMENT,2025-06-09,15,21782.625,0.0013772444781104205,0.001836325970813894,0.0022954074635173675,0.001836325970813894,0.0022954074635173675,0.002754488956220841,0.0034431111952760514,0.004590814927034735,,,,,,
POST-VALIDATION DIAGNOSTIC — NOT CONFIRMATORY,SESSION,DEVELOPMENT,2025-06-09,20,21782.625,0.0013772444781104205,0.001836325970813894,0.0022954074635173675,0.001836325970813894,0.0022954074635173675,0.002754488956220841,0.0034431111952760514,0.004590814927034735,,,,,,
POST-VALIDATION DIAGNOSTIC — NOT CONFIRMATORY,SESSION,DEVELOPMENT,2025-06-09,30,21785.125,0.0013770864293870244,0.0018361152391826992,0.002295144048978374,0.0018361152391826992,0.002295144048978374,0.002754172858774049,0.003442716073467561,0.004590288097956748,,,,,,
POST-VALIDATION DIAGNOSTIC — NOT CONFIRMATORY,SESSION,DEVELOPMENT,2025-06-10,15,21852.25,0.0013728563420242767,0.0018304751226990356,0.0022880939033737943,0.0018304751226990356,0.0022880939033737943,0.0027457126840485535,0.0034321408550606917,0.004576187806747589,,,,,,
POST-VALIDATION DIAGNOSTIC — NOT CONFIRMATORY,SESSION,DEVELOPMENT,2025-06-10,20,21852.25,0.0013728563420242767,0.0018304751226990356,0.0022880939033737943,0.0018304751226990356,0.0022880939033737943,0.0027457126840485535,0.0034321408550606917,0.004576187806747589,,,,,,
POST-VALIDATION DIAGNOSTIC — NOT CONFIRMATORY,SESSION,DEVELOPMENT,2025-06-10,30,21855.625,0.0013726443421316022,0.0018301924561754696,0.002287740570219337,0.0018301924561754696,0.002287740570219337,0.0027452886842632045,0.003431610855329006,0.004575481140438674,,,,,,
POST-VALIDATION DIAGNOSTIC — NOT CONFIRMATORY,SESSION,DEVELOPMENT,2025-06-11,15,21992.375,0.00136410915146727,0.0018188122019563598,0.00227351525244545,0.0018188122019563598,0.00227351525244545,0.00272821830293454,0.003410272878668175,0.0045470305048909,,,,,,
POST-VALIDATION DIAGNOSTIC — NOT CONFIRMATORY,SESSION,DEVELOPMENT,2025-06-11,20,21969.875,0.0013655061760706423,0.001820674901427523,0.0022758436267844035,0.001820674901427523,0.0022758436267844035,0.0027310123521412846,0.0034137654401766053,0.004551687253568807,,,,,,
POST-VALIDATION DIAGNOSTIC — NOT CONFIRMATORY,SESSION,DEVELOPMENT,2025-06-11,30,21969.875,0.0013655061760706423,0.001820674901427523,0.0022758436267844035,0.001820674901427523,0.0022758436267844035,0.0027310123521412846,0.0034137654401766053,0.004551687253568807,,,,,,
POST-VALIDATION DIAGNOSTIC — NOT CONFIRMATORY,SESSION,DEVELOPMENT,2025-06-12,15,21850.375,0.0013729741480409375,0.0018306321973879168,0.0022882902467348957,0.0018306321973879168,0.0022882902467348957,0.002745948296081875,0.003432435370102344,0.004576580493469791,,,,,,
POST-VALIDATION DIAGNOSTIC — NOT CONFIRMATORY,SESSION,DEVELOPMENT,2025-06-12,20,21852.875,0.0013728170778444485,0.0018304227704592645,0.0022880284630740805,0.0018304227704592645,0.0022880284630740805,0.002745634155688897,0.003432042694611121,0.004576056926148161,,,,,,
POST-VALIDATION DIAGNOSTIC — NOT CONFIRMATORY,SESSION,DEVELOPMENT,2025-06-12,30,21854.0,0.0013727464079802325,0.0018303285439736432,0.0022879106799670542,0.0018303285439736432,0.0022879106799670542,0.002745492815960465,0.003431866019950581,0.0045758213599341084,,,,,,
POST-VALIDATION DIAGNOSTIC — NOT CONFIRMATORY,SESSION,DEVELOPMENT,2025-06-13,15,21725.875,0.001380841968390226,0.0018411226245203013,0.0023014032806503767,0.0018411226245203013,0.0023014032806503767,0.002761683936780452,0.003452104920975565,0.004602806561300753,,,,,,
POST-VALIDATION DIAGNOSTIC — NOT CONFIRMATORY,SESSION,DEVELOPMENT,2025-06-13,20,21725.875,0.001380841968390226,0.0018411226245203013,0.0023014032806503767,0.0018411226245203013,0.0023014032806503767,0.002761683936780452,0.003452104920975565,0.004602806561300753,,,,,,
POST-VALIDATION DIAGNOSTIC — NOT CONFIRMATORY,SESSION,DEVELOPMENT,2025-06-13,30,21729.875,0.00138058778524957,0.0018407837136660934,0.0023009796420826165,0.0018407837136660934,0.0023009796420826165,0.00276117557049914,0.003451469463123925,0.004601959284165233,,,,,,
POST-VALIDATION DIAGNOSTIC — NOT CONFIRMATORY,SESSION,DEVELOPMENT,2025-06-20,15,22085.375,0.0013583649813507807,0.0018111533084677078,0.0022639416355846346,0.0018111533084677078,0.0022639416355846346,0.0027167299627015615,0.003395912453376952,0.004527883271169269,,,,,,
POST-VALIDATION DIAGNOSTIC — NOT CONFIRMATORY,SESSION,DEVELOPMENT,2025-06-20,20,22085.375,0.0013583649813507807,0.0018111533084677078,0.0022639416355846346,0.0018111533084677078,0.0022639416355846346,0.0027167299627015615,0.003395912453376952,0.004527883271169269,,,,,,
POST-VALIDATION DIAGNOSTIC — NOT CONFIRMATORY,SESSION,DEVELOPMENT,2025-06-20,30,22070.5,0.0013592804875286015,0.0018123739833714686,0.002265467479214336,0.0018123739833714686,0.002265467479214336,0.002718560975057203,0.003398201218821504,0.004530934958428672,,,,,,
POST-VALIDATION DIAGNOSTIC — NOT CONFIRMATORY,SESSION,DEVELOPMENT,2025-06-23,15,21822.0,0.0013747594171020072,0.0018330125561360096,0.002291265695170012,0.0018330125561360096,0.002291265695170012,0.0027495188342040143,0.003436898542755018,0.004582531390340024,,,,,,
POST-VALIDATION DIAGNOSTIC — NOT CONFIRMATORY,SESSION,DEVELOPMENT,2025-06-23,20,21837.0,0.0013738150844896278,0.0018317534459861703,0.002289691807482713,0.0018317534459861703,0.002289691807482713,0.0027476301689792555,0.0034345377112240693,0.004579383614965426,,,,,,
POST-VALIDATION DIAGNOSTIC — NOT CONFIRMATORY,SESSION,DEVELOPMENT,2025-06-23,30,21843.875,0.0013733826988114517,0.0018311769317486022,0.0022889711646857528,0.0018311769317486022,0.0022889711646857528,0.0027467653976229033,0.003433456747028629,0.0045779423293715055,,,,,,
POST-VALIDATION DIAGNOSTIC — NOT CONFIRMATORY,SESSION,DEVELOPMENT,2025-06-24,15,22293.875,0.0013456610840421417,0.0017942147787228554,0.0022427684734035694,0.0017942147787228554,0.0022427684734035694,0.0026913221680842834,0.003364152710105354,0.004485536946807139,,,,,,
POST-VALIDATION DIAGNOSTIC — NOT CONFIRMATORY,SESSION,DEVELOPMENT,2025-06-24,20,22296.625,0.0013454951141708667,0.0017939934855611555,0.0022424918569514444,0.0017939934855611555,0.0022424918569514444,0.0026909902283417334,0.0033637377854271668,0.004484983713902889,,,,,,
POST-VALIDATION DIAGNOSTIC — NOT CONFIRMATORY,SESSION,DEVELOPMENT,2025-06-24,30,22296.625,0.0013454951141708667,0.0017939934855611555,0.0022424918569514444,0.0017939934855611555,0.0022424918569514444,0.0026909902283417334,0.0033637377854271668,0.004484983713902889,,,,,,
POST-VALIDATION DIAGNOSTIC — NOT CONFIRMATORY,SESSION,DEVELOPMENT,2025-06-25,15,22519.25,0.0013321935677253905,0.0017762580903005207,0.0022203226128756507,0.0017762580903005207,0.0022203226128756507,0.002664387135450781,0.0033304839193134764,0.004440645225751301,,,,,,
POST-VALIDATION DIAGNOSTIC — NOT CONFIRMATORY,SESSION,DEVELOPMENT,2025-06-25,20,22519.25,0.0013321935677253905,0.0017762580903005207,0.0022203226128756507,0.0017762580903005207,0.0022203226128756507,0.002664387135450781,0.0033304839193134764,0.004440645225751301,,,,,,
POST-VALIDATION DIAGNOSTIC — NOT CONFIRMATORY,SESSION,DEVELOPMENT,2025-06-25,30,22517.0,0.0013323266865035307,0.0017764355820047075,0.0022205444775058843,0.0017764355820047075,0.0022205444775058843,0.0026646533730070613,0.0033308167162588265,0.004441088955011769,,,,,,
POST-VALIDATION DIAGNOSTIC — NOT CONFIRMATORY,SESSION,DEVELOPMENT,2025-06-26,15,22530.75,0.0013315135980826204,0.0017753514641101606,0.0022191893301377005,0.0017753514641101606,0.0022191893301377005,0.002663027196165241,0.003328783995206551,0.004438378660275401,,,,,,
POST-VALIDATION DIAGNOSTIC — NOT CONFIRMATORY,SESSION,DEVELOPMENT,2025-06-26,20,22525.25,0.0013318387143316944,0.0017757849524422593,0.002219731190552824,0.0017757849524422593,0.002219731190552824,0.002663677428663389,0.003329596785829236,0.004439462381105648,,,,,,
POST-VALIDATION DIAGNOSTIC — NOT CONFIRMATORY,SESSION,DEVELOPMENT,2025-06-26,30,22521.375,0.0013320678688579183,0.0017760904918105577,0.0022201131147631973,0.0017760904918105577,0.0022201131147631973,0.0026641357377158365,0.0033301696721447956,0.004440226229526395,,,,,,
POST-VALIDATION DIAGNOSTIC — NOT CONFIRMATORY,SESSION,DEVELOPMENT,2025-06-27,15,22712.5,0.0013208585580627408,0.0017611447440836544,0.002201430930104568,0.0017611447440836544,0.002201430930104568,0.0026417171161254816,0.003302146395156852,0.004402861860209136,,,,,,
POST-VALIDATION DIAGNOSTIC — NOT CONFIRMATORY,SESSION,DEVELOPMENT,2025-06-27,20,22713.5,0.0013208004050454575,0.0017610672067272766,0.002201334008409096,0.0017610672067272766,0.002201334008409096,0.002641600810090915,0.003302001012613644,0.004402668016818192,,,,,,
POST-VALIDATION DIAGNOSTIC — NOT CONFIRMATORY,SESSION,DEVELOPMENT,2025-06-27,30,22726.125,0.0013200666633665,0.0017600888844886667,0.0022001111056108333,0.0017600888844886667,0.0022001111056108333,0.002640133326733,0.00330016665841625,0.0044002222112216665,,,,,,
POST-VALIDATION DIAGNOSTIC — NOT CONFIRMATORY,SESSION,DEVELOPMENT,2025-06-30,15,22838.375,0.0013135785711549093,0.0017514380948732123,0.0021892976185915155,0.0017514380948732123,0.0021892976185915155,0.0026271571423098186,0.003283946427887273,0.004378595237183031,,,,,,
POST-VALIDATION DIAGNOSTIC — NOT CONFIRMATORY,SESSION,DEVELOPMENT,2025-06-30,20,22835.375,0.001313751142689796,0.0017516681902530614,0.0021895852378163265,0.0017516681902530614,0.0021895852378163265,0.002627502285379592,0.00328437785672449,0.004379170475632653,,,,,,
POST-VALIDATION DIAGNOSTIC — NOT CONFIRMATORY,SESSION,DEVELOPMENT,2025-06-30,30,22835.25,0.0013137583341544324,0.0017516777788725763,0.0021895972235907203,0.0017516777788725763,0.0021895972235907203,0.0026275166683088647,0.003284395835386081,0.004379194447181441,,,,,,
POST-VALIDATION DIAGNOSTIC — NOT CONFIRMATORY,SESSION,VALIDATION,2025-07-01,15,22800.5,0.0013157606192846648,0.001754347492379553,0.002192934365474441,0.001754347492379553,0.002192934365474441,0.0026315212385693296,0.0032894015482116622,0.004385868730948882,,,,,,
POST-VALIDATION DIAGNOSTIC — NOT CONFIRMATORY,SESSION,VALIDATION,2025-07-01,20,22803.125,0.001315609154447033,0.0017541455392627108,0.002192681924078388,0.0017541455392627108,0.002192681924078388,0.002631218308894066,0.0032890228861175825,0.004385363848156776,,,,,,
POST-VALIDATION DIAGNOSTIC — NOT CONFIRMATORY,SESSION,VALIDATION,2025-07-01,30,22807.375,0.001315363999583468,0.0017538186661112908,0.0021922733326391135,0.0017538186661112908,0.0021922733326391135,0.002630727999166936,0.00328840999895867,0.004384546665278227,,,,,,
POST-VALIDATION DIAGNOSTIC — NOT CONFIRMATORY,SESSION,VALIDATION,2025-07-02,15,22679.0,0.0013228096476916972,0.0017637461969222628,0.0022046827461528287,0.0017637461969222628,0.0022046827461528287,0.0026456192953833945,0.003307024119229243,0.004409365492305657,,,,,,
POST-VALIDATION DIAGNOSTIC — NOT CONFIRMATORY,SESSION,VALIDATION,2025-07-02,20,22689.125,0.0013222193451708692,0.0017629591268944925,0.0022036989086181157,0.0017629591268944925,0.0022036989086181157,0.0026444386903417385,0.0033055483629271733,0.004407397817236231,,,,,,
POST-VALIDATION DIAGNOSTIC — NOT CONFIRMATORY,SESSION,VALIDATION,2025-07-02,30,22689.75,0.0013221829240075364,0.0017629105653433818,0.0022036382066792275,0.0017629105653433818,0.0022036382066792275,0.0026443658480150727,0.0033054573100188413,0.004407276413358455,,,,,,
POST-VALIDATION DIAGNOSTIC — NOT CONFIRMATORY,SESSION,VALIDATION,2025-07-03,15,22957.875,0.0013067411509122687,0.0017423215345496916,0.0021779019181871143,0.0017423215345496916,0.0021779019181871143,0.0026134823018245375,0.0032668528772806715,0.004355803836374229,,,,,,
POST-VALIDATION DIAGNOSTIC — NOT CONFIRMATORY,SESSION,VALIDATION,2025-07-03,20,22957.875,0.0013067411509122687,0.0017423215345496916,0.0021779019181871143,0.0017423215345496916,0.0021779019181871143,0.0026134823018245375,0.0032668528772806715,0.004355803836374229,,,,,,
POST-VALIDATION DIAGNOSTIC — NOT CONFIRMATORY,SESSION,VALIDATION,2025-07-03,30,22967.25,0.0013062077523430101,0.0017416103364573468,0.0021770129205716834,0.0017416103364573468,0.0021770129205716834,0.0026124155046860203,0.0032655193808575254,0.004354025841143367,,,,,,
POST-VALIDATION DIAGNOSTIC — NOT CONFIRMATORY,SESSION,VALIDATION,2025-07-04,15,22908.375,0.001309564733421729,0.0017460863112289718,0.002182607889036215,0.0017460863112289718,0.002182607889036215,0.002619129466843458,0.0032739118335543224,0.00436521577807243,,,,,,
POST-VALIDATION DIAGNOSTIC — NOT CONFIRMATORY,SESSION,VALIDATION,2025-07-04,20,22910.375,0.0013094504127496823,0.001745933883666243,0.0021824173545828035,0.001745933883666243,0.0021824173545828035,0.0026189008254993646,0.0032736260318742055,0.004364834709165607,,,,,,
POST-VALIDATION DIAGNOSTIC — NOT CONFIRMATORY,SESSION,VALIDATION,2025-07-04,30,22910.5,0.001309443268370398,0.0017459243578271972,0.0021824054472839964,0.0017459243578271972,0.0021824054472839964,0.002618886536740796,0.0032736081709259946,0.004364810894567993,,,,,,
POST-VALIDATION DIAGNOSTIC — NOT CONFIRMATORY,SESSION,VALIDATION,2025-07-07,15,22937.875,0.0013078805251140308,0.0017438407001520411,0.0021798008751900515,0.0017438407001520411,0.0021798008751900515,0.0026157610502280616,0.003269701312785077,0.004359601750380103,,,,,,
POST-VALIDATION DIAGNOSTIC — NOT CONFIRMATORY,SESSION,VALIDATION,2025-07-07,20,22937.875,0.0013078805251140308,0.0017438407001520411,0.0021798008751900515,0.0017438407001520411,0.0021798008751900515,0.0026157610502280616,0.003269701312785077,0.004359601750380103,,,,,,
POST-VALIDATION DIAGNOSTIC — NOT CONFIRMATORY,SESSION,VALIDATION,2025-07-07,30,22939.125,0.0013078092560200095,0.001743745674693346,0.0021796820933666825,0.001743745674693346,0.0021796820933666825,0.002615618512040019,0.0032695231400500235,0.004359364186733365,,,,,,
POST-VALIDATION DIAGNOSTIC — NOT CONFIRMATORY,SESSION,VALIDATION,2025-07-08,15,22916.5,0.0013091004298213078,0.0017454672397617438,0.0021818340497021796,0.0017454672397617438,0.0021818340497021796,0.0026182008596426156,0.0032727510745532693,0.004363668099404359,,,,,,
POST-VALIDATION DIAGNOSTIC — NOT CONFIRMATORY,SESSION,VALIDATION,2025-07-08,20,22916.5,0.0013091004298213078,0.0017454672397617438,0.0021818340497021796,0.0017454672397617438,0.0021818340497021796,0.0026182008596426156,0.0032727510745532693,0.004363668099404359,,,,,,
POST-VALIDATION DIAGNOSTIC — NOT CONFIRMATORY,SESSION,VALIDATION,2025-07-08,30,22912.0,0.0013093575418994413,0.0017458100558659217,0.002182262569832402,0.0017458100558659217,0.002182262569832402,0.0026187150837988825,0.0032733938547486034,0.004364525139664804,,,,,,
POST-VALIDATION DIAGNOSTIC — NOT CONFIRMATORY,SESSION,VALIDATION,2025-07-09,15,23021.25,0.001303143834500733,0.001737525112667644,0.002171906390834555,0.001737525112667644,0.002171906390834555,0.002606287669001466,0.0032578595862518323,0.00434381278166911,,,,,,
POST-VALIDATION DIAGNOSTIC — NOT CONFIRMATORY,SESSION,VALIDATION,2025-07-09,20,23033.25,0.0013024649148513563,0.001736619886468475,0.0021707748580855938,0.001736619886468475,0.0021707748580855938,0.0026049298297027125,0.0032561622871283905,0.0043415497161711876,,,,,,
POST-VALIDATION DIAGNOSTIC — NOT CONFIRMATORY,SESSION,VALIDATION,2025-07-09,30,23037.375,0.001302231699575147,0.0017363089327668624,0.0021703861659585783,0.0017363089327668624,0.0021703861659585783,0.002604463399150294,0.0032555792489378675,0.004340772331917157,,,,,,
POST-VALIDATION DIAGNOSTIC — NOT CONFIRMATORY,SESSION,VALIDATION,2025-07-10,15,23055.875,0.0013011867907854289,0.0017349157210472385,0.0021686446513090483,0.0017349157210472385,0.0021686446513090483,0.0026023735815708577,0.003252966976963572,0.004337289302618097,,,,,,
POST-VALIDATION DIAGNOSTIC — NOT CONFIRMATORY,SESSION,VALIDATION,2025-07-10,20,23039.25,0.001302125720238289,0.0017361676269843852,0.002170209533730482,0.0017361676269843852,0.002170209533730482,0.002604251440476578,0.0032553143005957224,0.004340419067460964,,,,,,
POST-VALIDATION DIAGNOSTIC — NOT CONFIRMATORY,SESSION,VALIDATION,2025-07-10,30,23014.375,0.0013035331178882763,0.0017380441571843684,0.0021725551964804604,0.0017380441571843684,0.0021725551964804604,0.0026070662357765527,0.003258832794720691,0.004345110392960921,,,,,,
POST-VALIDATION DIAGNOSTIC — NOT CONFIRMATORY,SESSION,VALIDATION,2025-07-11,15,22914.125,0.00130923611527824,0.00174564815370432,0.0021820601921304,0.00174564815370432,0.0021820601921304,0.00261847223055648,0.0032730902881956,0.0043641203842608,,,,,,
POST-VALIDATION DIAGNOSTIC — NOT CONFIRMATORY,SESSION,VALIDATION,2025-07-11,20,22910.625,0.0013094361240690727,0.001745914832092097,0.0021823935401151214,0.001745914832092097,0.0021823935401151214,0.0026188722481381454,0.003273590310172682,0.004364787080230243,,,,,,
POST-VALIDATION DIAGNOSTIC — NOT CONFIRMATORY,SESSION,VALIDATION,2025-07-11,30,22915.375,0.0013091646983739084,0.0017455529311652112,0.002181941163956514,0.0017455529311652112,0.002181941163956514,0.002618329396747817,0.003272911745934771,0.004363882327913028,,,,,,
POST-VALIDATION DIAGNOSTIC — NOT CONFIRMATORY,SESSION,VALIDATION,2025-07-14,15,22915.5,0.0013091575571119985,0.0017455434094826646,0.0021819292618533307,0.0017455434094826646,0.0021819292618533307,0.002618315114223997,0.003272893892779996,0.004363858523706661,,,,,,
POST-VALIDATION DIAGNOSTIC — NOT CONFIRMATORY,SESSION,VALIDATION,2025-07-14,20,22910.75,0.0013094289798457057,0.001745905306460941,0.002182381633076176,0.001745905306460941,0.002182381633076176,0.0026188579596914115,0.003273572449614264,0.004364763266152352,,,,,,
POST-VALIDATION DIAGNOSTIC — NOT CONFIRMATORY,SESSION,VALIDATION,2025-07-14,30,22910.75,0.0013094289798457057,0.001745905306460941,0.002182381633076176,0.001745905306460941,0.002182381633076176,0.0026188579596914115,0.003273572449614264,0.004364763266152352,,,,,,
POST-VALIDATION DIAGNOSTIC — NOT CONFIRMATORY,SESSION,VALIDATION,2025-07-15,15,23172.75,0.0012946240735346474,0.0017261654313795297,0.0021577067892244125,0.0017261654313795297,0.0021577067892244125,0.002589248147069295,0.0032365601838366185,0.004315413578448825,,,,,,
POST-VALIDATION DIAGNOSTIC — NOT CONFIRMATORY,SESSION,VALIDATION,2025-07-15,20,23172.75,0.0012946240735346474,0.0017261654313795297,0.0021577067892244125,0.0017261654313795297,0.0021577067892244125,0.002589248147069295,0.0032365601838366185,0.004315413578448825,,,,,,
POST-VALIDATION DIAGNOSTIC — NOT CONFIRMATORY,SESSION,VALIDATION,2025-07-15,30,23172.75,0.0012946240735346474,0.0017261654313795297,0.0021577067892244125,0.0017261654313795297,0.0021577067892244125,0.002589248147069295,0.0032365601838366185,0.004315413578448825,,,,,,
POST-VALIDATION DIAGNOSTIC — NOT CONFIRMATORY,SESSION,VALIDATION,2025-07-16,15,23047.125,0.001301680795326966,0.001735574393769288,0.0021694679922116098,0.001735574393769288,0.0021694679922116098,0.002603361590653932,0.003254201988317415,0.0043389359844232195,,,,,,
POST-VALIDATION DIAGNOSTIC — NOT CONFIRMATORY,SESSION,VALIDATION,2025-07-16,20,23043.125,0.0013019067509289647,0.0017358756679052862,0.0021698445848816078,0.0017358756679052862,0.0021698445848816078,0.0026038135018579293,0.003254766877322412,0.0043396891697632155,,,,,,
POST-VALIDATION DIAGNOSTIC — NOT CONFIRMATORY,SESSION,VALIDATION,2025-07-16,30,23023.75,0.0013030023345458493,0.0017373364460611326,0.0021716705575764157,0.0017373364460611326,0.0021716705575764157,0.0026060046690916986,0.0032575058363646233,0.004343341115152831,,,,,,
POST-VALIDATION DIAGNOSTIC — NOT CONFIRMATORY,SESSION,VALIDATION,2025-07-17,15,23097.0,0.0012988699831146902,0.0017318266441529204,0.0021647833051911505,0.0017318266441529204,0.0021647833051911505,0.0025977399662293803,0.0032471749577867256,0.004329566610382301,,,,,,
POST-VALIDATION DIAGNOSTIC — NOT CONFIRMATORY,SESSION,VALIDATION,2025-07-17,20,23101.875,0.0012985958931904878,0.0017314611909206503,0.002164326488650813,0.0017314611909206503,0.002164326488650813,0.0025971917863809755,0.0032464897329762196,0.004328652977301626,,,,,,
POST-VALIDATION DIAGNOSTIC — NOT CONFIRMATORY,SESSION,VALIDATION,2025-07-17,30,23112.125,0.0012980199786908387,0.0017306933049211182,0.002163366631151398,0.0017306933049211182,0.002163366631151398,0.0025960399573816775,0.0032450499467270967,0.004326733262302796,,,,,,
POST-VALIDATION DIAGNOSTIC — NOT CONFIRMATORY,SESSION,VALIDATION,2025-07-18,15,23283.625,0.0012884591638973742,0.0017179455518631656,0.002147431939828957,0.0017179455518631656,0.002147431939828957,0.0025769183277947485,0.0032211479097434357,0.004294863879657914,,,,,,
POST-VALIDATION DIAGNOSTIC — NOT CONFIRMATORY,SESSION,VALIDATION,2025-07-18,20,23283.625,0.0012884591638973742,0.0017179455518631656,0.002147431939828957,0.0017179455518631656,0.002147431939828957,0.0025769183277947485,0.0032211479097434357,0.004294863879657914,,,,,,
POST-VALIDATION DIAGNOSTIC — NOT CONFIRMATORY,SESSION,VALIDATION,2025-07-18,30,23280.625,0.0012886251979918925,0.0017181669306558566,0.002147708663319821,0.0017181669306558566,0.002147708663319821,0.002577250395983785,0.003221562994979731,0.004295417326639642,,,,,,
POST-VALIDATION DIAGNOSTIC — NOT CONFIRMATORY,SESSION,VALIDATION,2025-07-21,15,23301.875,0.0012874500442560952,0.001716600059008127,0.0021457500737601587,0.001716600059008127,0.0021457500737601587,0.0025749000885121904,0.003218625110640238,0.004291500147520317,,,,,,
POST-VALIDATION DIAGNOSTIC — NOT CONFIRMATORY,SESSION,VALIDATION,2025-07-21,20,23320.75,0.0012864080271860897,0.0017152107029147863,0.0021440133786434826,0.0017152107029147863,0.0021440133786434826,0.0025728160543721794,0.003216020067965224,0.004288026757286965,,,,,,
POST-VALIDATION DIAGNOSTIC — NOT CONFIRMATORY,SESSION,VALIDATION,2025-07-21,30,23325.5,0.001286146063321258,0.001714861417761677,0.0021435767722020964,0.001714861417761677,0.0021435767722020964,0.002572292126642516,0.0032153651583031444,0.004287153544404193,,,,,,
POST-VALIDATION DIAGNOSTIC — NOT CONFIRMATORY,SESSION,VALIDATION,2025-07-22,15,23304.25,0.001287318836692878,0.001716425115590504,0.0021455313944881297,0.001716425115590504,0.0021455313944881297,0.002574637673385756,0.003218297091732195,0.004291062788976259,,,,,,
POST-VALIDATION DIAGNOSTIC — NOT CONFIRMATORY,SESSION,VALIDATION,2025-07-22,20,23279.375,0.001288694391494617,0.0017182591886594893,0.002147823985824362,0.0017182591886594893,0.002147823985824362,0.002577388782989234,0.0032217359787365426,0.004295647971648724,,,,,,
POST-VALIDATION DIAGNOSTIC — NOT CONFIRMATORY,SESSION,VALIDATION,2025-07-22,30,23230.875,0.001291384848827261,0.0017218464651030149,0.0021523080813787687,0.0017218464651030149,0.0021523080813787687,0.002582769697654522,0.003228462122068153,0.004304616162757537,,,,,,
POST-VALIDATION DIAGNOSTIC — NOT CONFIRMATORY,SESSION,VALIDATION,2025-07-23,15,23223.625,0.0012917879960600467,0.0017223839947467289,0.0021529799934334112,0.0017223839947467289,0.0021529799934334112,0.0025835759921200934,0.0032294699901501164,0.0043059599868668225,,,,,,
POST-VALIDATION DIAGNOSTIC — NOT CONFIRMATORY,SESSION,VALIDATION,2025-07-23,20,23213.25,0.0012923653516849214,0.0017231538022465618,0.002153942252808202,0.0017231538022465618,0.002153942252808202,0.0025847307033698428,0.0032309133792123032,0.004307884505616404,,,,,,
POST-VALIDATION DIAGNOSTIC — NOT CONFIRMATORY,SESSION,VALIDATION,2025-07-23,30,23211.0,0.0012924906294429364,0.0017233208392572487,0.002154151049071561,0.0017233208392572487,0.002154151049071561,0.002584981258885873,0.0032312265736073415,0.004308302098143122,,,,,,
POST-VALIDATION DIAGNOSTIC — NOT CONFIRMATORY,SESSION,VALIDATION,2025-07-24,15,23366.5,0.0012838893287398627,0.001711852438319817,0.002139815547899771,0.001711852438319817,0.002139815547899771,0.0025677786574797253,0.0032097233218496566,0.004279631095799542,,,,,,
POST-VALIDATION DIAGNOSTIC — NOT CONFIRMATORY,SESSION,VALIDATION,2025-07-24,20,23367.125,0.00128385498857904,0.00171180665143872,0.0021397583142984,0.00171180665143872,0.0021397583142984,0.00256770997715808,0.0032096374714476,0.0042795166285968,,,,,,
POST-VALIDATION DIAGNOSTIC — NOT CONFIRMATORY,SESSION,VALIDATION,2025-07-24,30,23367.125,0.00128385498857904,0.00171180665143872,0.0021397583142984,0.00171180665143872,0.0021397583142984,0.00256770997715808,0.0032096374714476,0.0042795166285968,,,,,,
POST-VALIDATION DIAGNOSTIC — NOT CONFIRMATORY,SESSION,VALIDATION,2025-07-25,15,23354.375,0.0012845558915620735,0.0017127411887494313,0.002140926485936789,0.0017127411887494313,0.002140926485936789,0.002569111783124147,0.003211389728905184,0.004281852971873578,,,,,,
POST-VALIDATION DIAGNOSTIC — NOT CONFIRMATORY,SESSION,VALIDATION,2025-07-25,20,23357.625,0.0012843771573522564,0.0017125028764696753,0.0021406285955870943,0.0017125028764696753,0.0021406285955870943,0.002568754314704513,0.003210942893380641,0.004281257191174189,,,,,,
POST-VALIDATION DIAGNOSTIC — NOT CONFIRMATORY,SESSION,VALIDATION,2025-07-25,30,23369.125,0.0012837451124079315,0.001711660149877242,0.0021395751873465522,0.001711660149877242,0.0021395751873465522,0.002567490224815863,0.0032093627810198286,0.0042791503746931045,,,,,,
POST-VALIDATION DIAGNOSTIC — NOT CONFIRMATORY,SESSION,VALIDATION,2025-07-28,15,23483.75,0.0012774791078937564,0.001703305477191675,0.002129131846489594,0.001703305477191675,0.002129131846489594,0.002554958215787513,0.003193697769734391,0.004258263692979188,,,,,,
POST-VALIDATION DIAGNOSTIC — NOT CONFIRMATORY,SESSION,VALIDATION,2025-07-28,20,23490.75,0.0012770984323616742,0.0017027979098155658,0.002128497387269457,0.0017027979098155658,0.002128497387269457,0.0025541968647233484,0.003192746080904186,0.004256994774538914,,,,,,
POST-VALIDATION DIAGNOSTIC — NOT CONFIRMATORY,SESSION,VALIDATION,2025-07-28,30,23493.75,0.0012769353551476455,0.0017025804735301942,0.002128225591912743,0.0017025804735301942,0.002128225591912743,0.002553870710295291,0.0031923383878691143,0.004256451183825486,,,,,,
POST-VALIDATION DIAGNOSTIC — NOT CONFIRMATORY,SESSION,VALIDATION,2025-07-29,15,23622.5,0.001269975658799873,0.0016933008783998308,0.0021166260979997883,0.0016933008783998308,0.0021166260979997883,0.002539951317599746,0.0031749391469996827,0.004233252195999577,,,,,,
POST-VALIDATION DIAGNOSTIC — NOT CONFIRMATORY,SESSION,VALIDATION,2025-07-29,20,23613.875,0.001270439519138642,0.0016939193588515226,0.0021173991985644035,0.0016939193588515226,0.0021173991985644035,0.002540879038277284,0.0031760987978466052,0.004234798397128807,,,,,,
POST-VALIDATION DIAGNOSTIC — NOT CONFIRMATORY,SESSION,VALIDATION,2025-07-29,30,23604.125,0.0012709642911991018,0.0016946190549321357,0.00211827381866517,0.0016946190549321357,0.00211827381866517,0.0025419285823982036,0.003177410727997755,0.00423654763733034,,,,,,
POST-VALIDATION DIAGNOSTIC — NOT CONFIRMATORY,SESSION,VALIDATION,2025-07-30,15,23480.0,0.0012776831345826234,0.0017035775127768314,0.002129471890971039,0.0017035775127768314,0.002129471890971039,0.002555366269165247,0.0031942078364565587,0.004258943781942078,,,,,,
POST-VALIDATION DIAGNOSTIC — NOT CONFIRMATORY,SESSION,VALIDATION,2025-07-30,20,23488.375,0.0012772275646995587,0.0017029700862660785,0.002128712607832598,0.0017029700862660785,0.002128712607832598,0.0025544551293991175,0.003193068911748897,0.004257425215665196,,,,,,
POST-VALIDATION DIAGNOSTIC — NOT CONFIRMATORY,SESSION,VALIDATION,2025-07-30,30,23488.375,0.0012772275646995587,0.0017029700862660785,0.002128712607832598,0.0017029700862660785,0.002128712607832598,0.0025544551293991175,0.003193068911748897,0.004257425215665196,,,,,,
POST-VALIDATION DIAGNOSTIC — NOT CONFIRMATORY,SESSION,VALIDATION,2025-07-31,15,23686.375,0.0012665509179855508,0.0016887345573140676,0.0021109181966425844,0.0016887345573140676,0.0021109181966425844,0.0025331018359711016,0.003166377294963877,0.004221836393285169,,,,,,
POST-VALIDATION DIAGNOSTIC — NOT CONFIRMATORY,SESSION,VALIDATION,2025-07-31,20,23680.25,0.0012668785169075495,0.0016891713558767328,0.002111464194845916,0.0016891713558767328,0.002111464194845916,0.002533757033815099,0.0031671962922688738,0.004222928389691832,,,,,,
POST-VALIDATION DIAGNOSTIC — NOT CONFIRMATORY,SESSION,VALIDATION,2025-07-31,30,23680.25,0.0012668785169075495,0.0016891713558767328,0.002111464194845916,0.0016891713558767328,0.002111464194845916,0.002533757033815099,0.0031671962922688738,0.004222928389691832,,,,,,
POST-VALIDATION DIAGNOSTIC — NOT CONFIRMATORY,SESSION,VALIDATION,2025-08-01,15,23006.625,0.001303972225391599,0.0017386296338554655,0.002173287042319332,0.0017386296338554655,0.002173287042319332,0.002607944450783198,0.0032599305634789977,0.004346574084638664,,,,,,
POST-VALIDATION DIAGNOSTIC — NOT CONFIRMATORY,SESSION,VALIDATION,2025-08-01,20,22980.375,0.0013054617254940357,0.0017406156339920475,0.0021757695424900595,0.0017406156339920475,0.0021757695424900595,0.0026109234509880713,0.003263654313735089,0.004351539084980119,,,,,,
POST-VALIDATION DIAGNOSTIC — NOT CONFIRMATORY,SESSION,VALIDATION,2025-08-01,30,22976.75,0.0013056676858128325,0.0017408902477504434,0.002176112809688054,0.0017408902477504434,0.002176112809688054,0.002611335371625665,0.0032641692145320813,0.004352225619376108,,,,,,
POST-VALIDATION DIAGNOSTIC — NOT CONFIRMATORY,SESSION,VALIDATION,2025-08-04,15,23142.875,0.0012962952960684443,0.001728393728091259,0.002160492160114074,0.001728393728091259,0.002160492160114074,0.0025925905921368887,0.003240738240171111,0.004320984320228148,,,,,,
POST-VALIDATION DIAGNOSTIC — NOT CONFIRMATORY,SESSION,VALIDATION,2025-08-04,20,23157.875,0.001295455649536065,0.00172727419938142,0.002159092749226775,0.00172727419938142,0.002159092749226775,0.00259091129907213,0.0032386391238401623,0.00431818549845355,,,,,,
POST-VALIDATION DIAGNOSTIC — NOT CONFIRMATORY,SESSION,VALIDATION,2025-08-04,30,23173.375,0.001294589156736988,0.0017261188756493174,0.0021576485945616467,0.0017261188756493174,0.0021576485945616467,0.002589178313473976,0.00323647289184247,0.0043152971891232935,,,,,,
POST-VALIDATION DIAGNOSTIC — NOT CONFIRMATORY,SESSION,VALIDATION,2025-08-05,15,23335.125,0.0012856155688045381,0.0017141540917393844,0.00214269261467423,0.0017141540917393844,0.00214269261467423,0.0025712311376090763,0.0032140389220113455,0.00428538522934846,,,,,,
POST-VALIDATION DIAGNOSTIC — NOT CONFIRMATORY,SESSION,VALIDATION,2025-08-05,20,23350.375,0.0012847759404292223,0.001713034587238963,0.002141293234048704,0.001713034587238963,0.002141293234048704,0.0025695518808584446,0.0032119398510730554,0.004282586468097408,,,,,,
POST-VALIDATION DIAGNOSTIC — NOT CONFIRMATORY,SESSION,VALIDATION,2025-08-05,30,23350.375,0.0012847759404292223,0.001713034587238963,0.002141293234048704,0.001713034587238963,0.002141293234048704,0.0025695518808584446,0.0032119398510730554,0.004282586468097408,,,,,,
POST-VALIDATION DIAGNOSTIC — NOT CONFIRMATORY,SESSION,VALIDATION,2025-08-06,15,23188.375,0.001293751718264001,0.0017250022910186677,0.0021562528637733345,0.0017250022910186677,0.0021562528637733345,0.002587503436528002,0.003234379295660002,0.004312505727546669,,,,,,
POST-VALIDATION DIAGNOSTIC — NOT CONFIRMATORY,SESSION,VALIDATION,2025-08-06,20,23194.125,0.00129343098737288,0.0017245746498305067,0.0021557183122881333,0.0017245746498305067,0.0021557183122881333,0.00258686197474576,0.0032335774684321998,0.004311436624576267,,,,,,
POST-VALIDATION DIAGNOSTIC — NOT CONFIRMATORY,SESSION,VALIDATION,2025-08-06,30,23196.875,0.0012932776505456016,0.0017243702007274687,0.002155462750909336,0.0017243702007274687,0.002155462750909336,0.002586555301091203,0.003233194126364004,0.004310925501818672,,,,,,
POST-VALIDATION DIAGNOSTIC — NOT CONFIRMATORY,SESSION,VALIDATION,2025-08-07,15,23615.375,0.001270358823436003,0.0016938117645813374,0.0021172647057266718,0.0016938117645813374,0.0021172647057266718,0.002540717646872006,0.0031758970585900074,0.0042345294114533435,,,,,,
POST-VALIDATION DIAGNOSTIC — NOT CONFIRMATORY,SESSION,VALIDATION,2025-08-07,20,23608.75,0.0012707153068248001,0.0016942870757664001,0.0021178588447080004,0.0016942870757664001,0.0021178588447080004,0.0025414306136496002,0.0031767882670620004,0.004235717689416001,,,,,,
POST-VALIDATION DIAGNOSTIC — NOT CONFIRMATORY,SESSION,VALIDATION,2025-08-07,30,23614.25,0.0012704193442518818,0.001693892459002509,0.0021173655737531365,0.001693892459002509,0.0021173655737531365,0.0025408386885037637,0.0031760483606297044,0.004234731147506273,,,,,,
POST-VALIDATION DIAGNOSTIC — NOT CONFIRMATORY,SESSION,VALIDATION,2025-08-08,15,23572.125,0.0012726896705324616,0.0016969195607099488,0.002121149450887436,0.0016969195607099488,0.002121149450887436,0.0025453793410649232,0.003181724176331154,0.004242298901774872,,,,,,
POST-VALIDATION DIAGNOSTIC — NOT CONFIRMATORY,SESSION,VALIDATION,2025-08-08,20,23587.25,0.0012718735757665687,0.001695831434355425,0.002119789292944281,0.001695831434355425,0.002119789292944281,0.0025437471515331374,0.003179683939416422,0.004239578585888562,,,,,,
POST-VALIDATION DIAGNOSTIC — NOT CONFIRMATORY,SESSION,VALIDATION,2025-08-08,30,23589.5,0.001271752262659234,0.0016956696835456453,0.002119587104432057,0.0016956696835456453,0.002119587104432057,0.002543504525318468,0.0031793806566480847,0.004239174208864114,,,,,,
POST-VALIDATION DIAGNOSTIC — NOT CONFIRMATORY,SESSION,VALIDATION,2025-08-11,15,23709.75,0.0012653022490747476,0.001687069665432997,0.002108837081791246,0.001687069665432997,0.002108837081791246,0.0025306044981494953,0.0031632556226868693,0.004217674163582492,,,,,,
POST-VALIDATION DIAGNOSTIC — NOT CONFIRMATORY,SESSION,VALIDATION,2025-08-11,20,23709.75,0.0012653022490747476,0.001687069665432997,0.002108837081791246,0.001687069665432997,0.002108837081791246,0.0025306044981494953,0.0031632556226868693,0.004217674163582492,,,,,,
POST-VALIDATION DIAGNOSTIC — NOT CONFIRMATORY,SESSION,VALIDATION,2025-08-11,30,23713.0,0.0012651288322860878,0.001686838443048117,0.0021085480538101465,0.001686838443048117,0.0021085480538101465,0.0025302576645721757,0.0031628220807152197,0.004217096107620293,,,,,,
POST-VALIDATION DIAGNOSTIC — NOT CONFIRMATORY,SESSION,VALIDATION,2025-08-12,15,23759.25,0.0012626661195113483,0.001683554826015131,0.0021044435325189136,0.001683554826015131,0.0021044435325189136,0.0025253322390226965,0.0031566652987783704,0.004208887065037827,,,,,,
POST-VALIDATION DIAGNOSTIC — NOT CONFIRMATORY,SESSION,VALIDATION,2025-08-12,20,23745.5,0.0012633972752732097,0.0016845297003642795,0.0021056621254553496,0.0016845297003642795,0.0021056621254553496,0.0025267945505464194,0.0031584931881830243,0.004211324250910699,,,,,,
POST-VALIDATION DIAGNOSTIC — NOT CONFIRMATORY,SESSION,VALIDATION,2025-08-12,30,23729.25,0.00126426246088688,0.0016856832811825069,0.0021071041014781335,0.0016856832811825069,0.0021071041014781335,0.00252852492177376,0.0031606561522172,0.004214208202956267,,,,,,
POST-VALIDATION DIAGNOSTIC — NOT CONFIRMATORY,SESSION,VALIDATION,2025-08-13,15,24048.875,0.001247459600501063,0.0016632794673347507,0.002079099334168438,0.0016632794673347507,0.002079099334168438,0.002494919201002126,0.0031186490012526575,0.004158198668336876,,,,,,
POST-VALIDATION DIAGNOSTIC — NOT CONFIRMATORY,SESSION,VALIDATION,2025-08-13,20,24047.75,0.001247517959060619,0.001663357278747492,0.002079196598434365,0.001663357278747492,0.002079196598434365,0.002495035918121238,0.0031187948976515475,0.00415839319686873,,,,,,
POST-VALIDATION DIAGNOSTIC — NOT CONFIRMATORY,SESSION,VALIDATION,2025-08-13,30,24037.0,0.0012480758830136873,0.001664101177351583,0.0020801264716894786,0.001664101177351583,0.0020801264716894786,0.0024961517660273746,0.003120189707534218,0.004160252943378957,,,,,,
POST-VALIDATION DIAGNOSTIC — NOT CONFIRMATORY,SESSION,VALIDATION,2025-08-14,15,23882.625,0.0012561433259534913,0.0016748577679379885,0.0020935722099224854,0.0016748577679379885,0.0020935722099224854,0.0025122866519069827,0.0031403583148837282,0.004187144419844971,,,,,,
POST-VALIDATION DIAGNOSTIC — NOT CONFIRMATORY,SESSION,VALIDATION,2025-08-14,20,23889.5,0.0012557818288369367,0.0016743757717825824,0.002092969714728228,0.0016743757717825824,0.002092969714728228,0.0025115636576738733,0.0031394545720923417,0.004185939429456456,,,,,,
POST-VALIDATION DIAGNOSTIC — NOT CONFIRMATORY,SESSION,VALIDATION,2025-08-14,30,23900.75,0.0012551907366923631,0.001673587648923151,0.0020919845611539387,0.001673587648923151,0.0020919845611539387,0.0025103814733847263,0.003137976841730908,0.004183969122307877,,,,,,
POST-VALIDATION DIAGNOSTIC — NOT CONFIRMATORY,SESSION,VALIDATION,2025-08-15,15,23872.75,0.0012566629315851755,0.0016755505754469007,0.002094438219308626,0.0016755505754469007,0.002094438219308626,0.002513325863170351,0.003141657328962939,0.004188876438617252,,,,,,
POST-VALIDATION DIAGNOSTIC — NOT CONFIRMATORY,SESSION,VALIDATION,2025-08-15,20,23843.75,0.0012581913499344693,0.0016775884665792922,0.0020969855832241153,0.0016775884665792922,0.0020969855832241153,0.0025163826998689386,0.003145478374836173,0.0041939711664482305,,,,,,
POST-VALIDATION DIAGNOSTIC — NOT CONFIRMATORY,SESSION,VALIDATION,2025-08-15,30,23840.625,0.0012583562721195439,0.0016778083628260585,0.002097260453532573,0.0016778083628260585,0.002097260453532573,0.0025167125442390878,0.0031458906802988595,0.004194520907065146,,,,,,
POST-VALIDATION DIAGNOSTIC — NOT CONFIRMATORY,SESSION,VALIDATION,2025-08-18,15,23793.0,0.0012608750472828142,0.001681166729710419,0.002101458412138024,0.001681166729710419,0.002101458412138024,0.0025217500945656285,0.0031521876182070358,0.004202916824276048,,,,,,
POST-VALIDATION DIAGNOSTIC — NOT CONFIRMATORY,SESSION,VALIDATION,2025-08-18,20,23793.0,0.0012608750472828142,0.001681166729710419,0.002101458412138024,0.001681166729710419,0.002101458412138024,0.0025217500945656285,0.0031521876182070358,0.004202916824276048,,,,,,
POST-VALIDATION DIAGNOSTIC — NOT CONFIRMATORY,SESSION,VALIDATION,2025-08-18,30,23776.625,0.0012617434139622424,0.0016823245519496564,0.0021029056899370705,0.0016823245519496564,0.0021029056899370705,0.0025234868279244847,0.003154358534905606,0.004205811379874141,,,,,,
POST-VALIDATION DIAGNOSTIC — NOT CONFIRMATORY,SESSION,VALIDATION,2025-08-19,15,23715.375,0.0012650021346911023,0.0016866695129214696,0.002108336891151837,0.0016866695129214696,0.002108336891151837,0.0025300042693822047,0.003162505336727756,0.004216673782303674,,,,,,
POST-VALIDATION DIAGNOSTIC — NOT CONFIRMATORY,SESSION,VALIDATION,2025-08-19,20,23705.0,0.0012655557899177389,0.0016874077198903185,0.002109259649862898,0.0016874077198903185,0.002109259649862898,0.0025311115798354778,0.003163889474794347,0.004218519299725796,,,,,,
POST-VALIDATION DIAGNOSTIC — NOT CONFIRMATORY,SESSION,VALIDATION,2025-08-19,30,23705.0,0.0012655557899177389,0.0016874077198903185,0.002109259649862898,0.0016874077198903185,0.002109259649862898,0.0025311115798354778,0.003163889474794347,0.004218519299725796,,,,,,
POST-VALIDATION DIAGNOSTIC — NOT CONFIRMATORY,SESSION,VALIDATION,2025-08-20,15,23377.25,0.0012832989337924691,0.0017110652450566255,0.002138831556320782,0.0017110652450566255,0.002138831556320782,0.0025665978675849382,0.003208247334481173,0.004277663112641564,,,,,,
POST-VALIDATION DIAGNOSTIC — NOT CONFIRMATORY,SESSION,VALIDATION,2025-08-20,20,23348.375,0.0012848859931365673,0.0017131813241820898,0.0021414766552276124,0.0017131813241820898,0.0021414766552276124,0.0025697719862731346,0.003212214982841418,0.004282953310455225,,,,,,
POST-VALIDATION DIAGNOSTIC — NOT CONFIRMATORY,SESSION,VALIDATION,2025-08-20,30,23289.0,0.001288161793121216,0.0017175490574949546,0.0021469363218686935,0.0017175490574949546,0.0021469363218686935,0.002576323586242432,0.0032204044828030402,0.004293872643737387,,,,,,
POST-VALIDATION DIAGNOSTIC — NOT CONFIRMATORY,SESSION,VALIDATION,2025-08-21,15,23245.0,0.001290600129060013,0.0017208001720800173,0.0021510002151000217,0.0017208001720800173,0.0021510002151000217,0.002581200258120026,0.0032265003226500323,0.004302000430200043,,,,,,
POST-VALIDATION DIAGNOSTIC — NOT CONFIRMATORY,SESSION,VALIDATION,2025-08-21,20,23232.75,0.001291280627562385,0.0017217075034165134,0.002152134379270642,0.0017217075034165134,0.002152134379270642,0.00258256125512477,0.0032282015689059627,0.004304268758541284,,,,,,
POST-VALIDATION DIAGNOSTIC — NOT CONFIRMATORY,SESSION,VALIDATION,2025-08-21,30,23232.75,0.001291280627562385,0.0017217075034165134,0.002152134379270642,0.0017217075034165134,0.002152134379270642,0.00258256125512477,0.0032282015689059627,0.004304268758541284,,,,,,
POST-VALIDATION DIAGNOSTIC — NOT CONFIRMATORY,SESSION,VALIDATION,2025-08-22,15,23265.125,0.0012894837229544221,0.0017193116306058961,0.00214913953825737,0.0017193116306058961,0.00214913953825737,0.0025789674459088443,0.0032237093073860554,0.00429827907651474,,,,,,
POST-VALIDATION DIAGNOSTIC — NOT CONFIRMATORY,SESSION,VALIDATION,2025-08-22,20,23271.75,0.001289116632827355,0.0017188221771031402,0.0021485277213789252,0.0017188221771031402,0.0021485277213789252,0.00257823326565471,0.0032227915820683874,0.0042970554427578505,,,,,,
POST-VALIDATION DIAGNOSTIC — NOT CONFIRMATORY,SESSION,VALIDATION,2025-08-22,30,23274.625,0.001288957394587453,0.0017186098594499375,0.0021482623243124217,0.0017186098594499375,0.0021482623243124217,0.002577914789174906,0.003222393486468633,0.004296524648624843,,,,,,
POST-VALIDATION DIAGNOSTIC — NOT CONFIRMATORY,SESSION,VALIDATION,2025-08-25,15,23481.75,0.0012775879140183334,0.0017034505520244446,0.002129313190030556,0.0017034505520244446,0.002129313190030556,0.002555175828036667,0.0031939697850458335,0.004258626380061112,,,,,,
POST-VALIDATION DIAGNOSTIC — NOT CONFIRMATORY,SESSION,VALIDATION,2025-08-25,20,23481.75,0.0012775879140183334,0.0017034505520244446,0.002129313190030556,0.0017034505520244446,0.002129313190030556,0.002555175828036667,0.0031939697850458335,0.004258626380061112,,,,,,
POST-VALIDATION DIAGNOSTIC — NOT CONFIRMATORY,SESSION,VALIDATION,2025-08-25,30,23482.75,0.0012775335086393203,0.0017033780115190938,0.0021292225143988673,0.0017033780115190938,0.0021292225143988673,0.0025550670172786406,0.003193833771598301,0.004258445028797735,,,,,,
POST-VALIDATION DIAGNOSTIC — NOT CONFIRMATORY,SESSION,VALIDATION,2025-08-26,15,23490.875,0.0012770916366461446,0.001702788848861526,0.0021284860610769076,0.001702788848861526,0.0021284860610769076,0.002554183273292289,0.003192729091615361,0.004256972122153815,,,,,,
POST-VALIDATION DIAGNOSTIC — NOT CONFIRMATORY,SESSION,VALIDATION,2025-08-26,20,23472.625,0.0012780845772468992,0.0017041127696625325,0.0021301409620781654,0.0017041127696625325,0.0021301409620781654,0.0025561691544937985,0.003195211443117248,0.004260281924156331,,,,,,
POST-VALIDATION DIAGNOSTIC — NOT CONFIRMATORY,SESSION,VALIDATION,2025-08-26,30,23472.625,0.0012780845772468992,0.0017041127696625325,0.0021301409620781654,0.0017041127696625325,0.0021301409620781654,0.0025561691544937985,0.003195211443117248,0.004260281924156331,,,,,,
POST-VALIDATION DIAGNOSTIC — NOT CONFIRMATORY,SESSION,VALIDATION,2025-08-27,15,23539.5,0.0012744535780284203,0.0016992714373712272,0.002124089296714034,0.0016992714373712272,0.002124089296714034,0.0025489071560568406,0.0031861339450710508,0.004248178593428068,,,,,,
POST-VALIDATION DIAGNOSTIC — NOT CONFIRMATORY,SESSION,VALIDATION,2025-08-27,20,23526.875,0.0012751374757591053,0.0017001833010121404,0.0021252291262651756,0.0017001833010121404,0.0021252291262651756,0.0025502749515182105,0.0031878436893977634,0.004250458252530351,,,,,,
POST-VALIDATION DIAGNOSTIC — NOT CONFIRMATORY,SESSION,VALIDATION,2025-08-27,30,23526.875,0.0012751374757591053,0.0017001833010121404,0.0021252291262651756,0.0017001833010121404,0.0021252291262651756,0.0025502749515182105,0.0031878436893977634,0.004250458252530351,,,,,,
POST-VALIDATION DIAGNOSTIC — NOT CONFIRMATORY,SESSION,VALIDATION,2025-08-28,15,23686.25,0.0012665576019842736,0.0016887434693123647,0.002110929336640456,0.0016887434693123647,0.002110929336640456,0.002533115203968547,0.003166394004960684,0.004221858673280912,,,,,,
POST-VALIDATION DIAGNOSTIC — NOT CONFIRMATORY,SESSION,VALIDATION,2025-08-28,20,23686.25,0.0012665576019842736,0.0016887434693123647,0.002110929336640456,0.0016887434693123647,0.002110929336640456,0.002533115203968547,0.003166394004960684,0.004221858673280912,,,,,,
POST-VALIDATION DIAGNOSTIC — NOT CONFIRMATORY,SESSION,VALIDATION,2025-08-28,30,23657.875,0.0012680766975055875,0.00169076893000745,0.0021134611625093125,0.00169076893000745,0.0021134611625093125,0.002536153395011175,0.0031701917437639685,0.004226922325018625,,,,,,
POST-VALIDATION DIAGNOSTIC — NOT CONFIRMATORY,SESSION,VALIDATION,2025-08-29,15,23626.625,0.001269753932269209,0.001693005243025612,0.002116256553782015,0.001693005243025612,0.002116256553782015,0.002539507864538418,0.0031743848306730227,0.00423251310756403,,,,,,
POST-VALIDATION DIAGNOSTIC — NOT CONFIRMATORY,SESSION,VALIDATION,2025-08-29,20,23602.75,0.0012710383323977078,0.0016947177765302772,0.0021183972206628467,0.0016947177765302772,0.0021183972206628467,0.0025420766647954156,0.0031775958309942696,0.004236794441325693,,,,,,
POST-VALIDATION DIAGNOSTIC — NOT CONFIRMATORY,SESSION,VALIDATION,2025-08-29,30,23587.5,0.0012718600953895071,0.001695813460519343,0.0021197668256491787,0.001695813460519343,0.0021197668256491787,0.0025437201907790143,0.003179650238473768,0.0042395336512983575,,,,,,
POST-VALIDATION DIAGNOSTIC — NOT CONFIRMATORY,SESSION,VALIDATION,2025-09-01,15,23463.625,0.0012785748152725762,0.001704766420363435,0.0021309580254542937,0.001704766420363435,0.0021309580254542937,0.0025571496305451524,0.0031964370381814405,0.004261916050908587,,,,,,
POST-VALIDATION DIAGNOSTIC — NOT CONFIRMATORY,SESSION,VALIDATION,2025-09-01,20,23464.75,0.001278513514953281,0.0017046846866043746,0.0021308558582554685,0.0017046846866043746,0.0021308558582554685,0.002557027029906562,0.0031962837873832023,0.004261711716510937,,,,,,
POST-VALIDATION DIAGNOSTIC — NOT CONFIRMATORY,SESSION,VALIDATION,2025-09-01,30,23469.125,0.001278275180689523,0.0017043669075860305,0.002130458634482538,0.0017043669075860305,0.002130458634482538,0.002556550361379046,0.0031956879517238074,0.004260917268965076,,,,,,
POST-VALIDATION DIAGNOSTIC — NOT CONFIRMATORY,SESSION,VALIDATION,2025-09-02,15,23101.25,0.0012986310264596073,0.0017315080352794763,0.0021643850440993453,0.0017315080352794763,0.0021643850440993453,0.0025972620529192145,0.003246577566149018,0.0043287700881986906,,,,,,
POST-VALIDATION DIAGNOSTIC — NOT CONFIRMATORY,SESSION,VALIDATION,2025-09-02,20,23112.5,0.0012979989183342347,0.0017306652244456463,0.002163331530557058,0.0017306652244456463,0.002163331530557058,0.0025959978366684694,0.003244997295835587,0.004326663061114116,,,,,,
POST-VALIDATION DIAGNOSTIC — NOT CONFIRMATORY,SESSION,VALIDATION,2025-09-02,30,23143.0,0.0012962882945167006,0.001728384392688934,0.0021604804908611675,0.001728384392688934,0.0021604804908611675,0.002592576589033401,0.0032407207362917514,0.004320960981722335,,,,,,
POST-VALIDATION DIAGNOSTIC — NOT CONFIRMATORY,SESSION,VALIDATION,2025-09-03,15,23405.0,0.001281777397991882,0.0017090365306558428,0.0021362956633198035,0.0017090365306558428,0.0021362956633198035,0.002563554795983764,0.003204443494979705,0.004272591326639607,,,,,,
POST-VALIDATION DIAGNOSTIC — NOT CONFIRMATORY,SESSION,VALIDATION,2025-09-03,20,23403.875,0.001281839011702122,0.001709118682269496,0.00213639835283687,0.001709118682269496,0.00213639835283687,0.002563678023404244,0.003204597529255305,0.00427279670567374,,,,,,
POST-VALIDATION DIAGNOSTIC — NOT CONFIRMATORY,SESSION,VALIDATION,2025-09-03,30,23403.875,0.001281839011702122,0.001709118682269496,0.00213639835283687,0.001709118682269496,0.00213639835283687,0.002563678023404244,0.003204597529255305,0.00427279670567374,,,,,,
POST-VALIDATION DIAGNOSTIC — NOT CONFIRMATORY,SESSION,VALIDATION,2025-09-04,15,23502.75,0.001276446373296742,0.0017019284977289892,0.0021274106221612363,0.0017019284977289892,0.0021274106221612363,0.002552892746593484,0.0031911159332418545,0.004254821244322473,,,,,,
POST-VALIDATION DIAGNOSTIC — NOT CONFIRMATORY,SESSION,VALIDATION,2025-09-04,20,23502.75,0.001276446373296742,0.0017019284977289892,0.0021274106221612363,0.0017019284977289892,0.0021274106221612363,0.002552892746593484,0.0031911159332418545,0.004254821244322473,,,,,,
POST-VALIDATION DIAGNOSTIC — NOT CONFIRMATORY,SESSION,VALIDATION,2025-09-04,30,23502.75,0.001276446373296742,0.0017019284977289892,0.0021274106221612363,0.0017019284977289892,0.0021274106221612363,0.002552892746593484,0.0031911159332418545,0.004254821244322473,,,,,,
POST-VALIDATION DIAGNOSTIC — NOT CONFIRMATORY,SESSION,VALIDATION,2025-09-05,15,23862.0,0.001257229067136032,0.001676305422848043,0.0020953817785600536,0.001676305422848043,0.0020953817785600536,0.002514458134272064,0.0031430726678400803,0.004190763557120107,,,,,,
POST-VALIDATION DIAGNOSTIC — NOT CONFIRMATORY,SESSION,VALIDATION,2025-09-05,20,23862.0,0.001257229067136032,0.001676305422848043,0.0020953817785600536,0.001676305422848043,0.0020953817785600536,0.002514458134272064,0.0031430726678400803,0.004190763557120107,,,,,,
POST-VALIDATION DIAGNOSTIC — NOT CONFIRMATORY,SESSION,VALIDATION,2025-09-05,30,23862.0,0.001257229067136032,0.001676305422848043,0.0020953817785600536,0.001676305422848043,0.0020953817785600536,0.002514458134272064,0.0031430726678400803,0.004190763557120107,,,,,,
POST-VALIDATION DIAGNOSTIC — NOT CONFIRMATORY,SESSION,VALIDATION,2025-09-08,15,23809.0,0.0012600277206098534,0.0016800369608131378,0.002100046201016422,0.0016800369608131378,0.002100046201016422,0.002520055441219707,0.0031500693015246335,0.004200092402032844,,,,,,
POST-VALIDATION DIAGNOSTIC — NOT CONFIRMATORY,SESSION,VALIDATION,2025-09-08,20,23811.625,0.0012598888148120928,0.0016798517530827904,0.002099814691353488,0.0016798517530827904,0.002099814691353488,0.0025197776296241856,0.003149722037030232,0.004199629382706976,,,,,,
POST-VALIDATION DIAGNOSTIC — NOT CONFIRMATORY,SESSION,VALIDATION,2025-09-08,30,23823.875,0.0012592409924917756,0.0016789879899890342,0.0020987349874862925,0.0016789879899890342,0.0020987349874862925,0.0025184819849835513,0.003148102481229439,0.004197469974972585,,,,,,
POST-VALIDATION DIAGNOSTIC — NOT CONFIRMATORY,SESSION,VALIDATION,2025-09-09,15,23836.375,0.0012585806356881027,0.0016781075142508037,0.0020976343928135045,0.0016781075142508037,0.0020976343928135045,0.0025171612713762053,0.003146451589220257,0.004195268785627009,,,,,,
POST-VALIDATION DIAGNOSTIC — NOT CONFIRMATORY,SESSION,VALIDATION,2025-09-09,20,23836.375,0.0012585806356881027,0.0016781075142508037,0.0020976343928135045,0.0016781075142508037,0.0020976343928135045,0.0025171612713762053,0.003146451589220257,0.004195268785627009,,,,,,
POST-VALIDATION DIAGNOSTIC — NOT CONFIRMATORY,SESSION,VALIDATION,2025-09-09,30,23829.5,0.0012589437461969408,0.001678591661595921,0.002098239576994901,0.001678591661595921,0.002098239576994901,0.0025178874923938816,0.003147359365492352,0.004196479153989802,,,,,,
POST-VALIDATION DIAGNOSTIC — NOT CONFIRMATORY,SESSION,VALIDATION,2025-09-10,15,23959.375,0.0012521194730663885,0.0016694926307551845,0.0020868657884439805,0.0016694926307551845,0.0020868657884439805,0.002504238946132777,0.003130298682665971,0.004173731576887961,,,,,,
POST-VALIDATION DIAGNOSTIC — NOT CONFIRMATORY,SESSION,VALIDATION,2025-09-10,20,23956.375,0.0012522762730170988,0.0016697016973561318,0.0020871271216951646,0.0016697016973561318,0.0020871271216951646,0.0025045525460341976,0.003130690682542747,0.004174254243390329,,,,,,
POST-VALIDATION DIAGNOSTIC — NOT CONFIRMATORY,SESSION,VALIDATION,2025-09-10,30,23947.5,0.001252740369558409,0.0016703204927445453,0.0020879006159306816,0.0016703204927445453,0.0020879006159306816,0.002505480739116818,0.0031318509238960224,0.004175801231861363,,,,,,
POST-VALIDATION DIAGNOSTIC — NOT CONFIRMATORY,SESSION,VALIDATION,2025-09-11,15,23954.625,0.0012523677577920757,0.0016698236770561008,0.002087279596320126,0.0016698236770561008,0.002087279596320126,0.0025047355155841514,0.003130919394480189,0.004174559192640252,,,,,,
POST-VALIDATION DIAGNOSTIC — NOT CONFIRMATORY,SESSION,VALIDATION,2025-09-11,20,23953.75,0.0012524135051922977,0.0016698846735897302,0.0020873558419871627,0.0016698846735897302,0.0020873558419871627,0.0025048270103845954,0.003131033762980744,0.004174711683974325,,,,,,
POST-VALIDATION DIAGNOSTIC — NOT CONFIRMATORY,SESSION,VALIDATION,2025-09-11,30,23953.75,0.0012524135051922977,0.0016698846735897302,0.0020873558419871627,0.0016698846735897302,0.0020873558419871627,0.0025048270103845954,0.003131033762980744,0.004174711683974325,,,,,,
POST-VALIDATION DIAGNOSTIC — NOT CONFIRMATORY,SESSION,VALIDATION,2025-09-12,15,24032.75,0.0012482965952710363,0.0016643954603613818,0.002080494325451727,0.0016643954603613818,0.002080494325451727,0.0024965931905420726,0.003120741488177591,0.004160988650903454,,,,,,
POST-VALIDATION DIAGNOSTIC — NOT CONFIRMATORY,SESSION,VALIDATION,2025-09-12,20,24032.75,0.0012482965952710363,0.0016643954603613818,0.002080494325451727,0.0016643954603613818,0.002080494325451727,0.0024965931905420726,0.003120741488177591,0.004160988650903454,,,,,,
POST-VALIDATION DIAGNOSTIC — NOT CONFIRMATORY,SESSION,VALIDATION,2025-09-12,30,24032.75,0.0012482965952710363,0.0016643954603613818,0.002080494325451727,0.0016643954603613818,0.002080494325451727,0.0024965931905420726,0.003120741488177591,0.004160988650903454,,,,,,
POST-VALIDATION DIAGNOSTIC — NOT CONFIRMATORY,SESSION,VALIDATION,2025-09-19,15,24760.5,0.0012116071969467499,0.0016154762625956666,0.002019345328244583,0.0016154762625956666,0.002019345328244583,0.0024232143938934998,0.0030290179923668746,0.004038690656489166,,,,,,
POST-VALIDATION DIAGNOSTIC — NOT CONFIRMATORY,SESSION,VALIDATION,2025-09-19,20,24768.625,0.0012112097462010911,0.0016149463282681214,0.002018682910335152,0.0016149463282681214,0.002018682910335152,0.0024224194924021823,0.0030280243655027277,0.004037365820670304,,,,,,
POST-VALIDATION DIAGNOSTIC — NOT CONFIRMATORY,SESSION,VALIDATION,2025-09-19,30,24776.625,0.0012108186647697174,0.0016144248863596232,0.002018031107949529,0.0016144248863596232,0.002018031107949529,0.0024216373295394347,0.0030270466619242934,0.004036062215899058,,,,,,
POST-VALIDATION DIAGNOSTIC — NOT CONFIRMATORY,SESSION,VALIDATION,2025-09-22,15,24836.25,0.0012079118224369622,0.0016105490965826162,0.0020131863707282703,0.0016105490965826162,0.0020131863707282703,0.0024158236448739243,0.0030197795560924054,0.0040263727414565405,,,,,,
POST-VALIDATION DIAGNOSTIC — NOT CONFIRMATORY,SESSION,VALIDATION,2025-09-22,20,24839.875,0.0012077355461732396,0.0016103140615643195,0.0020128925769553993,0.0016103140615643195,0.0020128925769553993,0.002415471092346479,0.003019338865433099,0.004025785153910799,,,,,,
POST-VALIDATION DIAGNOSTIC — NOT CONFIRMATORY,SESSION,VALIDATION,2025-09-22,30,24847.375,0.0012073709999547236,0.0016098279999396314,0.0020122849999245395,0.0016098279999396314,0.0020122849999245395,0.002414741999909447,0.0030184274998868088,0.004024569999849079,,,,,,
POST-VALIDATION DIAGNOSTIC — NOT CONFIRMATORY,SESSION,VALIDATION,2025-09-23,15,24976.25,0.0012011410840298284,0.0016015214453731043,0.0020019018067163807,0.0016015214453731043,0.0020019018067163807,0.002402282168059657,0.003002852710074571,0.004003803613432761,,,,,,
POST-VALIDATION DIAGNOSTIC — NOT CONFIRMATORY,SESSION,VALIDATION,2025-09-23,20,24976.25,0.0012011410840298284,0.0016015214453731043,0.0020019018067163807,0.0016015214453731043,0.0020019018067163807,0.002402282168059657,0.003002852710074571,0.004003803613432761,,,,,,
POST-VALIDATION DIAGNOSTIC — NOT CONFIRMATORY,SESSION,VALIDATION,2025-09-23,30,24971.125,0.0012013876026810966,0.0016018501369081289,0.002002312671135161,0.0016018501369081289,0.002002312671135161,0.002402775205362193,0.0030034690067027416,0.004004625342270322,,,,,,
POST-VALIDATION DIAGNOSTIC — NOT CONFIRMATORY,SESSION,VALIDATION,2025-09-24,15,24861.375,0.0012066911021614854,0.0016089214695486473,0.002011151836935809,0.0016089214695486473,0.002011151836935809,0.002413382204322971,0.0030167277554037134,0.004022303673871618,,,,,,
POST-VALIDATION DIAGNOSTIC — NOT CONFIRMATORY,SESSION,VALIDATION,2025-09-24,20,24851.875,0.0012071523778386943,0.0016095365037849256,0.002011920629731157,0.0016095365037849256,0.002011920629731157,0.0024143047556773886,0.0030178809445967356,0.004023841259462314,,,,,,
POST-VALIDATION DIAGNOSTIC — NOT CONFIRMATORY,SESSION,VALIDATION,2025-09-24,30,24842.125,0.0012076261591953184,0.0016101682122604247,0.0020127102653255307,0.0016101682122604247,0.0020127102653255307,0.002415252318390637,0.003019065397988296,0.004025420530651061,,,,,,
POST-VALIDATION DIAGNOSTIC — NOT CONFIRMATORY,SESSION,VALIDATION,2025-09-25,15,24500.375,0.0012244710540144793,0.0016326280720193058,0.002040785090024132,0.0016326280720193058,0.002040785090024132,0.0024489421080289586,0.0030611776350361985,0.004081570180048264,,,,,,
POST-VALIDATION DIAGNOSTIC — NOT CONFIRMATORY,SESSION,VALIDATION,2025-09-25,20,24500.375,0.0012244710540144793,0.0016326280720193058,0.002040785090024132,0.0016326280720193058,0.002040785090024132,0.0024489421080289586,0.0030611776350361985,0.004081570180048264,,,,,,
POST-VALIDATION DIAGNOSTIC — NOT CONFIRMATORY,SESSION,VALIDATION,2025-09-25,30,24500.375,0.0012244710540144793,0.0016326280720193058,0.002040785090024132,0.0016326280720193058,0.002040785090024132,0.0024489421080289586,0.0030611776350361985,0.004081570180048264,,,,,,
POST-VALIDATION DIAGNOSTIC — NOT CONFIRMATORY,SESSION,VALIDATION,2025-09-26,15,24654.625,0.0012168102333740627,0.0016224136444987502,0.0020280170556234377,0.0016224136444987502,0.0020280170556234377,0.0024336204667481254,0.003042025583435157,0.0040560341112468755,,,,,,
POST-VALIDATION DIAGNOSTIC — NOT CONFIRMATORY,SESSION,VALIDATION,2025-09-26,20,24654.625,0.0012168102333740627,0.0016224136444987502,0.0020280170556234377,0.0016224136444987502,0.0020280170556234377,0.0024336204667481254,0.003042025583435157,0.0040560341112468755,,,,,,
POST-VALIDATION DIAGNOSTIC — NOT CONFIRMATORY,SESSION,VALIDATION,2025-09-26,30,24656.375,0.00121672386958748,0.0016222984927833064,0.0020278731159791333,0.0016222984927833064,0.0020278731159791333,0.00243344773917496,0.0030418096739686998,0.004055746231958267,,,,,,
POST-VALIDATION DIAGNOSTIC — NOT CONFIRMATORY,SESSION,VALIDATION,2025-09-29,15,24882.125,0.0012056848038501534,0.0016075797384668712,0.002009474673083589,0.0016075797384668712,0.002009474673083589,0.0024113696077003068,0.003014212009625384,0.004018949346167178,,,,,,
POST-VALIDATION DIAGNOSTIC — NOT CONFIRMATORY,SESSION,VALIDATION,2025-09-29,20,24898.0,0.0012049160575146598,0.0016065547433528797,0.0020081934291911,0.0016065547433528797,0.0020081934291911,0.0024098321150293196,0.0030122901437866496,0.0040163868583822,,,,,,
POST-VALIDATION DIAGNOSTIC — NOT CONFIRMATORY,SESSION,VALIDATION,2025-09-29,30,24901.625,0.0012047406544753606,0.001606320872633814,0.0020079010907922677,0.001606320872633814,0.0020079010907922677,0.002409481308950721,0.0030118516361884013,0.004015802181584535,,,,,,
POST-VALIDATION DIAGNOSTIC — NOT CONFIRMATORY,SESSION,VALIDATION,2025-09-30,15,24786.0,0.0012103606874848704,0.0016138142499798273,0.002017267812474784,0.0016138142499798273,0.002017267812474784,0.002420721374969741,0.0030259017187121763,0.004034535624949568,,,,,,
POST-VALIDATION DIAGNOSTIC — NOT CONFIRMATORY,SESSION,VALIDATION,2025-09-30,20,24786.0,0.0012103606874848704,0.0016138142499798273,0.002017267812474784,0.0016138142499798273,0.002017267812474784,0.002420721374969741,0.0030259017187121763,0.004034535624949568,,,,,,
POST-VALIDATION DIAGNOSTIC — NOT CONFIRMATORY,SESSION,VALIDATION,2025-09-30,30,24776.625,0.0012108186647697174,0.0016144248863596232,0.002018031107949529,0.0016144248863596232,0.002018031107949529,0.0024216373295394347,0.0030270466619242934,0.004036062215899058,,,,,,
POST-VALIDATION DIAGNOSTIC — NOT CONFIRMATORY,SESSION,VALIDATION,2025-10-01,15,24792.5,0.0012100433598870627,0.0016133911465160836,0.0020167389331451043,0.0016133911465160836,0.0020167389331451043,0.0024200867197741254,0.0030251083997176564,0.0040334778662902086,,,,,,
POST-VALIDATION DIAGNOSTIC — NOT CONFIRMATORY,SESSION,VALIDATION,2025-10-01,20,24788.125,0.0012102569274602254,0.0016136759032803006,0.0020170948791003755,0.0016136759032803006,0.0020170948791003755,0.002420513854920451,0.0030256423186505637,0.004034189758200751,,,,,,
POST-VALIDATION DIAGNOSTIC — NOT CONFIRMATORY,SESSION,VALIDATION,2025-10-01,30,24783.75,0.0012104705704342564,0.0016139607605790084,0.0020174509507237606,0.0016139607605790084,0.0020174509507237606,0.002420941140868513,0.003026176426085641,0.004034901901447521,,,,,,
POST-VALIDATION DIAGNOSTIC — NOT CONFIRMATORY,SESSION,VALIDATION,2025-10-02,15,25102.625,0.0011950941385612062,0.0015934588514149417,0.001991823564268677,0.0015934588514149417,0.001991823564268677,0.0023901882771224124,0.0029877353464030157,0.003983647128537354,,,,,,
POST-VALIDATION DIAGNOSTIC — NOT CONFIRMATORY,SESSION,VALIDATION,2025-10-02,20,25097.125,0.0011953560417776936,0.0015938080557035916,0.0019922600696294893,0.0015938080557035916,0.0019922600696294893,0.002390712083555387,0.002988390104444234,0.0039845201392589786,,,,,,
POST-VALIDATION DIAGNOSTIC — NOT CONFIRMATORY,SESSION,VALIDATION,2025-10-02,30,25091.625,0.0011956180598107935,0.001594157413081058,0.001992696766351322,0.001594157413081058,0.001992696766351322,0.002391236119621587,0.0029890451495269837,0.003985393532702644,,,,,,
POST-VALIDATION DIAGNOSTIC — NOT CONFIRMATORY,SESSION,VALIDATION,2025-10-03,15,25140.25,0.0011933055558317838,0.0015910740744423783,0.001988842593052973,0.0015910740744423783,0.001988842593052973,0.0023866111116635676,0.002983263889579459,0.003977685186105946,,,,,,
POST-VALIDATION DIAGNOSTIC — NOT CONFIRMATORY,SESSION,VALIDATION,2025-10-03,20,25140.25,0.0011933055558317838,0.0015910740744423783,0.001988842593052973,0.0015910740744423783,0.001988842593052973,0.0023866111116635676,0.002983263889579459,0.003977685186105946,,,,,,
POST-VALIDATION DIAGNOSTIC — NOT CONFIRMATORY,SESSION,VALIDATION,2025-10-03,30,25135.5,0.0011935310616458794,0.0015913747488611725,0.0019892184360764654,0.0015913747488611725,0.0019892184360764654,0.002387062123291759,0.0029838276541146983,0.003978436872152931,,,,,,
POST-VALIDATION DIAGNOSTIC — NOT CONFIRMATORY,SESSION,VALIDATION,2025-10-06,15,25169.375,0.0011919247100891461,0.0015892329467855281,0.00198654118348191,0.0015892329467855281,0.00198654118348191,0.0023838494201782923,0.0029798117752228652,0.00397308236696382,,,,,,
POST-VALIDATION DIAGNOSTIC — NOT CONFIRMATORY,SESSION,VALIDATION,2025-10-06,20,25169.375,0.0011919247100891461,0.0015892329467855281,0.00198654118348191,0.0015892329467855281,0.00198654118348191,0.0023838494201782923,0.0029798117752228652,0.00397308236696382,,,,,,
POST-VALIDATION DIAGNOSTIC — NOT CONFIRMATORY,SESSION,VALIDATION,2025-10-06,30,25169.375,0.0011919247100891461,0.0015892329467855281,0.00198654118348191,0.0015892329467855281,0.00198654118348191,0.0023838494201782923,0.0029798117752228652,0.00397308236696382,,,,,,
POST-VALIDATION DIAGNOSTIC — NOT CONFIRMATORY,SESSION,VALIDATION,2025-10-07,15,25240.0,0.0011885895404120444,0.001584786053882726,0.0019809825673534074,0.001584786053882726,0.0019809825673534074,0.002377179080824089,0.002971473851030111,0.003961965134706815,,,,,,
POST-VALIDATION DIAGNOSTIC — NOT CONFIRMATORY,SESSION,VALIDATION,2025-10-07,20,25240.0,0.0011885895404120444,0.001584786053882726,0.0019809825673534074,0.001584786053882726,0.0019809825673534074,0.002377179080824089,0.002971473851030111,0.003961965134706815,,,,,,
POST-VALIDATION DIAGNOSTIC — NOT CONFIRMATORY,SESSION,VALIDATION,2025-10-07,30,25241.25,0.0011885306789481504,0.0015847075719308671,0.001980884464913584,0.0015847075719308671,0.001980884464913584,0.002377061357896301,0.0029713266973703757,0.003961768929827168,,,,,,
POST-VALIDATION DIAGNOSTIC — NOT CONFIRMATORY,SESSION,VALIDATION,2025-10-08,15,25113.0,0.001194600406164138,0.001592800541552184,0.00199100067694023,0.001592800541552184,0.00199100067694023,0.002389200812328276,0.0029865010154103452,0.00398200135388046,,,,,,
POST-VALIDATION DIAGNOSTIC — NOT CONFIRMATORY,SESSION,VALIDATION,2025-10-08,20,25119.625,0.0011942853446259647,0.0015923804595012864,0.001990475574376608,0.0015923804595012864,0.001990475574376608,0.0023885706892519294,0.0029857133615649118,0.003980951148753216,,,,,,
POST-VALIDATION DIAGNOSTIC — NOT CONFIRMATORY,SESSION,VALIDATION,2025-10-08,30,25128.375,0.001193869480219075,0.0015918259736254334,0.0019897824670317915,0.0015918259736254334,0.0019897824670317915,0.00238773896043815,0.0029846737005476878,0.003979564934063583,,,,,,
POST-VALIDATION DIAGNOSTIC — NOT CONFIRMATORY,SESSION,VALIDATION,2025-10-09,15,25296.75,0.0011859230928874262,0.0015812307905165683,0.0019765384881457104,0.0015812307905165683,0.0019765384881457104,0.0023718461857748525,0.0029648077322185656,0.003953076976291421,,,,,,
POST-VALIDATION DIAGNOSTIC — NOT CONFIRMATORY,SESSION,VALIDATION,2025-10-09,20,25294.25,0.0011860403056030522,0.0015813870741374027,0.0019767338426717536,0.0015813870741374027,0.0019767338426717536,0.0023720806112061043,0.00296510076400763,0.003953467685343507,,,,,,
POST-VALIDATION DIAGNOSTIC — NOT CONFIRMATORY,SESSION,VALIDATION,2025-10-09,30,25292.375,0.0011861282303461023,0.0015815043071281364,0.0019768803839101705,0.0015815043071281364,0.0019768803839101705,0.0023722564606922045,0.0029653205758652557,0.003953760767820341,,,,,,
POST-VALIDATION DIAGNOSTIC — NOT CONFIRMATORY,SESSION,VALIDATION,2025-10-10,15,25335.25,0.00118412093821849,0.0015788279176246534,0.0019735348970308167,0.0015788279176246534,0.0019735348970308167,0.00236824187643698,0.002960302345546225,0.003947069794061633,,,,,,
POST-VALIDATION DIAGNOSTIC — NOT CONFIRMATORY,SESSION,VALIDATION,2025-10-10,20,25340.875,0.0011838580948763608,0.0015784774598351478,0.0019730968247939347,0.0015784774598351478,0.0019730968247939347,0.0023677161897527215,0.0029596452371909022,0.003946193649587869,,,,,,
POST-VALIDATION DIAGNOSTIC — NOT CONFIRMATORY,SESSION,VALIDATION,2025-10-10,30,25340.875,0.0011838580948763608,0.0015784774598351478,0.0019730968247939347,0.0015784774598351478,0.0019730968247939347,0.0023677161897527215,0.0029596452371909022,0.003946193649587869,,,,,,
POST-VALIDATION DIAGNOSTIC — NOT CONFIRMATORY,SESSION,VALIDATION,2025-10-13,15,24783.625,0.0012104766756275565,0.001613968900836742,0.0020174611260459275,0.001613968900836742,0.0020174611260459275,0.002420953351255113,0.003026191689068891,0.004034922252091855,,,,,,
POST-VALIDATION DIAGNOSTIC — NOT CONFIRMATORY,SESSION,VALIDATION,2025-10-13,20,24783.625,0.0012104766756275565,0.001613968900836742,0.0020174611260459275,0.001613968900836742,0.0020174611260459275,0.002420953351255113,0.003026191689068891,0.004034922252091855,,,,,,
POST-VALIDATION DIAGNOSTIC — NOT CONFIRMATORY,SESSION,VALIDATION,2025-10-13,30,24808.875,0.001209244675544538,0.001612326234059384,0.00201540779257423,0.001612326234059384,0.00201540779257423,0.002418489351089076,0.003023111688861345,0.00403081558514846,,,,,,
POST-VALIDATION DIAGNOSTIC — NOT CONFIRMATORY,SESSION,VALIDATION,2025-10-14,15,24536.125,0.0012226869564774389,0.0016302492753032518,0.002037811594129065,0.0016302492753032518,0.002037811594129065,0.0024453739129548777,0.003056717391193597,0.00407562318825813,,,,,,
POST-VALIDATION DIAGNOSTIC — NOT CONFIRMATORY,SESSION,VALIDATION,2025-10-14,20,24532.625,0.0012228613937562735,0.001630481858341698,0.0020381023229271225,0.001630481858341698,0.0020381023229271225,0.002445722787512547,0.0030571534843906838,0.004076204645854245,,,,,,
POST-VALIDATION DIAGNOSTIC — NOT CONFIRMATORY,SESSION,VALIDATION,2025-10-14,30,24532.625,0.0012228613937562735,0.001630481858341698,0.0020381023229271225,0.001630481858341698,0.0020381023229271225,0.002445722787512547,0.0030571534843906838,0.004076204645854245,,,,,,
POST-VALIDATION DIAGNOSTIC — NOT CONFIRMATORY,SESSION,VALIDATION,2025-10-15,15,24962.375,0.0012018087221268008,0.0016024116295024011,0.0020030145368780013,0.0016024116295024011,0.0020030145368780013,0.0024036174442536016,0.003004521805317002,0.0040060290737560025,,,,,,
POST-VALIDATION DIAGNOSTIC — NOT CONFIRMATORY,SESSION,VALIDATION,2025-10-15,20,24950.625,0.0012023746900127752,0.001603166253350367,0.002003957816687959,0.001603166253350367,0.002003957816687959,0.0024047493800255504,0.003005936725031938,0.004007915633375918,,,,,,
POST-VALIDATION DIAGNOSTIC — NOT CONFIRMATORY,SESSION,VALIDATION,2025-10-15,30,24960.625,0.001201892981445777,0.0016025239752610362,0.002003154969076295,0.0016025239752610362,0.002003154969076295,0.002403785962891554,0.003004732453614443,0.00400630993815259,,,,,,
POST-VALIDATION DIAGNOSTIC — NOT CONFIRMATORY,SESSION,VALIDATION,2025-10-16,15,25071.0,0.0011966016513102788,0.0015954688684137052,0.0019943360855171313,0.0015954688684137052,0.0019943360855171313,0.0023932033026205575,0.0029915041282756972,0.003988672171034263,,,,,,
POST-VALIDATION DIAGNOSTIC — NOT CONFIRMATORY,SESSION,VALIDATION,2025-10-16,20,25080.75,0.0011961364791722735,0.0015948486388963647,0.001993560798620456,0.0015948486388963647,0.001993560798620456,0.002392272958344547,0.002990341197930684,0.003987121597240912,,,,,,
POST-VALIDATION DIAGNOSTIC — NOT CONFIRMATORY,SESSION,VALIDATION,2025-10-16,30,25075.75,0.0011963749837990887,0.0015951666450654517,0.0019939583063318146,0.0015951666450654517,0.0019939583063318146,0.0023927499675981774,0.002990937459497722,0.003987916612663629,,,,,,
POST-VALIDATION DIAGNOSTIC — NOT CONFIRMATORY,SESSION,VALIDATION,2025-10-17,15,24745.0,0.0012123661345726409,0.0016164881794301878,0.002020610224287735,0.0016164881794301878,0.002020610224287735,0.0024247322691452818,0.0030309153364316025,0.00404122044857547,,,,,,
POST-VALIDATION DIAGNOSTIC — NOT CONFIRMATORY,SESSION,VALIDATION,2025-10-17,20,24745.0,0.0012123661345726409,0.0016164881794301878,0.002020610224287735,0.0016164881794301878,0.002020610224287735,0.0024247322691452818,0.0030309153364316025,0.00404122044857547,,,,,,
POST-VALIDATION DIAGNOSTIC — NOT CONFIRMATORY,SESSION,VALIDATION,2025-10-17,30,24781.125,0.0012105987924277046,0.0016141317232369395,0.002017664654046174,0.0016141317232369395,0.002017664654046174,0.0024211975848554093,0.0030264969810692615,0.004035329308092348,,,,,,
POST-VALIDATION DIAGNOSTIC — NOT CONFIRMATORY,SESSION,VALIDATION,2025-10-20,15,25169.75,0.0011919069517972963,0.0015892092690630618,0.0019865115863288273,0.0015892092690630618,0.0019865115863288273,0.0023838139035945926,0.002979767379493241,0.003973023172657655,,,,,,
POST-VALIDATION DIAGNOSTIC — NOT CONFIRMATORY,SESSION,VALIDATION,2025-10-20,20,25173.375,0.0011917353155864083,0.0015889804207818777,0.001986225525977347,0.0015889804207818777,0.001986225525977347,0.0023834706311728166,0.0029793382889660206,0.003972451051954694,,,,,,
POST-VALIDATION DIAGNOSTIC — NOT CONFIRMATORY,SESSION,VALIDATION,2025-10-20,30,25177.125,0.0011915578128956345,0.0015887437505275126,0.0019859296881593906,0.0015887437505275126,0.0019859296881593906,0.002383115625791269,0.002978894532239086,0.003971859376318781,,,,,,
POST-VALIDATION DIAGNOSTIC — NOT CONFIRMATORY,SESSION,VALIDATION,2025-10-21,15,25268.75,0.0011872372000989364,0.0015829829334652486,0.001978728666831561,0.0015829829334652486,0.001978728666831561,0.002374474400197873,0.002968093000247341,0.003957457333663122,,,,,,
POST-VALIDATION DIAGNOSTIC — NOT CONFIRMATORY,SESSION,VALIDATION,2025-10-21,20,25261.875,0.0011875603057967788,0.0015834137410623717,0.0019792671763279646,0.0015834137410623717,0.0019792671763279646,0.0023751206115935576,0.0029689007644919468,0.003958534352655929,,,,,,
POST-VALIDATION DIAGNOSTIC — NOT CONFIRMATORY,SESSION,VALIDATION,2025-10-21,30,25259.125,0.0011876895973237395,0.001583586129764986,0.0019794826622062324,0.001583586129764986,0.0019794826622062324,0.002375379194647479,0.0029692239933093484,0.003958965324412465,,,,,,
POST-VALIDATION DIAGNOSTIC — NOT CONFIRMATORY,SESSION,VALIDATION,2025-10-22,15,25222.125,0.0011894318975899135,0.0015859091967865514,0.0019823864959831895,0.0015859091967865514,0.0019823864959831895,0.002378863795179827,0.002973579743974784,0.003964772991966379,,,,,,
POST-VALIDATION DIAGNOSTIC — NOT CONFIRMATORY,SESSION,VALIDATION,2025-10-22,20,25222.125,0.0011894318975899135,0.0015859091967865514,0.0019823864959831895,0.0015859091967865514,0.0019823864959831895,0.002378863795179827,0.002973579743974784,0.003964772991966379,,,,,,
POST-VALIDATION DIAGNOSTIC — NOT CONFIRMATORY,SESSION,VALIDATION,2025-10-22,30,25231.125,0.0011890076245113922,0.001585343499348523,0.0019816793741856535,0.001585343499348523,0.0019816793741856535,0.0023780152490227844,0.0029725190612784804,0.003963358748371307,,,,,,
POST-VALIDATION DIAGNOSTIC — NOT CONFIRMATORY,SESSION,VALIDATION,2025-10-23,15,25045.75,0.0011978080113392493,0.0015970773484523322,0.001996346685565415,0.0015970773484523322,0.001996346685565415,0.0023956160226784986,0.002994520028348123,0.00399269337113083,,,,,,
POST-VALIDATION DIAGNOSTIC — NOT CONFIRMATORY,SESSION,VALIDATION,2025-10-23,20,25069.0,0.0011966971159599504,0.0015955961546132674,0.0019944951932665844,0.0015955961546132674,0.0019944951932665844,0.002393394231919901,0.0029917427898998763,0.003988990386533169,,,,,,
POST-VALIDATION DIAGNOSTIC — NOT CONFIRMATORY,SESSION,VALIDATION,2025-10-23,30,25089.25,0.001195731239475074,0.0015943083193000987,0.0019928853991251234,0.0015943083193000987,0.0019928853991251234,0.002391462478950148,0.002989328098687685,0.003985770798250247,,,,,,
POST-VALIDATION DIAGNOSTIC — NOT CONFIRMATORY,SESSION,VALIDATION,2025-10-24,15,25480.375,0.0011773767065830075,0.0015698356087773433,0.0019622945109716793,0.0015698356087773433,0.0019622945109716793,0.002354753413166015,0.0029434417664575187,0.003924589021943359,,,,,,
POST-VALIDATION DIAGNOSTIC — NOT CONFIRMATORY,SESSION,VALIDATION,2025-10-24,20,25490.25,0.0011769205872833731,0.001569227449711164,0.001961534312138955,0.001569227449711164,0.001961534312138955,0.0023538411745667462,0.0029423014682084326,0.00392306862427791,,,,,,
POST-VALIDATION DIAGNOSTIC — NOT CONFIRMATORY,SESSION,VALIDATION,2025-10-24,30,25490.25,0.0011769205872833731,0.001569227449711164,0.001961534312138955,0.001569227449711164,0.001961534312138955,0.0023538411745667462,0.0029423014682084326,0.00392306862427791,,,,,,
POST-VALIDATION DIAGNOSTIC — NOT CONFIRMATORY,SESSION,VALIDATION,2025-10-27,15,25828.0,0.0011615301223478396,0.0015487068297971194,0.0019358835372463993,0.0015487068297971194,0.0019358835372463993,0.002323060244695679,0.002903825305869599,0.0038717670744927986,,,,,,
POST-VALIDATION DIAGNOSTIC — NOT CONFIRMATORY,SESSION,VALIDATION,2025-10-27,20,25828.0,0.0011615301223478396,0.0015487068297971194,0.0019358835372463993,0.0015487068297971194,0.0019358835372463993,0.002323060244695679,0.002903825305869599,0.0038717670744927986,,,,,,
POST-VALIDATION DIAGNOSTIC — NOT CONFIRMATORY,SESSION,VALIDATION,2025-10-27,30,25828.0,0.0011615301223478396,0.0015487068297971194,0.0019358835372463993,0.0015487068297971194,0.0019358835372463993,0.002323060244695679,0.002903825305869599,0.0038717670744927986,,,,,,
POST-VALIDATION DIAGNOSTIC — NOT CONFIRMATORY,SESSION,VALIDATION,2025-10-28,15,26067.875,0.0011508417928197063,0.0015344557237596083,0.0019180696546995104,0.0015344557237596083,0.0019180696546995104,0.0023016835856394125,0.0028771044820492656,0.003836139309399021,,,,,,
POST-VALIDATION DIAGNOSTIC — NOT CONFIRMATORY,SESSION,VALIDATION,2025-10-28,20,26065.5,0.0011509466536226045,0.0015345955381634727,0.001918244422704341,0.0015345955381634727,0.001918244422704341,0.002301893307245209,0.0028773666340565114,0.003836488845408682,,,,,,
POST-VALIDATION DIAGNOSTIC — NOT CONFIRMATORY,SESSION,VALIDATION,2025-10-28,30,26061.5,0.0011511233044912994,0.001534831072655066,0.0019185388408188323,0.001534831072655066,0.0019185388408188323,0.0023022466089825987,0.0028778082612282486,0.0038370776816376647,,,,,,
POST-VALIDATION DIAGNOSTIC — NOT CONFIRMATORY,SESSION,VALIDATION,2025-10-29,15,26273.375,0.0011418403612021677,0.0015224538149362235,0.0019030672686702794,0.0015224538149362235,0.0019030672686702794,0.0022836807224043353,0.002854600903005419,0.003806134537340559,,,,,,
POST-VALIDATION DIAGNOSTIC — NOT CONFIRMATORY,SESSION,VALIDATION,2025-10-29,20,26273.375,0.0011418403612021677,0.0015224538149362235,0.0019030672686702794,0.0015224538149362235,0.0019030672686702794,0.0022836807224043353,0.002854600903005419,0.003806134537340559,,,,,,
POST-VALIDATION DIAGNOSTIC — NOT CONFIRMATORY,SESSION,VALIDATION,2025-10-29,30,26286.75,0.0011412593797255272,0.0015216791729673696,0.0019020989662092119,0.0015216791729673696,0.0019020989662092119,0.0022825187594510544,0.0028531484493138177,0.0038041979324184238,,,,,,
POST-VALIDATION DIAGNOSTIC — NOT CONFIRMATORY,SESSION,VALIDATION,2025-10-30,15,26034.5,0.001152317117670783,0.001536422823561044,0.001920528529451305,0.001536422823561044,0.001920528529451305,0.002304634235341566,0.0028807927941769573,0.00384105705890261,,,,,,
POST-VALIDATION DIAGNOSTIC — NOT CONFIRMATORY,SESSION,VALIDATION,2025-10-30,20,26034.5,0.001152317117670783,0.001536422823561044,0.001920528529451305,0.001536422823561044,0.001920528529451305,0.002304634235341566,0.0028807927941769573,0.00384105705890261,,,,,,
POST-VALIDATION DIAGNOSTIC — NOT CONFIRMATORY,SESSION,VALIDATION,2025-10-30,30,26044.375,0.0011518802044587363,0.0015358402726116484,0.0019198003407645604,0.0015358402726116484,0.0019198003407645604,0.0023037604089174725,0.002879700511146841,0.0038396006815291208,,,,,,
POST-VALIDATION DIAGNOSTIC — NOT CONFIRMATORY,SESSION,VALIDATION,2025-10-31,15,26151.5,0.0011471617306846643,0.0015295489742462192,0.001911936217807774,0.0015295489742462192,0.001911936217807774,0.0022943234613693286,0.002867904326711661,0.003823872435615548,,,,,,
POST-VALIDATION DIAGNOSTIC — NOT CONFIRMATORY,SESSION,VALIDATION,2025-10-31,20,26143.75,0.0011475017929715515,0.0015300023906287354,0.0019125029882859192,0.0015300023906287354,0.0019125029882859192,0.002295003585943103,0.002868754482428879,0.0038250059765718384,,,,,,
POST-VALIDATION DIAGNOSTIC — NOT CONFIRMATORY,SESSION,VALIDATION,2025-10-31,30,26139.875,0.0011476718997317317,0.001530229199642309,0.0019127864995528861,0.001530229199642309,0.0019127864995528861,0.0022953437994634633,0.0028691797493293294,0.0038255729991057722,,,,,,
POST-VALIDATION DIAGNOSTIC — NOT CONFIRMATORY,SESSION,VALIDATION,2025-11-03,15,26210.375,0.001144584921047486,0.0015261132280633147,0.0019076415350791432,0.0015261132280633147,0.0019076415350791432,0.002289169842094972,0.0028614623026187148,0.0038152830701582863,,,,,,
POST-VALIDATION DIAGNOSTIC — NOT CONFIRMATORY,SESSION,VALIDATION,2025-11-03,20,26207.875,0.0011446941043484068,0.0015262588057978756,0.0019078235072473445,0.0015262588057978756,0.0019078235072473445,0.0022893882086968136,0.002861735260871017,0.003815647014494689,,,,,,
POST-VALIDATION DIAGNOSTIC — NOT CONFIRMATORY,SESSION,VALIDATION,2025-11-03,30,26192.625,0.0011453605738256476,0.00152714743176753,0.0019089342897094124,0.00152714743176753,0.0019089342897094124,0.002290721147651295,0.002863401434564119,0.003817868579418825,,,,,,
POST-VALIDATION DIAGNOSTIC — NOT CONFIRMATORY,SESSION,VALIDATION,2025-11-04,15,25722.5,0.001166294100495675,0.0015550588006609,0.001943823500826125,0.0015550588006609,0.001943823500826125,0.00233258820099135,0.0029157352512391875,0.00388764700165225,,,,,,
POST-VALIDATION DIAGNOSTIC — NOT CONFIRMATORY,SESSION,VALIDATION,2025-11-04,20,25724.0,0.0011662260923651065,0.0015549681231534754,0.0019437101539418443,0.0015549681231534754,0.0019437101539418443,0.002332452184730213,0.002915565230912766,0.0038874203078836885,,,,,,
POST-VALIDATION DIAGNOSTIC — NOT CONFIRMATORY,SESSION,VALIDATION,2025-11-04,30,25772.0,0.0011640540121061616,0.0015520720161415489,0.0019400900201769363,0.0015520720161415489,0.0019400900201769363,0.0023281080242123233,0.0029101350302654042,0.0038801800403538726,,,,,,
POST-VALIDATION DIAGNOSTIC — NOT CONFIRMATORY,SESSION,VALIDATION,2025-11-05,15,25532.5,0.0011749730735337316,0.001566630764711642,0.0019582884558895525,0.001566630764711642,0.0019582884558895525,0.002349946147067463,0.002937432683834329,0.003916576911779105,,,,,,
POST-VALIDATION DIAGNOSTIC — NOT CONFIRMATORY,SESSION,VALIDATION,2025-11-05,20,25554.0,0.0011739845034045551,0.0015653126712060735,0.0019566408390075916,0.0015653126712060735,0.0019566408390075916,0.0023479690068091102,0.0029349612585113875,0.003913281678015183,,,,,,
POST-VALIDATION DIAGNOSTIC — NOT CONFIRMATORY,SESSION,VALIDATION,2025-11-05,30,25589.25,0.0011723673026759283,0.0015631564035679046,0.0019539455044598805,0.0015631564035679046,0.0019539455044598805,0.0023447346053518565,0.002930918256689821,0.003907891008919761,,,,,,
POST-VALIDATION DIAGNOSTIC — NOT CONFIRMATORY,SESSION,VALIDATION,2025-11-06,15,25635.25,0.0011702636018763226,0.0015603514691684302,0.0019504393364605378,0.0015603514691684302,0.0019504393364605378,0.002340527203752645,0.0029256590046908065,0.0039008786729210756,,,,,,
POST-VALIDATION DIAGNOSTIC — NOT CONFIRMATORY,SESSION,VALIDATION,2025-11-06,20,25635.25,0.0011702636018763226,0.0015603514691684302,0.0019504393364605378,0.0015603514691684302,0.0019504393364605378,0.002340527203752645,0.0029256590046908065,0.0039008786729210756,,,,,,
POST-VALIDATION DIAGNOSTIC — NOT CONFIRMATORY,SESSION,VALIDATION,2025-11-06,30,25597.125,0.0011720066218374133,0.0015626754957832178,0.0019533443697290222,0.0015626754957832178,0.0019533443697290222,0.0023440132436748267,0.0029300165545935336,0.0039066887394580445,,,,,,
POST-VALIDATION DIAGNOSTIC — NOT CONFIRMATORY,SESSION,VALIDATION,2025-11-07,15,25014.5,0.0011993044034460012,0.0015990725379280018,0.0019988406724100022,0.0015990725379280018,0.0019988406724100022,0.0023986088068920024,0.002998261008615003,0.0039976813448200045,,,,,,
POST-VALIDATION DIAGNOSTIC — NOT CONFIRMATORY,SESSION,VALIDATION,2025-11-07,20,25014.5,0.0011993044034460012,0.0015990725379280018,0.0019988406724100022,0.0015990725379280018,0.0019988406724100022,0.0023986088068920024,0.002998261008615003,0.0039976813448200045,,,,,,
POST-VALIDATION DIAGNOSTIC — NOT CONFIRMATORY,SESSION,VALIDATION,2025-11-07,30,25014.5,0.0011993044034460012,0.0015990725379280018,0.0019988406724100022,0.0015990725379280018,0.0019988406724100022,0.0023986088068920024,0.002998261008615003,0.0039976813448200045,,,,,,
POST-VALIDATION DIAGNOSTIC — NOT CONFIRMATORY,SESSION,VALIDATION,2025-11-10,15,25581.875,0.0011727052845031884,0.001563607046004251,0.0019545088075053137,0.001563607046004251,0.0019545088075053137,0.0023454105690063768,0.0029317632112579707,0.003909017615010627,,,,,,
POST-VALIDATION DIAGNOSTIC — NOT CONFIRMATORY,SESSION,VALIDATION,2025-11-10,20,25585.75,0.0011725276765386984,0.001563370235384931,0.001954212794231164,0.001563370235384931,0.001954212794231164,0.0023450553530773967,0.0029313191913467457,0.003908425588462328,,,,,,
POST-VALIDATION DIAGNOSTIC — NOT CONFIRMATORY,SESSION,VALIDATION,2025-11-10,30,25590.875,0.0011722928582942162,0.0015630571443922883,0.0019538214304903605,0.0015630571443922883,0.0019538214304903605,0.0023445857165884324,0.0029307321457355405,0.003907642860980721,,,,,,
POST-VALIDATION DIAGNOSTIC — NOT CONFIRMATORY,SESSION,VALIDATION,2025-11-11,15,25614.875,0.0011711944719620924,0.0015615926292827898,0.0019519907866034872,0.0015615926292827898,0.0019519907866034872,0.002342388943924185,0.002927986179905231,0.0039039815732069745,,,,,,
POST-VALIDATION DIAGNOSTIC — NOT CONFIRMATORY,SESSION,VALIDATION,2025-11-11,20,25611.75,0.0011713373744472752,0.0015617831659297003,0.0019522289574121254,0.0015617831659297003,0.0019522289574121254,0.0023426747488945504,0.002928343436118188,0.0039044579148242507,,,,,,
POST-VALIDATION DIAGNOSTIC — NOT CONFIRMATORY,SESSION,VALIDATION,2025-11-11,30,25603.25,0.0011717262456914649,0.0015623016609219533,0.0019528770761524416,0.0015623016609219533,0.0019528770761524416,0.0023434524913829298,0.0029293156142286623,0.003905754152304883,,,,,,
POST-VALIDATION DIAGNOSTIC — NOT CONFIRMATORY,SESSION,VALIDATION,2025-11-12,15,25708.875,0.0011669122044430183,0.0015558829392573576,0.001944853674071697,0.0015558829392573576,0.001944853674071697,0.0023338244088860365,0.0029172805111075456,0.003889707348143394,,,,,,
POST-VALIDATION DIAGNOSTIC — NOT CONFIRMATORY,SESSION,VALIDATION,2025-11-12,20,25675.75,0.0011684176703699015,0.0015578902271598687,0.0019473627839498358,0.0015578902271598687,0.0019473627839498358,0.002336835340739803,0.0029210441759247537,0.0038947255678996717,,,,,,
POST-VALIDATION DIAGNOSTIC — NOT CONFIRMATORY,SESSION,VALIDATION,2025-11-12,30,25671.0,0.001168633867009466,0.0015581784893459545,0.0019477231116824432,0.0015581784893459545,0.0019477231116824432,0.002337267734018932,0.002921584667523665,0.0038954462233648864,,,,,,
POST-VALIDATION DIAGNOSTIC — NOT CONFIRMATORY,SESSION,VALIDATION,2025-11-13,15,25392.75,0.0011814395841332663,0.0015752527788443552,0.001969065973555444,0.0015752527788443552,0.001969065973555444,0.0023628791682665327,0.002953598960333166,0.003938131947110888,,,,,,
POST-VALIDATION DIAGNOSTIC — NOT CONFIRMATORY,SESSION,VALIDATION,2025-11-13,20,25391.125,0.0011815151947777028,0.001575353593036937,0.0019691919912961714,0.001575353593036937,0.0019691919912961714,0.0023630303895554056,0.002953787986944257,0.003938383982592343,,,,,,
POST-VALIDATION DIAGNOSTIC — NOT CONFIRMATORY,SESSION,VALIDATION,2025-11-13,30,25391.125,0.0011815151947777028,0.001575353593036937,0.0019691919912961714,0.001575353593036937,0.0019691919912961714,0.0023630303895554056,0.002953787986944257,0.003938383982592343,,,,,,
POST-VALIDATION DIAGNOSTIC — NOT CONFIRMATORY,SESSION,VALIDATION,2025-11-14,15,24735.375,0.001212837889055654,0.0016171171854075389,0.0020213964817594235,0.0016171171854075389,0.0020213964817594235,0.002425675778111308,0.003032094722639135,0.004042792963518847,,,,,,
POST-VALIDATION DIAGNOSTIC — NOT CONFIRMATORY,SESSION,VALIDATION,2025-11-14,20,24771.25,0.001211081394762073,0.0016147751930160974,0.002018468991270122,0.0016147751930160974,0.002018468991270122,0.002422162789524146,0.0030277034869051825,0.004036937982540244,,,,,,
POST-VALIDATION DIAGNOSTIC — NOT CONFIRMATORY,SESSION,VALIDATION,2025-11-14,30,24798.25,0.0012097627856804411,0.0016130170475739216,0.002016271309467402,0.0016130170475739216,0.002016271309467402,0.0024195255713608823,0.003024406964201103,0.004032542618934804,,,,,,
POST-VALIDATION DIAGNOSTIC — NOT CONFIRMATORY,SESSION,VALIDATION,2025-11-17,15,25077.25,0.0011963034224247077,0.0015950712298996102,0.0019938390373745126,0.0015950712298996102,0.0019938390373745126,0.0023926068448494155,0.002990758556061769,0.003987678074749025,,,,,,
POST-VALIDATION DIAGNOSTIC — NOT CONFIRMATORY,SESSION,VALIDATION,2025-11-17,20,25091.625,0.0011956180598107935,0.001594157413081058,0.001992696766351322,0.001594157413081058,0.001992696766351322,0.002391236119621587,0.0029890451495269837,0.003985393532702644,,,,,,
POST-VALIDATION DIAGNOSTIC — NOT CONFIRMATORY,SESSION,VALIDATION,2025-11-17,30,25105.0,0.0011949810794662419,0.001593308105954989,0.0019916351324437364,0.001593308105954989,0.0019916351324437364,0.0023899621589324837,0.0029874526986656044,0.003983270264887473,,,,,,
POST-VALIDATION DIAGNOSTIC — NOT CONFIRMATORY,SESSION,VALIDATION,2025-11-18,15,24739.375,0.001212641790667711,0.0016168557208902812,0.0020210696511128515,0.0016168557208902812,0.0020210696511128515,0.002425283581335422,0.003031604476669277,0.004042139302225703,,,,,,
POST-VALIDATION DIAGNOSTIC — NOT CONFIRMATORY,SESSION,VALIDATION,2025-11-18,20,24723.75,0.0012134081601698772,0.0016178775468931696,0.002022346933616462,0.0016178775468931696,0.002022346933616462,0.0024268163203397543,0.003033520400424693,0.004044693867232924,,,,,,
POST-VALIDATION DIAGNOSTIC — NOT CONFIRMATORY,SESSION,VALIDATION,2025-11-18,30,24677.0,0.0012157069335818778,0.0016209425781091706,0.002026178222636463,0.0016209425781091706,0.002026178222636463,0.0024314138671637556,0.0030392673339546946,0.004052356445272926,,,,,,
POST-VALIDATION DIAGNOSTIC — NOT CONFIRMATORY,SESSION,VALIDATION,2025-11-19,15,24665.625,0.0012162675788673508,0.0016216901051564678,0.002027112631445585,0.0016216901051564678,0.002027112631445585,0.0024325351577347016,0.003040668947168377,0.00405422526289117,,,,,,
POST-VALIDATION DIAGNOSTIC — NOT CONFIRMATORY,SESSION,VALIDATION,2025-11-19,20,24676.125,0.0012157500417914076,0.0016210000557218768,0.0020262500696523462,0.0016210000557218768,0.0020262500696523462,0.002431500083582815,0.003039375104478519,0.0040525001393046925,,,,,,
POST-VALIDATION DIAGNOSTIC — NOT CONFIRMATORY,SESSION,VALIDATION,2025-11-19,30,24737.125,0.001212752088207502,0.0016170027842766692,0.0020212534803458367,0.0016170027842766692,0.0020212534803458367,0.002425504176415004,0.0030318802205187546,0.004042506960691673,,,,,,
POST-VALIDATION DIAGNOSTIC — NOT CONFIRMATORY,SESSION,VALIDATION,2025-11-20,15,25193.625,0.001190777428813837,0.001587703238418449,0.0019846290480230616,0.001587703238418449,0.0019846290480230616,0.002381554857627674,0.002976943572034592,0.003969258096046123,,,,,,
POST-VALIDATION DIAGNOSTIC — NOT CONFIRMATORY,SESSION,VALIDATION,2025-11-20,20,25206.5,0.0011901692023882728,0.0015868922698510305,0.0019836153373137882,0.0015868922698510305,0.0019836153373137882,0.0023803384047765457,0.0029754230059706823,0.0039672306746275764,,,,,,
POST-VALIDATION DIAGNOSTIC — NOT CONFIRMATORY,SESSION,VALIDATION,2025-11-20,30,25219.25,0.001189567493085639,0.0015860899907808518,0.001982612488476065,0.0015860899907808518,0.001982612488476065,0.002379134986171278,0.002973918732714097,0.00396522497695213,,,,,,
POST-VALIDATION DIAGNOSTIC — NOT CONFIRMATORY,SESSION,VALIDATION,2025-11-21,15,24216.375,0.0012388311627979,0.0016517748837305336,0.002064718604663167,0.0016517748837305336,0.002064718604663167,0.0024776623255958,0.0030970779069947503,0.004129437209326334,,,,,,
POST-VALIDATION DIAGNOSTIC — NOT CONFIRMATORY,SESSION,VALIDATION,2025-11-21,20,24190.5,0.0012401562596887207,0.0016535416795849611,0.002066927099481201,0.0016535416795849611,0.002066927099481201,0.0024803125193774414,0.003100390649221802,0.004133854198962402,,,,,,
POST-VALIDATION DIAGNOSTIC — NOT CONFIRMATORY,SESSION,VALIDATION,2025-11-21,30,24199.625,0.0012396886315387118,0.0016529181753849492,0.0020661477192311863,0.0016529181753849492,0.0020661477192311863,0.0024793772630774236,0.0030992215788467796,0.0041322954384623726,,,,,,
POST-VALIDATION DIAGNOSTIC — NOT CONFIRMATORY,SESSION,VALIDATION,2025-11-24,15,24617.875,0.0012186267092509,0.0016248356123345334,0.0020310445154181666,0.0016248356123345334,0.0020310445154181666,0.0024372534185018,0.00304656677312725,0.004062089030836333,,,,,,
POST-VALIDATION DIAGNOSTIC — NOT CONFIRMATORY,SESSION,VALIDATION,2025-11-24,20,24617.875,0.0012186267092509,0.0016248356123345334,0.0020310445154181666,0.0016248356123345334,0.0020310445154181666,0.0024372534185018,0.00304656677312725,0.004062089030836333,,,,,,
POST-VALIDATION DIAGNOSTIC — NOT CONFIRMATORY,SESSION,VALIDATION,2025-11-24,30,24617.875,0.0012186267092509,0.0016248356123345334,0.0020310445154181666,0.0016248356123345334,0.0020310445154181666,0.0024372534185018,0.00304656677312725,0.004062089030836333,,,,,,
POST-VALIDATION DIAGNOSTIC — NOT CONFIRMATORY,SESSION,VALIDATION,2025-11-25,15,24800.75,0.001209640837474673,0.0016128544499662309,0.0020160680624577887,0.0016128544499662309,0.0020160680624577887,0.002419281674949346,0.003024102093686683,0.004032136124915577,,,,,,
POST-VALIDATION DIAGNOSTIC — NOT CONFIRMATORY,SESSION,VALIDATION,2025-11-25,20,24753.5,0.0012119498252772336,0.0016159331003696446,0.002019916375462056,0.0016159331003696446,0.002019916375462056,0.0024238996505544673,0.003029874563193084,0.004039832750924112,,,,,,
POST-VALIDATION DIAGNOSTIC — NOT CONFIRMATORY,SESSION,VALIDATION,2025-11-25,30,24742.0,0.0012125131355589685,0.0016166841807452913,0.0020208552259316143,0.0016166841807452913,0.0020208552259316143,0.002425026271117937,0.0030312828388974213,0.004041710451863229,,,,,,
POST-VALIDATION DIAGNOSTIC — NOT CONFIRMATORY,SESSION,VALIDATION,2025-11-26,15,25230.125,0.0011890547510168895,0.001585406334689186,0.0019817579183614826,0.001585406334689186,0.0019817579183614826,0.002378109502033779,0.0029726368775422236,0.003963515836722965,,,,,,
POST-VALIDATION DIAGNOSTIC — NOT CONFIRMATORY,SESSION,VALIDATION,2025-11-26,20,25230.125,0.0011890547510168895,0.001585406334689186,0.0019817579183614826,0.001585406334689186,0.0019817579183614826,0.002378109502033779,0.0029726368775422236,0.003963515836722965,,,,,,
POST-VALIDATION DIAGNOSTIC — NOT CONFIRMATORY,SESSION,VALIDATION,2025-11-26,30,25218.625,0.0011895969744583617,0.0015861292992778156,0.0019826616240972692,0.0015861292992778156,0.0019826616240972692,0.0023791939489167233,0.002973992436145904,0.0039653232481945385,,,,,,
POST-VALIDATION DIAGNOSTIC — NOT CONFIRMATORY,SESSION,VALIDATION,2025-11-27,15,25302.5,0.0011856535915423377,0.0015808714553897836,0.0019760893192372294,0.0015808714553897836,0.0019760893192372294,0.0023713071830846755,0.0029641339788558443,0.003952178638474459,,,,,,
POST-VALIDATION DIAGNOSTIC — NOT CONFIRMATORY,SESSION,VALIDATION,2025-11-27,20,25302.5,0.0011856535915423377,0.0015808714553897836,0.0019760893192372294,0.0015808714553897836,0.0019760893192372294,0.0023713071830846755,0.0029641339788558443,0.003952178638474459,,,,,,
POST-VALIDATION DIAGNOSTIC — NOT CONFIRMATORY,SESSION,VALIDATION,2025-11-27,30,25302.5,0.0011856535915423377,0.0015808714553897836,0.0019760893192372294,0.0015808714553897836,0.0019760893192372294,0.0023713071830846755,0.0029641339788558443,0.003952178638474459,,,,,,
POST-VALIDATION DIAGNOSTIC — NOT CONFIRMATORY,SESSION,VALIDATION,2025-11-28,15,25375.5,0.0011822427144292723,0.0015763236192390298,0.0019704045240487873,0.0015763236192390298,0.0019704045240487873,0.0023644854288585445,0.002955606786073181,0.0039408090480975745,,,,,,
POST-VALIDATION DIAGNOSTIC — NOT CONFIRMATORY,SESSION,VALIDATION,2025-11-28,20,25375.5,0.0011822427144292723,0.0015763236192390298,0.0019704045240487873,0.0015763236192390298,0.0019704045240487873,0.0023644854288585445,0.002955606786073181,0.0039408090480975745,,,,,,
POST-VALIDATION DIAGNOSTIC — NOT CONFIRMATORY,SESSION,VALIDATION,2025-11-28,30,25375.5,0.0011822427144292723,0.0015763236192390298,0.0019704045240487873,0.0015763236192390298,0.0019704045240487873,0.0023644854288585445,0.002955606786073181,0.0039408090480975745,,,,,,
POST-VALIDATION DIAGNOSTIC — NOT CONFIRMATORY,SESSION,VALIDATION,2025-12-01,15,25264.375,0.0011874427924696337,0.0015832570566261782,0.0019790713207827226,0.0015832570566261782,0.0019790713207827226,0.0023748855849392674,0.002968606981174084,0.003958142641565445,,,,,,
POST-VALIDATION DIAGNOSTIC — NOT CONFIRMATORY,SESSION,VALIDATION,2025-12-01,20,25269.5,0.0011872019628405785,0.0015829359504541047,0.001978669938067631,0.0015829359504541047,0.001978669938067631,0.002374403925681157,0.0029680049071014463,0.003957339876135262,,,,,,
POST-VALIDATION DIAGNOSTIC — NOT CONFIRMATORY,SESSION,VALIDATION,2025-12-01,30,25294.375,0.0011860344444169898,0.0015813792592226533,0.0019767240740283165,0.0015813792592226533,0.0019767240740283165,0.0023720688888339797,0.0029650861110424747,0.003953448148056633,,,,,,
POST-VALIDATION DIAGNOSTIC — NOT CONFIRMATORY,SESSION,VALIDATION,2025-12-02,15,25542.125,0.0011745303102228182,0.0015660404136304243,0.00195755051703803,0.0015660404136304243,0.00195755051703803,0.0023490606204456363,0.0029363257755570453,0.00391510103407606,,,,,,
POST-VALIDATION DIAGNOSTIC — NOT CONFIRMATORY,SESSION,VALIDATION,2025-12-02,20,25542.125,0.0011745303102228182,0.0015660404136304243,0.00195755051703803,0.0015660404136304243,0.00195755051703803,0.0023490606204456363,0.0029363257755570453,0.00391510103407606,,,,,,
POST-VALIDATION DIAGNOSTIC — NOT CONFIRMATORY,SESSION,VALIDATION,2025-12-02,30,25542.125,0.0011745303102228182,0.0015660404136304243,0.00195755051703803,0.0015660404136304243,0.00195755051703803,0.0023490606204456363,0.0029363257755570453,0.00391510103407606,,,,,,
POST-VALIDATION DIAGNOSTIC — NOT CONFIRMATORY,SESSION,VALIDATION,2025-12-03,15,25494.75,0.001176712852646133,0.001568950470194844,0.001961188087743555,0.001568950470194844,0.001961188087743555,0.002353425705292266,0.0029417821316153328,0.00392237617548711,,,,,,
POST-VALIDATION DIAGNOSTIC — NOT CONFIRMATORY,SESSION,VALIDATION,2025-12-03,20,25494.75,0.001176712852646133,0.001568950470194844,0.001961188087743555,0.001568950470194844,0.001961188087743555,0.002353425705292266,0.0029417821316153328,0.00392237617548711,,,,,,
POST-VALIDATION DIAGNOSTIC — NOT CONFIRMATORY,SESSION,VALIDATION,2025-12-03,30,25484.0,0.0011772092293203579,0.0015696123057604772,0.0019620153822005964,0.0015696123057604772,0.0019620153822005964,0.0023544184586407157,0.0029430230733008948,0.003924030764401193,,,,,,
POST-VALIDATION DIAGNOSTIC — NOT CONFIRMATORY,SESSION,VALIDATION,2025-12-04,15,25631.875,0.0011704176928141231,0.001560556923752164,0.0019506961546902051,0.001560556923752164,0.0019506961546902051,0.0023408353856282462,0.0029260442320353077,0.0039013923093804102,,,,,,
POST-VALIDATION DIAGNOSTIC — NOT CONFIRMATORY,SESSION,VALIDATION,2025-12-04,20,25631.875,0.0011704176928141231,0.001560556923752164,0.0019506961546902051,0.001560556923752164,0.0019506961546902051,0.0023408353856282462,0.0029260442320353077,0.0039013923093804102,,,,,,
POST-VALIDATION DIAGNOSTIC — NOT CONFIRMATORY,SESSION,VALIDATION,2025-12-04,30,25626.625,0.0011706574705018706,0.0015608766273358275,0.0019510957841697844,0.0015608766273358275,0.0019510957841697844,0.0023413149410037412,0.0029266436762546764,0.0039021915683395687,,,,,,
POST-VALIDATION DIAGNOSTIC — NOT CONFIRMATORY,SESSION,VALIDATION,2025-12-05,15,25719.125,0.0011664471477937138,0.0015552628637249518,0.0019440785796561897,0.0015552628637249518,0.0019440785796561897,0.0023328942955874277,0.0029161178694842847,0.0038881571593123794,,,,,,
POST-VALIDATION DIAGNOSTIC — NOT CONFIRMATORY,SESSION,VALIDATION,2025-12-05,20,25719.125,0.0011664471477937138,0.0015552628637249518,0.0019440785796561897,0.0015552628637249518,0.0019440785796561897,0.0023328942955874277,0.0029161178694842847,0.0038881571593123794,,,,,,
POST-VALIDATION DIAGNOSTIC — NOT CONFIRMATORY,SESSION,VALIDATION,2025-12-05,30,25731.875,0.0011658691797624542,0.0015544922396832721,0.0019431152996040903,0.0015544922396832721,0.0019431152996040903,0.0023317383595249084,0.0029146729494061354,0.0038862305992081805,,,,,,
POST-VALIDATION DIAGNOSTIC — NOT CONFIRMATORY,SESSION,VALIDATION,2025-12-08,15,25814.375,0.0011621431857250079,0.0015495242476333438,0.0019369053095416799,0.0015495242476333438,0.0019369053095416799,0.0023242863714500158,0.0029053579643125195,0.0038738106190833598,,,,,,
POST-VALIDATION DIAGNOSTIC — NOT CONFIRMATORY,SESSION,VALIDATION,2025-12-08,20,25791.375,0.0011631795513034882,0.0015509060684046508,0.0019386325855058136,0.0015509060684046508,0.0019386325855058136,0.0023263591026069764,0.00290794887825872,0.003877265171011627,,,,,,
POST-VALIDATION DIAGNOSTIC — NOT CONFIRMATORY,SESSION,VALIDATION,2025-12-08,30,25791.375,0.0011631795513034882,0.0015509060684046508,0.0019386325855058136,0.0015509060684046508,0.0019386325855058136,0.0023263591026069764,0.00290794887825872,0.003877265171011627,,,,,,
POST-VALIDATION DIAGNOSTIC — NOT CONFIRMATORY,SESSION,VALIDATION,2025-12-09,15,25606.625,0.001171571810029631,0.0015620957467061746,0.0019526196833827183,0.0015620957467061746,0.0019526196833827183,0.002343143620059262,0.0029289295250740774,0.0039052393667654366,,,,,,
POST-VALIDATION DIAGNOSTIC — NOT CONFIRMATORY,SESSION,VALIDATION,2025-12-09,20,25606.625,0.001171571810029631,0.0015620957467061746,0.0019526196833827183,0.0015620957467061746,0.0019526196833827183,0.002343143620059262,0.0029289295250740774,0.0039052393667654366,,,,,,
POST-VALIDATION DIAGNOSTIC — NOT CONFIRMATORY,SESSION,VALIDATION,2025-12-09,30,25606.625,0.001171571810029631,0.0015620957467061746,0.0019526196833827183,0.0015620957467061746,0.0019526196833827183,0.002343143620059262,0.0029289295250740774,0.0039052393667654366,,,,,,
POST-VALIDATION DIAGNOSTIC — NOT CONFIRMATORY,SESSION,VALIDATION,2025-12-10,15,25615.125,0.0011711830412695623,0.0015615773883594166,0.0019519717354492708,0.0015615773883594166,0.0019519717354492708,0.0023423660825391246,0.002927957603173906,0.0039039434708985415,,,,,,
POST-VALIDATION DIAGNOSTIC — NOT CONFIRMATORY,SESSION,VALIDATION,2025-12-10,20,25620.0,0.00117096018735363,0.00156128024980484,0.00195160031225605,0.00156128024980484,0.00195160031225605,0.00234192037470726,0.002927400468384075,0.0039032006245121,,,,,,
POST-VALIDATION DIAGNOSTIC — NOT CONFIRMATORY,SESSION,VALIDATION,2025-12-10,30,25620.0,0.00117096018735363,0.00156128024980484,0.00195160031225605,0.00156128024980484,0.00195160031225605,0.00234192037470726,0.002927400468384075,0.0039032006245121,,,,,,
POST-VALIDATION DIAGNOSTIC — NOT CONFIRMATORY,SESSION,VALIDATION,2025-12-11,15,25602.75,0.0011717491285115856,0.001562332171348781,0.0019529152141859762,0.001562332171348781,0.0019529152141859762,0.0023434982570231713,0.002929372821278964,0.0039058304283719524,,,,,,
POST-VALIDATION DIAGNOSTIC — NOT CONFIRMATORY,SESSION,VALIDATION,2025-12-11,20,25566.625,0.0011734047806466438,0.0015645397075288584,0.001955674634411073,0.0015645397075288584,0.001955674634411073,0.0023468095612932875,0.0029335119516166095,0.003911349268822146,,,,,,
POST-VALIDATION DIAGNOSTIC — NOT CONFIRMATORY,SESSION,VALIDATION,2025-12-11,30,25525.125,0.001175312559683841,0.0015670834129117878,0.0019588542661397347,0.0015670834129117878,0.0019588542661397347,0.002350625119367682,0.0029382813992096025,0.003917708532279469,,,,,,
POST-VALIDATION DIAGNOSTIC — NOT CONFIRMATORY,SESSION,VALIDATION,2025-12-12,15,25571.25,0.001173192550227306,0.0015642567336364081,0.0019553209170455103,0.0015642567336364081,0.0019553209170455103,0.002346385100454612,0.002932981375568265,0.0039106418340910205,,,,,,
POST-VALIDATION DIAGNOSTIC — NOT CONFIRMATORY,SESSION,VALIDATION,2025-12-12,20,25562.625,0.0011735883932107911,0.0015647845242810548,0.0019559806553513187,0.0015647845242810548,0.0019559806553513187,0.0023471767864215822,0.0029339709830269777,0.0039119613107026375,,,,,,
POST-VALIDATION DIAGNOSTIC — NOT CONFIRMATORY,SESSION,VALIDATION,2025-12-12,30,25561.0,0.0011736630022299596,0.0015648840029732795,0.0019561050037165996,0.0015648840029732795,0.0019561050037165996,0.0023473260044599193,0.0029341575055748994,0.003912210007433199,,,,,,
POST-VALIDATION DIAGNOSTIC — NOT CONFIRMATORY,SESSION,VALIDATION,2025-12-19,15,25452.5,0.0011786661428150476,0.0015715548570867301,0.0019644435713584126,0.0015715548570867301,0.0019644435713584126,0.0023573322856300953,0.0029466653570376193,0.003928887142716825,,,,,,
POST-VALIDATION DIAGNOSTIC — NOT CONFIRMATORY,SESSION,VALIDATION,2025-12-19,20,25464.75,0.0011780991370423822,0.0015707988493898427,0.0019634985617373035,0.0015707988493898427,0.0019634985617373035,0.0023561982740847643,0.0029452478426059553,0.003926997123474607,,,,,,
POST-VALIDATION DIAGNOSTIC — NOT CONFIRMATORY,SESSION,VALIDATION,2025-12-19,30,25464.75,0.0011780991370423822,0.0015707988493898427,0.0019634985617373035,0.0015707988493898427,0.0019634985617373035,0.0023561982740847643,0.0029452478426059553,0.003926997123474607,,,,,,
POST-VALIDATION DIAGNOSTIC — NOT CONFIRMATORY,SESSION,VALIDATION,2025-12-22,15,25733.0,0.0011658182100804414,0.0015544242801072553,0.0019430303501340692,0.0015544242801072553,0.0019430303501340692,0.002331636420160883,0.0029145455252011037,0.0038860607002681384,,,,,,
POST-VALIDATION DIAGNOSTIC — NOT CONFIRMATORY,SESSION,VALIDATION,2025-12-22,20,25733.0,0.0011658182100804414,0.0015544242801072553,0.0019430303501340692,0.0015544242801072553,0.0019430303501340692,0.002331636420160883,0.0029145455252011037,0.0038860607002681384,,,,,,
POST-VALIDATION DIAGNOSTIC — NOT CONFIRMATORY,SESSION,VALIDATION,2025-12-22,30,25733.0,0.0011658182100804414,0.0015544242801072553,0.0019430303501340692,0.0015544242801072553,0.0019430303501340692,0.002331636420160883,0.0029145455252011037,0.0038860607002681384,,,,,,
POST-VALIDATION DIAGNOSTIC — NOT CONFIRMATORY,SESSION,VALIDATION,2025-12-23,15,25687.75,0.001167871845529484,0.0015571624607059785,0.0019464530758824732,0.0015571624607059785,0.0019464530758824732,0.002335743691058968,0.00291967961382371,0.0038929061517649463,,,,,,
POST-VALIDATION DIAGNOSTIC — NOT CONFIRMATORY,SESSION,VALIDATION,2025-12-23,20,25694.625,0.0011675593630963675,0.0015567458174618233,0.001945932271827279,0.0015567458174618233,0.001945932271827279,0.002335118726192735,0.002918898407740919,0.003891864543654558,,,,,,
POST-VALIDATION DIAGNOSTIC — NOT CONFIRMATORY,SESSION,VALIDATION,2025-12-23,30,25694.625,0.0011675593630963675,0.0015567458174618233,0.001945932271827279,0.0015567458174618233,0.001945932271827279,0.002335118726192735,0.002918898407740919,0.003891864543654558,,,,,,
POST-VALIDATION DIAGNOSTIC — NOT CONFIRMATORY,SESSION,VALIDATION,2025-12-24,15,25804.625,0.0011625822890276452,0.001550109718703527,0.0019376371483794087,0.001550109718703527,0.0019376371483794087,0.0023251645780552905,0.002906455722569113,0.0038752742967588173,,,,,,
POST-VALIDATION DIAGNOSTIC — NOT CONFIRMATORY,SESSION,VALIDATION,2025-12-24,20,25804.625,0.0011625822890276452,0.001550109718703527,0.0019376371483794087,0.001550109718703527,0.0019376371483794087,0.0023251645780552905,0.002906455722569113,0.0038752742967588173,,,,,,
POST-VALIDATION DIAGNOSTIC — NOT CONFIRMATORY,SESSION,VALIDATION,2025-12-24,30,25804.625,0.0011625822890276452,0.001550109718703527,0.0019376371483794087,0.001550109718703527,0.0019376371483794087,0.0023251645780552905,0.002906455722569113,0.0038752742967588173,,,,,,
POST-VALIDATION DIAGNOSTIC — NOT CONFIRMATORY,SESSION,VALIDATION,2025-12-26,15,25898.5,0.0011583682452651698,0.0015444909936868931,0.0019306137421086164,0.0015444909936868931,0.0019306137421086164,0.0023167364905303397,0.0028959206131629247,0.0038612274842172328,,,,,,
POST-VALIDATION DIAGNOSTIC — NOT CONFIRMATORY,SESSION,VALIDATION,2025-12-26,20,25899.75,0.0011583123389221903,0.0015444164518962538,0.0019305205648703172,0.0015444164518962538,0.0019305205648703172,0.0023166246778443807,0.002895780847305476,0.0038610411297406344,,,,,,
POST-VALIDATION DIAGNOSTIC — NOT CONFIRMATORY,SESSION,VALIDATION,2025-12-26,30,25899.75,0.0011583123389221903,0.0015444164518962538,0.0019305205648703172,0.0015444164518962538,0.0019305205648703172,0.0023166246778443807,0.002895780847305476,0.0038610411297406344,,,,,,
POST-VALIDATION DIAGNOSTIC — NOT CONFIRMATORY,SESSION,VALIDATION,2025-12-29,15,25741.5,0.001165433249810617,0.0015539109997474894,0.0019423887496843619,0.0015539109997474894,0.0019423887496843619,0.002330866499621234,0.0029135831245265427,0.0038847774993687237,,,,,,
POST-VALIDATION DIAGNOSTIC — NOT CONFIRMATORY,SESSION,VALIDATION,2025-12-29,20,25741.5,0.001165433249810617,0.0015539109997474894,0.0019423887496843619,0.0015539109997474894,0.0019423887496843619,0.002330866499621234,0.0029135831245265427,0.0038847774993687237,,,,,,
POST-VALIDATION DIAGNOSTIC — NOT CONFIRMATORY,SESSION,VALIDATION,2025-12-29,30,25741.5,0.001165433249810617,0.0015539109997474894,0.0019423887496843619,0.0015539109997474894,0.0019423887496843619,0.002330866499621234,0.0029135831245265427,0.0038847774993687237,,,,,,
POST-VALIDATION DIAGNOSTIC — NOT CONFIRMATORY,SESSION,VALIDATION,2025-12-30,15,25704.25,0.0011671221685129892,0.0015561628913506522,0.0019452036141883152,0.0015561628913506522,0.0019452036141883152,0.0023342443370259784,0.0029178054212824728,0.0038904072283766303,,,,,,
POST-VALIDATION DIAGNOSTIC — NOT CONFIRMATORY,SESSION,VALIDATION,2025-12-30,20,25705.75,0.0011670540637795045,0.0015560720850393394,0.0019450901062991743,0.0015560720850393394,0.0019450901062991743,0.002334108127559009,0.0029176351594487615,0.0038901802125983487,,,,,,
POST-VALIDATION DIAGNOSTIC — NOT CONFIRMATORY,SESSION,VALIDATION,2025-12-30,30,25724.125,0.0011662204253789002,0.001554960567171867,0.0019437007089648337,0.001554960567171867,0.0019437007089648337,0.0023324408507578004,0.0029155510634472502,0.0038874014179296674,,,,,,
POST-VALIDATION DIAGNOSTIC — NOT CONFIRMATORY,SESSION,VALIDATION,2025-12-31,15,25650.5,0.0011695678446813902,0.0015594237929085202,0.0019492797411356504,0.0015594237929085202,0.0019492797411356504,0.0023391356893627804,0.0029239196117034757,0.003898559482271301,,,,,,
POST-VALIDATION DIAGNOSTIC — NOT CONFIRMATORY,SESSION,VALIDATION,2025-12-31,20,25637.0,0.0011701837188438586,0.001560244958458478,0.0019503061980730974,0.001560244958458478,0.0019503061980730974,0.002340367437687717,0.0029254592971096464,0.0039006123961461948,,,,,,
POST-VALIDATION DIAGNOSTIC — NOT CONFIRMATORY,SESSION,VALIDATION,2025-12-31,30,25637.0,0.0011701837188438586,0.001560244958458478,0.0019503061980730974,0.001560244958458478,0.0019503061980730974,0.002340367437687717,0.0029254592971096464,0.0039006123961461948,,,,,,
POST-VALIDATION DIAGNOSTIC — NOT CONFIRMATORY,SUMMARY,DEV_VS_VAL,,15,,,,,,,,,,20467.625,24739.375,0.20870765416114478,0.0036643235353393468,0.003031604476669277,-0.1726700856428265
POST-VALIDATION DIAGNOSTIC — NOT CONFIRMATORY,SUMMARY,DEV_VS_VAL,,20,,,,,,,,,,20461.5,24745.0,0.20934437846687692,0.003665420423722601,0.0030309153364316025,-0.1731056779147302
POST-VALIDATION DIAGNOSTIC — NOT CONFIRMATORY,SUMMARY,DEV_VS_VAL,,30,,,,,,,,,,20479.375,24742.0,0.20814233832819595,0.003662221137119663,0.0030312828388974213,-0.172282960148735
