research_scope,partition,entity,observation_unit,session_date,trade_id,result_r,observations,rolling_30_average_r,rolling_50_average_r,month,monthly_observations,monthly_average_r,monthly_total_r
POST-VALIDATION DIAGNOSTIC — NOT CONFIRMATORY,DEVELOPMENT,MNQ_ORB_V01_CAND_001,EXECUTED_TRADE,2024-06-21T00:00:00,2024-06-21_15m_PRINT_SHORT_0946,-1.0,1,,,2024-06,6,0.16749999999999998,1.005
POST-VALIDATION DIAGNOSTIC — NOT CONFIRMATORY,DEVELOPMENT,MNQ_ORB_V01_CAND_001,EXECUTED_TRADE,2024-06-24T00:00:00,2024-06-24_15m_PRINT_SHORT_0949,-1.0,1,,,2024-06,6,0.16749999999999998,1.005
POST-VALIDATION DIAGNOSTIC — NOT CONFIRMATORY,DEVELOPMENT,MNQ_ORB_V01_CAND_001,EXECUTED_TRADE,2024-06-25T00:00:00,2024-06-25_15m_PRINT_LONG_0948,1.5,1,,,2024-06,6,0.16749999999999998,1.005
POST-VALIDATION DIAGNOSTIC — NOT CONFIRMATORY,DEVELOPMENT,MNQ_ORB_V01_CAND_001,EXECUTED_TRADE,2024-06-26T00:00:00,2024-06-26_15m_PRINT_LONG_0946,1.005,1,,,2024-06,6,0.16749999999999998,1.005
POST-VALIDATION DIAGNOSTIC — NOT CONFIRMATORY,DEVELOPMENT,MNQ_ORB_V01_CAND_001,EXECUTED_TRADE,2024-06-27T00:00:00,2024-06-27_15m_PRINT_LONG_1015,-1.0,1,,,2024-06,6,0.16749999999999998,1.005
POST-VALIDATION DIAGNOSTIC — NOT CONFIRMATORY,DEVELOPMENT,MNQ_ORB_V01_CAND_001,EXECUTED_TRADE,2024-06-28T00:00:00,2024-06-28_15m_PRINT_LONG_0946,1.5,1,,,2024-06,6,0.16749999999999998,1.005
POST-VALIDATION DIAGNOSTIC — NOT CONFIRMATORY,DEVELOPMENT,MNQ_ORB_V01_CAND_001,EXECUTED_TRADE,2024-07-01T00:00:00,2024-07-01_15m_PRINT_SHORT_0946,1.5,1,,,2024-07,23,0.24434782608695652,5.62
POST-VALIDATION DIAGNOSTIC — NOT CONFIRMATORY,DEVELOPMENT,MNQ_ORB_V01_CAND_001,EXECUTED_TRADE,2024-07-02T00:00:00,2024-07-02_15m_PRINT_LONG_0947,-1.0,1,,,2024-07,23,0.24434782608695652,5.62
POST-VALIDATION DIAGNOSTIC — NOT CONFIRMATORY,DEVELOPMENT,MNQ_ORB_V01_CAND_001,EXECUTED_TRADE,2024-07-03T00:00:00,2024-07-03_15m_PRINT_LONG_0950,1.5,1,,,2024-07,23,0.24434782608695652,5.62
POST-VALIDATION DIAGNOSTIC — NOT CONFIRMATORY,DEVELOPMENT,MNQ_ORB_V01_CAND_001,EXECUTED_TRADE,2024-07-04T00:00:00,2024-07-04_15m_PRINT_SHORT_0949,0.12,1,,,2024-07,23,0.24434782608695652,5.62
POST-VALIDATION DIAGNOSTIC — NOT CONFIRMATORY,DEVELOPMENT,MNQ_ORB_V01_CAND_001,EXECUTED_TRADE,2024-07-05T00:00:00,2024-07-05_15m_PRINT_SHORT_0947,-1.0,1,,,2024-07,23,0.24434782608695652,5.62
POST-VALIDATION DIAGNOSTIC — NOT CONFIRMATORY,DEVELOPMENT,MNQ_ORB_V01_CAND_001,EXECUTED_TRADE,2024-07-08T00:00:00,2024-07-08_15m_PRINT_LONG_0951,-1.0,1,,,2024-07,23,0.24434782608695652,5.62
POST-VALIDATION DIAGNOSTIC — NOT CONFIRMATORY,DEVELOPMENT,MNQ_ORB_V01_CAND_001,EXECUTED_TRADE,2024-07-09T00:00:00,2024-07-09_15m_PRINT_SHORT_1007,-1.0,1,,,2024-07,23,0.24434782608695652,5.62
POST-VALIDATION DIAGNOSTIC — NOT CONFIRMATORY,DEVELOPMENT,MNQ_ORB_V01_CAND_001,EXECUTED_TRADE,2024-07-10T00:00:00,2024-07-10_15m_PRINT_LONG_0950,-1.0,1,,,2024-07,23,0.24434782608695652,5.62
POST-VALIDATION DIAGNOSTIC — NOT CONFIRMATORY,DEVELOPMENT,MNQ_ORB_V01_CAND_001,EXECUTED_TRADE,2024-07-11T00:00:00,2024-07-11_15m_PRINT_SHORT_0952,1.5,1,,,2024-07,23,0.24434782608695652,5.62
POST-VALIDATION DIAGNOSTIC — NOT CONFIRMATORY,DEVELOPMENT,MNQ_ORB_V01_CAND_001,EXECUTED_TRADE,2024-07-12T00:00:00,2024-07-12_15m_PRINT_LONG_0948,1.5,1,,,2024-07,23,0.24434782608695652,5.62
POST-VALIDATION DIAGNOSTIC — NOT CONFIRMATORY,DEVELOPMENT,MNQ_ORB_V01_CAND_001,EXECUTED_TRADE,2024-07-15T00:00:00,2024-07-15_15m_PRINT_SHORT_0946,-1.0,1,,,2024-07,23,0.24434782608695652,5.62
POST-VALIDATION DIAGNOSTIC — NOT CONFIRMATORY,DEVELOPMENT,MNQ_ORB_V01_CAND_001,EXECUTED_TRADE,2024-07-16T00:00:00,2024-07-16_15m_PRINT_SHORT_0947,1.5,1,,,2024-07,23,0.24434782608695652,5.62
POST-VALIDATION DIAGNOSTIC — NOT CONFIRMATORY,DEVELOPMENT,MNQ_ORB_V01_CAND_001,EXECUTED_TRADE,2024-07-17T00:00:00,2024-07-17_15m_PRINT_SHORT_0946,1.5,1,,,2024-07,23,0.24434782608695652,5.62
POST-VALIDATION DIAGNOSTIC — NOT CONFIRMATORY,DEVELOPMENT,MNQ_ORB_V01_CAND_001,EXECUTED_TRADE,2024-07-18T00:00:00,2024-07-18_15m_PRINT_SHORT_0946,-1.0,1,,,2024-07,23,0.24434782608695652,5.62
POST-VALIDATION DIAGNOSTIC — NOT CONFIRMATORY,DEVELOPMENT,MNQ_ORB_V01_CAND_001,EXECUTED_TRADE,2024-07-19T00:00:00,2024-07-19_15m_PRINT_SHORT_1028,1.5,1,,,2024-07,23,0.24434782608695652,5.62
POST-VALIDATION DIAGNOSTIC — NOT CONFIRMATORY,DEVELOPMENT,MNQ_ORB_V01_CAND_001,EXECUTED_TRADE,2024-07-22T00:00:00,2024-07-22_15m_PRINT_LONG_0947,-1.0,1,,,2024-07,23,0.24434782608695652,5.62
POST-VALIDATION DIAGNOSTIC — NOT CONFIRMATORY,DEVELOPMENT,MNQ_ORB_V01_CAND_001,EXECUTED_TRADE,2024-07-23T00:00:00,2024-07-23_15m_PRINT_LONG_1022,-1.0,1,,,2024-07,23,0.24434782608695652,5.62
POST-VALIDATION DIAGNOSTIC — NOT CONFIRMATORY,DEVELOPMENT,MNQ_ORB_V01_CAND_001,EXECUTED_TRADE,2024-07-24T00:00:00,2024-07-24_15m_PRINT_SHORT_0948,1.5,1,,,2024-07,23,0.24434782608695652,5.62
POST-VALIDATION DIAGNOSTIC — NOT CONFIRMATORY,DEVELOPMENT,MNQ_ORB_V01_CAND_001,EXECUTED_TRADE,2024-07-25T00:00:00,2024-07-25_15m_PRINT_SHORT_0950,1.5,1,,,2024-07,23,0.24434782608695652,5.62
POST-VALIDATION DIAGNOSTIC — NOT CONFIRMATORY,DEVELOPMENT,MNQ_ORB_V01_CAND_001,EXECUTED_TRADE,2024-07-26T00:00:00,2024-07-26_15m_PRINT_SHORT_0948,-1.0,1,,,2024-07,23,0.24434782608695652,5.62
POST-VALIDATION DIAGNOSTIC — NOT CONFIRMATORY,DEVELOPMENT,MNQ_ORB_V01_CAND_001,EXECUTED_TRADE,2024-07-29T00:00:00,2024-07-29_15m_PRINT_LONG_0946,-1.0,1,,,2024-07,23,0.24434782608695652,5.62
POST-VALIDATION DIAGNOSTIC — NOT CONFIRMATORY,DEVELOPMENT,MNQ_ORB_V01_CAND_001,EXECUTED_TRADE,2024-07-30T00:00:00,2024-07-30_15m_PRINT_SHORT_0946,1.5,1,,,2024-07,23,0.24434782608695652,5.62
POST-VALIDATION DIAGNOSTIC — NOT CONFIRMATORY,DEVELOPMENT,MNQ_ORB_V01_CAND_001,EXECUTED_TRADE,2024-07-31T00:00:00,2024-07-31_15m_PRINT_LONG_1002,1.5,1,,,2024-07,23,0.24434782608695652,5.62
POST-VALIDATION DIAGNOSTIC — NOT CONFIRMATORY,DEVELOPMENT,MNQ_ORB_V01_CAND_001,EXECUTED_TRADE,2024-08-01T00:00:00,2024-08-01_15m_PRINT_LONG_0946,-1.0,1,0.1875,,2024-08,22,0.25,5.5
POST-VALIDATION DIAGNOSTIC — NOT CONFIRMATORY,DEVELOPMENT,MNQ_ORB_V01_CAND_001,EXECUTED_TRADE,2024-08-02T00:00:00,2024-08-02_15m_PRINT_SHORT_1006,1.5,1,0.2708333333333333,,2024-08,22,0.25,5.5
POST-VALIDATION DIAGNOSTIC — NOT CONFIRMATORY,DEVELOPMENT,MNQ_ORB_V01_CAND_001,EXECUTED_TRADE,2024-08-05T00:00:00,2024-08-05_15m_PRINT_LONG_0947,1.5,1,0.3541666666666667,,2024-08,22,0.25,5.5
POST-VALIDATION DIAGNOSTIC — NOT CONFIRMATORY,DEVELOPMENT,MNQ_ORB_V01_CAND_001,EXECUTED_TRADE,2024-08-06T00:00:00,2024-08-06_15m_PRINT_SHORT_0946,-1.0,1,0.2708333333333333,,2024-08,22,0.25,5.5
POST-VALIDATION DIAGNOSTIC — NOT CONFIRMATORY,DEVELOPMENT,MNQ_ORB_V01_CAND_001,EXECUTED_TRADE,2024-08-07T00:00:00,2024-08-07_15m_PRINT_LONG_0951,-1.0,1,0.20400000000000001,,2024-08,22,0.25,5.5
POST-VALIDATION DIAGNOSTIC — NOT CONFIRMATORY,DEVELOPMENT,MNQ_ORB_V01_CAND_001,EXECUTED_TRADE,2024-08-08T00:00:00,2024-08-08_15m_PRINT_SHORT_0947,-1.0,1,0.20400000000000001,,2024-08,22,0.25,5.5
POST-VALIDATION DIAGNOSTIC — NOT CONFIRMATORY,DEVELOPMENT,MNQ_ORB_V01_CAND_001,EXECUTED_TRADE,2024-08-09T00:00:00,2024-08-09_15m_PRINT_SHORT_0947,-1.0,1,0.12066666666666667,,2024-08,22,0.25,5.5
POST-VALIDATION DIAGNOSTIC — NOT CONFIRMATORY,DEVELOPMENT,MNQ_ORB_V01_CAND_001,EXECUTED_TRADE,2024-08-12T00:00:00,2024-08-12_15m_PRINT_SHORT_0947,-1.0,1,0.037333333333333336,,2024-08,22,0.25,5.5
POST-VALIDATION DIAGNOSTIC — NOT CONFIRMATORY,DEVELOPMENT,MNQ_ORB_V01_CAND_001,EXECUTED_TRADE,2024-08-13T00:00:00,2024-08-13_15m_PRINT_LONG_0947,1.5,1,0.12066666666666667,,2024-08,22,0.25,5.5
POST-VALIDATION DIAGNOSTIC — NOT CONFIRMATORY,DEVELOPMENT,MNQ_ORB_V01_CAND_001,EXECUTED_TRADE,2024-08-14T00:00:00,2024-08-14_15m_PRINT_SHORT_0952,1.5,1,0.12066666666666667,,2024-08,22,0.25,5.5
POST-VALIDATION DIAGNOSTIC — NOT CONFIRMATORY,DEVELOPMENT,MNQ_ORB_V01_CAND_001,EXECUTED_TRADE,2024-08-15T00:00:00,2024-08-15_15m_PRINT_LONG_0949,1.5,1,0.16666666666666666,,2024-08,22,0.25,5.5
POST-VALIDATION DIAGNOSTIC — NOT CONFIRMATORY,DEVELOPMENT,MNQ_ORB_V01_CAND_001,EXECUTED_TRADE,2024-08-16T00:00:00,2024-08-16_15m_PRINT_LONG_1003,1.5,1,0.25,,2024-08,22,0.25,5.5
POST-VALIDATION DIAGNOSTIC — NOT CONFIRMATORY,DEVELOPMENT,MNQ_ORB_V01_CAND_001,EXECUTED_TRADE,2024-08-19T00:00:00,2024-08-19_15m_PRINT_LONG_0948,-1.0,1,0.25,,2024-08,22,0.25,5.5
POST-VALIDATION DIAGNOSTIC — NOT CONFIRMATORY,DEVELOPMENT,MNQ_ORB_V01_CAND_001,EXECUTED_TRADE,2024-08-20T00:00:00,2024-08-20_15m_PRINT_LONG_0947,-1.0,1,0.25,,2024-08,22,0.25,5.5
POST-VALIDATION DIAGNOSTIC — NOT CONFIRMATORY,DEVELOPMENT,MNQ_ORB_V01_CAND_001,EXECUTED_TRADE,2024-08-21T00:00:00,2024-08-21_15m_PRINT_LONG_0946,1.5,1,0.3333333333333333,,2024-08,22,0.25,5.5
POST-VALIDATION DIAGNOSTIC — NOT CONFIRMATORY,DEVELOPMENT,MNQ_ORB_V01_CAND_001,EXECUTED_TRADE,2024-08-22T00:00:00,2024-08-22_15m_PRINT_SHORT_0946,1.5,1,0.3333333333333333,,2024-08,22,0.25,5.5
POST-VALIDATION DIAGNOSTIC — NOT CONFIRMATORY,DEVELOPMENT,MNQ_ORB_V01_CAND_001,EXECUTED_TRADE,2024-08-23T00:00:00,2024-08-23_15m_PRINT_LONG_1001,1.5,1,0.3333333333333333,,2024-08,22,0.25,5.5
POST-VALIDATION DIAGNOSTIC — NOT CONFIRMATORY,DEVELOPMENT,MNQ_ORB_V01_CAND_001,EXECUTED_TRADE,2024-08-26T00:00:00,2024-08-26_15m_PRINT_SHORT_0946,1.5,1,0.4166666666666667,,2024-08,22,0.25,5.5
POST-VALIDATION DIAGNOSTIC — NOT CONFIRMATORY,DEVELOPMENT,MNQ_ORB_V01_CAND_001,EXECUTED_TRADE,2024-08-27T00:00:00,2024-08-27_15m_PRINT_SHORT_0946,-1.0,1,0.3333333333333333,,2024-08,22,0.25,5.5
POST-VALIDATION DIAGNOSTIC — NOT CONFIRMATORY,DEVELOPMENT,MNQ_ORB_V01_CAND_001,EXECUTED_TRADE,2024-08-28T00:00:00,2024-08-28_15m_PRINT_SHORT_0946,1.5,1,0.3333333333333333,,2024-08,22,0.25,5.5
POST-VALIDATION DIAGNOSTIC — NOT CONFIRMATORY,DEVELOPMENT,MNQ_ORB_V01_CAND_001,EXECUTED_TRADE,2024-08-29T00:00:00,2024-08-29_15m_PRINT_LONG_0950,-1.0,1,0.3333333333333333,0.2625,2024-08,22,0.25,5.5
POST-VALIDATION DIAGNOSTIC — NOT CONFIRMATORY,DEVELOPMENT,MNQ_ORB_V01_CAND_001,EXECUTED_TRADE,2024-08-30T00:00:00,2024-08-30_15m_PRINT_LONG_0946,-1.0,1,0.25,0.2625,2024-08,22,0.25,5.5
POST-VALIDATION DIAGNOSTIC — NOT CONFIRMATORY,DEVELOPMENT,MNQ_ORB_V01_CAND_001,EXECUTED_TRADE,2024-09-02T00:00:00,2024-09-02_15m_PRINT_LONG_0946,-1.0,1,0.25,0.2625,2024-09,16,0.09375,1.5
POST-VALIDATION DIAGNOSTIC — NOT CONFIRMATORY,DEVELOPMENT,MNQ_ORB_V01_CAND_001,EXECUTED_TRADE,2024-09-03T00:00:00,2024-09-03_15m_PRINT_SHORT_0955,1.5,1,0.3333333333333333,0.2625,2024-09,16,0.09375,1.5
POST-VALIDATION DIAGNOSTIC — NOT CONFIRMATORY,DEVELOPMENT,MNQ_ORB_V01_CAND_001,EXECUTED_TRADE,2024-09-04T00:00:00,2024-09-04_15m_PRINT_LONG_0946,-1.0,1,0.25,0.22240000000000001,2024-09,16,0.09375,1.5
POST-VALIDATION DIAGNOSTIC — NOT CONFIRMATORY,DEVELOPMENT,MNQ_ORB_V01_CAND_001,EXECUTED_TRADE,2024-09-05T00:00:00,2024-09-05_15m_PRINT_LONG_0946,-1.0,1,0.16666666666666666,0.22240000000000001,2024-09,16,0.09375,1.5
POST-VALIDATION DIAGNOSTIC — NOT CONFIRMATORY,DEVELOPMENT,MNQ_ORB_V01_CAND_001,EXECUTED_TRADE,2024-09-06T00:00:00,2024-09-06_15m_PRINT_SHORT_1000,1.5,1,0.25,0.22240000000000001,2024-09,16,0.09375,1.5
POST-VALIDATION DIAGNOSTIC — NOT CONFIRMATORY,DEVELOPMENT,MNQ_ORB_V01_CAND_001,EXECUTED_TRADE,2024-09-09T00:00:00,2024-09-09_15m_PRINT_LONG_0951,-1.0,1,0.25,0.17240000000000003,2024-09,16,0.09375,1.5
POST-VALIDATION DIAGNOSTIC — NOT CONFIRMATORY,DEVELOPMENT,MNQ_ORB_V01_CAND_001,EXECUTED_TRADE,2024-09-10T00:00:00,2024-09-10_15m_PRINT_SHORT_1014,-1.0,1,0.16666666666666666,0.17240000000000003,2024-09,16,0.09375,1.5
POST-VALIDATION DIAGNOSTIC — NOT CONFIRMATORY,DEVELOPMENT,MNQ_ORB_V01_CAND_001,EXECUTED_TRADE,2024-09-11T00:00:00,2024-09-11_15m_PRINT_SHORT_0947,1.5,1,0.16666666666666666,0.17240000000000003,2024-09,16,0.09375,1.5
POST-VALIDATION DIAGNOSTIC — NOT CONFIRMATORY,DEVELOPMENT,MNQ_ORB_V01_CAND_001,EXECUTED_TRADE,2024-09-12T00:00:00,2024-09-12_15m_PRINT_SHORT_0950,-1.0,1,0.16666666666666666,0.15000000000000002,2024-09,16,0.09375,1.5
POST-VALIDATION DIAGNOSTIC — NOT CONFIRMATORY,DEVELOPMENT,MNQ_ORB_V01_CAND_001,EXECUTED_TRADE,2024-09-20T00:00:00,2024-09-20_15m_PRINT_SHORT_0954,1.5,1,0.16666666666666666,0.2,2024-09,16,0.09375,1.5
POST-VALIDATION DIAGNOSTIC — NOT CONFIRMATORY,DEVELOPMENT,MNQ_ORB_V01_CAND_001,EXECUTED_TRADE,2024-09-23T00:00:00,2024-09-23_15m_PRINT_LONG_0949,-1.0,1,0.08333333333333333,0.2,2024-09,16,0.09375,1.5
POST-VALIDATION DIAGNOSTIC — NOT CONFIRMATORY,DEVELOPMENT,MNQ_ORB_V01_CAND_001,EXECUTED_TRADE,2024-09-24T00:00:00,2024-09-24_15m_PRINT_SHORT_0951,1.5,1,0.16666666666666666,0.25,2024-09,16,0.09375,1.5
POST-VALIDATION DIAGNOSTIC — NOT CONFIRMATORY,DEVELOPMENT,MNQ_ORB_V01_CAND_001,EXECUTED_TRADE,2024-09-25T00:00:00,2024-09-25_15m_PRINT_LONG_0955,-1.0,1,0.16666666666666666,0.25,2024-09,16,0.09375,1.5
POST-VALIDATION DIAGNOSTIC — NOT CONFIRMATORY,DEVELOPMENT,MNQ_ORB_V01_CAND_001,EXECUTED_TRADE,2024-09-26T00:00:00,2024-09-26_15m_PRINT_SHORT_0949,1.5,1,0.25,0.25,2024-09,16,0.09375,1.5
POST-VALIDATION DIAGNOSTIC — NOT CONFIRMATORY,DEVELOPMENT,MNQ_ORB_V01_CAND_001,EXECUTED_TRADE,2024-09-27T00:00:00,2024-09-27_15m_PRINT_SHORT_1013,1.5,1,0.3333333333333333,0.25,2024-09,16,0.09375,1.5
POST-VALIDATION DIAGNOSTIC — NOT CONFIRMATORY,DEVELOPMENT,MNQ_ORB_V01_CAND_001,EXECUTED_TRADE,2024-09-30T00:00:00,2024-09-30_15m_PRINT_LONG_0946,-1.0,1,0.3333333333333333,0.25,2024-09,16,0.09375,1.5
POST-VALIDATION DIAGNOSTIC — NOT CONFIRMATORY,DEVELOPMENT,MNQ_ORB_V01_CAND_001,EXECUTED_TRADE,2024-10-01T00:00:00,2024-10-01_15m_PRINT_SHORT_0948,1.5,1,0.3333333333333333,0.25,2024-10,23,0.1956521739130435,4.5
POST-VALIDATION DIAGNOSTIC — NOT CONFIRMATORY,DEVELOPMENT,MNQ_ORB_V01_CAND_001,EXECUTED_TRADE,2024-10-02T00:00:00,2024-10-02_15m_PRINT_SHORT_0946,-1.0,1,0.25,0.2,2024-10,23,0.1956521739130435,4.5
POST-VALIDATION DIAGNOSTIC — NOT CONFIRMATORY,DEVELOPMENT,MNQ_ORB_V01_CAND_001,EXECUTED_TRADE,2024-10-03T00:00:00,2024-10-03_15m_PRINT_LONG_0954,1.5,1,0.25,0.25,2024-10,23,0.1956521739130435,4.5
POST-VALIDATION DIAGNOSTIC — NOT CONFIRMATORY,DEVELOPMENT,MNQ_ORB_V01_CAND_001,EXECUTED_TRADE,2024-10-04T00:00:00,2024-10-04_15m_PRINT_SHORT_0952,1.5,1,0.25,0.25,2024-10,23,0.1956521739130435,4.5
POST-VALIDATION DIAGNOSTIC — NOT CONFIRMATORY,DEVELOPMENT,MNQ_ORB_V01_CAND_001,EXECUTED_TRADE,2024-10-07T00:00:00,2024-10-07_15m_PRINT_SHORT_0946,-1.0,1,0.25,0.25,2024-10,23,0.1956521739130435,4.5
POST-VALIDATION DIAGNOSTIC — NOT CONFIRMATORY,DEVELOPMENT,MNQ_ORB_V01_CAND_001,EXECUTED_TRADE,2024-10-08T00:00:00,2024-10-08_15m_PRINT_LONG_0953,1.5,1,0.3333333333333333,0.3,2024-10,23,0.1956521739130435,4.5
POST-VALIDATION DIAGNOSTIC — NOT CONFIRMATORY,DEVELOPMENT,MNQ_ORB_V01_CAND_001,EXECUTED_TRADE,2024-10-09T00:00:00,2024-10-09_15m_PRINT_LONG_1008,1.5,1,0.3333333333333333,0.3,2024-10,23,0.1956521739130435,4.5
POST-VALIDATION DIAGNOSTIC — NOT CONFIRMATORY,DEVELOPMENT,MNQ_ORB_V01_CAND_001,EXECUTED_TRADE,2024-10-10T00:00:00,2024-10-10_15m_PRINT_SHORT_0948,-1.0,1,0.25,0.25,2024-10,23,0.1956521739130435,4.5
POST-VALIDATION DIAGNOSTIC — NOT CONFIRMATORY,DEVELOPMENT,MNQ_ORB_V01_CAND_001,EXECUTED_TRADE,2024-10-11T00:00:00,2024-10-11_15m_PRINT_LONG_0946,1.5,1,0.25,0.3,2024-10,23,0.1956521739130435,4.5
POST-VALIDATION DIAGNOSTIC — NOT CONFIRMATORY,DEVELOPMENT,MNQ_ORB_V01_CAND_001,EXECUTED_TRADE,2024-10-14T00:00:00,2024-10-14_15m_PRINT_LONG_0946,-1.0,1,0.16666666666666666,0.3,2024-10,23,0.1956521739130435,4.5
POST-VALIDATION DIAGNOSTIC — NOT CONFIRMATORY,DEVELOPMENT,MNQ_ORB_V01_CAND_001,EXECUTED_TRADE,2024-10-15T00:00:00,2024-10-15_15m_PRINT_SHORT_1011,1.5,1,0.25,0.3,2024-10,23,0.1956521739130435,4.5
POST-VALIDATION DIAGNOSTIC — NOT CONFIRMATORY,DEVELOPMENT,MNQ_ORB_V01_CAND_001,EXECUTED_TRADE,2024-10-16T00:00:00,2024-10-16_15m_PRINT_SHORT_0946,-1.0,1,0.16666666666666666,0.25,2024-10,23,0.1956521739130435,4.5
POST-VALIDATION DIAGNOSTIC — NOT CONFIRMATORY,DEVELOPMENT,MNQ_ORB_V01_CAND_001,EXECUTED_TRADE,2024-10-17T00:00:00,2024-10-17_15m_PRINT_SHORT_1002,-1.0,1,0.16666666666666666,0.25,2024-10,23,0.1956521739130435,4.5
POST-VALIDATION DIAGNOSTIC — NOT CONFIRMATORY,DEVELOPMENT,MNQ_ORB_V01_CAND_001,EXECUTED_TRADE,2024-10-18T00:00:00,2024-10-18_15m_PRINT_LONG_0946,-1.0,1,0.16666666666666666,0.2,2024-10,23,0.1956521739130435,4.5
POST-VALIDATION DIAGNOSTIC — NOT CONFIRMATORY,DEVELOPMENT,MNQ_ORB_V01_CAND_001,EXECUTED_TRADE,2024-10-21T00:00:00,2024-10-21_15m_PRINT_LONG_0949,-1.0,1,0.16666666666666666,0.15,2024-10,23,0.1956521739130435,4.5
POST-VALIDATION DIAGNOSTIC — NOT CONFIRMATORY,DEVELOPMENT,MNQ_ORB_V01_CAND_001,EXECUTED_TRADE,2024-10-22T00:00:00,2024-10-22_15m_PRINT_LONG_0946,1.5,1,0.16666666666666666,0.2,2024-10,23,0.1956521739130435,4.5
POST-VALIDATION DIAGNOSTIC — NOT CONFIRMATORY,DEVELOPMENT,MNQ_ORB_V01_CAND_001,EXECUTED_TRADE,2024-10-23T00:00:00,2024-10-23_15m_PRINT_SHORT_1002,-1.0,1,0.16666666666666666,0.2,2024-10,23,0.1956521739130435,4.5
POST-VALIDATION DIAGNOSTIC — NOT CONFIRMATORY,DEVELOPMENT,MNQ_ORB_V01_CAND_001,EXECUTED_TRADE,2024-10-24T00:00:00,2024-10-24_15m_PRINT_SHORT_0948,-1.0,1,0.16666666666666666,0.2,2024-10,23,0.1956521739130435,4.5
POST-VALIDATION DIAGNOSTIC — NOT CONFIRMATORY,DEVELOPMENT,MNQ_ORB_V01_CAND_001,EXECUTED_TRADE,2024-10-25T00:00:00,2024-10-25_15m_PRINT_LONG_0946,1.5,1,0.16666666666666666,0.25,2024-10,23,0.1956521739130435,4.5
POST-VALIDATION DIAGNOSTIC — NOT CONFIRMATORY,DEVELOPMENT,MNQ_ORB_V01_CAND_001,EXECUTED_TRADE,2024-10-28T00:00:00,2024-10-28_15m_PRINT_SHORT_0949,-1.0,1,0.16666666666666666,0.25,2024-10,23,0.1956521739130435,4.5
POST-VALIDATION DIAGNOSTIC — NOT CONFIRMATORY,DEVELOPMENT,MNQ_ORB_V01_CAND_001,EXECUTED_TRADE,2024-10-29T00:00:00,2024-10-29_15m_PRINT_LONG_1001,1.5,1,0.25,0.25,2024-10,23,0.1956521739130435,4.5
POST-VALIDATION DIAGNOSTIC — NOT CONFIRMATORY,DEVELOPMENT,MNQ_ORB_V01_CAND_001,EXECUTED_TRADE,2024-10-30T00:00:00,2024-10-30_15m_PRINT_LONG_1010,-1.0,1,0.16666666666666666,0.2,2024-10,23,0.1956521739130435,4.5
POST-VALIDATION DIAGNOSTIC — NOT CONFIRMATORY,DEVELOPMENT,MNQ_ORB_V01_CAND_001,EXECUTED_TRADE,2024-10-31T00:00:00,2024-10-31_15m_PRINT_SHORT_0946,1.5,1,0.25,0.2,2024-10,23,0.1956521739130435,4.5
POST-VALIDATION DIAGNOSTIC — NOT CONFIRMATORY,DEVELOPMENT,MNQ_ORB_V01_CAND_001,EXECUTED_TRADE,2024-11-01T00:00:00,2024-11-01_15m_PRINT_LONG_0953,1.5,1,0.25,0.2,2024-11,21,0.47333333333333333,9.94
POST-VALIDATION DIAGNOSTIC — NOT CONFIRMATORY,DEVELOPMENT,MNQ_ORB_V01_CAND_001,EXECUTED_TRADE,2024-11-04T00:00:00,2024-11-04_15m_PRINT_LONG_1001,1.5,1,0.3333333333333333,0.25,2024-11,21,0.47333333333333333,9.94
POST-VALIDATION DIAGNOSTIC — NOT CONFIRMATORY,DEVELOPMENT,MNQ_ORB_V01_CAND_001,EXECUTED_TRADE,2024-11-05T00:00:00,2024-11-05_15m_PRINT_LONG_0949,1.5,1,0.3333333333333333,0.3,2024-11,21,0.47333333333333333,9.94
POST-VALIDATION DIAGNOSTIC — NOT CONFIRMATORY,DEVELOPMENT,MNQ_ORB_V01_CAND_001,EXECUTED_TRADE,2024-11-06T00:00:00,2024-11-06_15m_PRINT_SHORT_0950,-1.0,1,0.3333333333333333,0.25,2024-11,21,0.47333333333333333,9.94
POST-VALIDATION DIAGNOSTIC — NOT CONFIRMATORY,DEVELOPMENT,MNQ_ORB_V01_CAND_001,EXECUTED_TRADE,2024-11-07T00:00:00,2024-11-07_15m_PRINT_LONG_0957,1.5,1,0.3333333333333333,0.25,2024-11,21,0.47333333333333333,9.94
POST-VALIDATION DIAGNOSTIC — NOT CONFIRMATORY,DEVELOPMENT,MNQ_ORB_V01_CAND_001,EXECUTED_TRADE,2024-11-08T00:00:00,2024-11-08_15m_PRINT_SHORT_0946,-1.0,1,0.25,0.2,2024-11,21,0.47333333333333333,9.94
POST-VALIDATION DIAGNOSTIC — NOT CONFIRMATORY,DEVELOPMENT,MNQ_ORB_V01_CAND_001,EXECUTED_TRADE,2024-11-11T00:00:00,2024-11-11_15m_PRINT_SHORT_0946,1.5,1,0.3333333333333333,0.2,2024-11,21,0.47333333333333333,9.94
POST-VALIDATION DIAGNOSTIC — NOT CONFIRMATORY,DEVELOPMENT,MNQ_ORB_V01_CAND_001,EXECUTED_TRADE,2024-11-12T00:00:00,2024-11-12_15m_PRINT_LONG_0953,-1.0,1,0.25,0.2,2024-11,21,0.47333333333333333,9.94
POST-VALIDATION DIAGNOSTIC — NOT CONFIRMATORY,DEVELOPMENT,MNQ_ORB_V01_CAND_001,EXECUTED_TRADE,2024-11-13T00:00:00,2024-11-13_15m_PRINT_SHORT_0950,1.5,1,0.3333333333333333,0.2,2024-11,21,0.47333333333333333,9.94
POST-VALIDATION DIAGNOSTIC — NOT CONFIRMATORY,DEVELOPMENT,MNQ_ORB_V01_CAND_001,EXECUTED_TRADE,2024-11-14T00:00:00,2024-11-14_15m_PRINT_SHORT_0946,-1.0,1,0.25,0.2,2024-11,21,0.47333333333333333,9.94
POST-VALIDATION DIAGNOSTIC — NOT CONFIRMATORY,DEVELOPMENT,MNQ_ORB_V01_CAND_001,EXECUTED_TRADE,2024-11-15T00:00:00,2024-11-15_15m_PRINT_SHORT_0959,1.5,1,0.25,0.25,2024-11,21,0.47333333333333333,9.94
POST-VALIDATION DIAGNOSTIC — NOT CONFIRMATORY,DEVELOPMENT,MNQ_ORB_V01_CAND_001,EXECUTED_TRADE,2024-11-18T00:00:00,2024-11-18_15m_PRINT_SHORT_0947,-1.0,1,0.25,0.25,2024-11,21,0.47333333333333333,9.94
POST-VALIDATION DIAGNOSTIC — NOT CONFIRMATORY,DEVELOPMENT,MNQ_ORB_V01_CAND_001,EXECUTED_TRADE,2024-11-19T00:00:00,2024-11-19_15m_PRINT_LONG_1030,1.5,1,0.25,0.25,2024-11,21,0.47333333333333333,9.94
POST-VALIDATION DIAGNOSTIC — NOT CONFIRMATORY,DEVELOPMENT,MNQ_ORB_V01_CAND_001,EXECUTED_TRADE,2024-11-20T00:00:00,2024-11-20_15m_PRINT_SHORT_0951,1.5,1,0.25,0.3,2024-11,21,0.47333333333333333,9.94
POST-VALIDATION DIAGNOSTIC — NOT CONFIRMATORY,DEVELOPMENT,MNQ_ORB_V01_CAND_001,EXECUTED_TRADE,2024-11-21T00:00:00,2024-11-21_15m_PRINT_SHORT_1002,-1.0,1,0.25,0.3,2024-11,21,0.47333333333333333,9.94
POST-VALIDATION DIAGNOSTIC — NOT CONFIRMATORY,DEVELOPMENT,MNQ_ORB_V01_CAND_001,EXECUTED_TRADE,2024-11-22T00:00:00,2024-11-22_15m_PRINT_LONG_0946,-1.0,1,0.16666666666666666,0.25,2024-11,21,0.47333333333333333,9.94
POST-VALIDATION DIAGNOSTIC — NOT CONFIRMATORY,DEVELOPMENT,MNQ_ORB_V01_CAND_001,EXECUTED_TRADE,2024-11-25T00:00:00,2024-11-25_15m_PRINT_SHORT_0953,1.5,1,0.25,0.3,2024-11,21,0.47333333333333333,9.94
POST-VALIDATION DIAGNOSTIC — NOT CONFIRMATORY,DEVELOPMENT,MNQ_ORB_V01_CAND_001,EXECUTED_TRADE,2024-11-26T00:00:00,2024-11-26_15m_PRINT_LONG_0946,-1.0,1,0.16666666666666666,0.3,2024-11,21,0.47333333333333333,9.94
POST-VALIDATION DIAGNOSTIC — NOT CONFIRMATORY,DEVELOPMENT,MNQ_ORB_V01_CAND_001,EXECUTED_TRADE,2024-11-27T00:00:00,2024-11-27_15m_PRINT_SHORT_0954,1.5,1,0.25,0.3,2024-11,21,0.47333333333333333,9.94
POST-VALIDATION DIAGNOSTIC — NOT CONFIRMATORY,DEVELOPMENT,MNQ_ORB_V01_CAND_001,EXECUTED_TRADE,2024-11-28T00:00:00,2024-11-28_15m_PRINT_LONG_0954,-0.06,1,0.2813333333333333,0.3188,2024-11,21,0.47333333333333333,9.94
POST-VALIDATION DIAGNOSTIC — NOT CONFIRMATORY,DEVELOPMENT,MNQ_ORB_V01_CAND_001,EXECUTED_TRADE,2024-11-29T00:00:00,2024-11-29_15m_PRINT_LONG_0946,1.5,1,0.36466666666666664,0.3188,2024-11,21,0.47333333333333333,9.94
POST-VALIDATION DIAGNOSTIC — NOT CONFIRMATORY,DEVELOPMENT,MNQ_ORB_V01_CAND_001,EXECUTED_TRADE,2024-12-02T00:00:00,2024-12-02_15m_PRINT_LONG_0949,1.5,1,0.448,0.36879999999999996,2024-12,17,0.2858823529411764,4.859999999999999
POST-VALIDATION DIAGNOSTIC — NOT CONFIRMATORY,DEVELOPMENT,MNQ_ORB_V01_CAND_001,EXECUTED_TRADE,2024-12-03T00:00:00,2024-12-03_15m_PRINT_LONG_0946,1.5,1,0.448,0.36879999999999996,2024-12,17,0.2858823529411764,4.859999999999999
POST-VALIDATION DIAGNOSTIC — NOT CONFIRMATORY,DEVELOPMENT,MNQ_ORB_V01_CAND_001,EXECUTED_TRADE,2024-12-04T00:00:00,2024-12-04_15m_PRINT_LONG_0956,1.5,1,0.5313333333333333,0.41879999999999995,2024-12,17,0.2858823529411764,4.859999999999999
POST-VALIDATION DIAGNOSTIC — NOT CONFIRMATORY,DEVELOPMENT,MNQ_ORB_V01_CAND_001,EXECUTED_TRADE,2024-12-05T00:00:00,2024-12-05_15m_PRINT_SHORT_0950,0.86,1,0.5933333333333333,0.4059999999999999,2024-12,17,0.2858823529411764,4.859999999999999
POST-VALIDATION DIAGNOSTIC — NOT CONFIRMATORY,DEVELOPMENT,MNQ_ORB_V01_CAND_001,EXECUTED_TRADE,2024-12-06T00:00:00,2024-12-06_15m_PRINT_LONG_0946,1.5,1,0.5933333333333333,0.4059999999999999,2024-12,17,0.2858823529411764,4.859999999999999
POST-VALIDATION DIAGNOSTIC — NOT CONFIRMATORY,DEVELOPMENT,MNQ_ORB_V01_CAND_001,EXECUTED_TRADE,2024-12-09T00:00:00,2024-12-09_15m_PRINT_LONG_0950,-1.0,1,0.5933333333333333,0.4059999999999999,2024-12,17,0.2858823529411764,4.859999999999999
POST-VALIDATION DIAGNOSTIC — NOT CONFIRMATORY,DEVELOPMENT,MNQ_ORB_V01_CAND_001,EXECUTED_TRADE,2024-12-10T00:00:00,2024-12-10_15m_PRINT_LONG_0946,-1.0,1,0.5099999999999999,0.3559999999999999,2024-12,17,0.2858823529411764,4.859999999999999
POST-VALIDATION DIAGNOSTIC — NOT CONFIRMATORY,DEVELOPMENT,MNQ_ORB_V01_CAND_001,EXECUTED_TRADE,2024-12-11T00:00:00,2024-12-11_15m_PRINT_LONG_0946,1.5,1,0.5933333333333333,0.4059999999999999,2024-12,17,0.2858823529411764,4.859999999999999
POST-VALIDATION DIAGNOSTIC — NOT CONFIRMATORY,DEVELOPMENT,MNQ_ORB_V01_CAND_001,EXECUTED_TRADE,2024-12-12T00:00:00,2024-12-12_15m_PRINT_SHORT_1003,-1.0,1,0.5099999999999999,0.3559999999999999,2024-12,17,0.2858823529411764,4.859999999999999
POST-VALIDATION DIAGNOSTIC — NOT CONFIRMATORY,DEVELOPMENT,MNQ_ORB_V01_CAND_001,EXECUTED_TRADE,2024-12-13T00:00:00,2024-12-13_15m_PRINT_LONG_0946,-1.0,1,0.4266666666666667,0.30599999999999994,2024-12,17,0.2858823529411764,4.859999999999999
POST-VALIDATION DIAGNOSTIC — NOT CONFIRMATORY,DEVELOPMENT,MNQ_ORB_V01_CAND_001,EXECUTED_TRADE,2024-12-20T00:00:00,2024-12-20_15m_PRINT_SHORT_0951,-1.0,1,0.3433333333333334,0.30599999999999994,2024-12,17,0.2858823529411764,4.859999999999999
POST-VALIDATION DIAGNOSTIC — NOT CONFIRMATORY,DEVELOPMENT,MNQ_ORB_V01_CAND_001,EXECUTED_TRADE,2024-12-23T00:00:00,2024-12-23_15m_PRINT_SHORT_0947,1.5,1,0.3433333333333334,0.306,2024-12,17,0.2858823529411764,4.859999999999999
POST-VALIDATION DIAGNOSTIC — NOT CONFIRMATORY,DEVELOPMENT,MNQ_ORB_V01_CAND_001,EXECUTED_TRADE,2024-12-24T00:00:00,2024-12-24_15m_PRINT_LONG_0946,1.5,1,0.4266666666666667,0.306,2024-12,17,0.2858823529411764,4.859999999999999
POST-VALIDATION DIAGNOSTIC — NOT CONFIRMATORY,DEVELOPMENT,MNQ_ORB_V01_CAND_001,EXECUTED_TRADE,2024-12-26T00:00:00,2024-12-26_15m_PRINT_SHORT_0950,1.5,1,0.4266666666666667,0.35600000000000004,2024-12,17,0.2858823529411764,4.859999999999999
POST-VALIDATION DIAGNOSTIC — NOT CONFIRMATORY,DEVELOPMENT,MNQ_ORB_V01_CAND_001,EXECUTED_TRADE,2024-12-27T00:00:00,2024-12-27_15m_PRINT_SHORT_0946,-1.0,1,0.4266666666666667,0.306,2024-12,17,0.2858823529411764,4.859999999999999
POST-VALIDATION DIAGNOSTIC — NOT CONFIRMATORY,DEVELOPMENT,MNQ_ORB_V01_CAND_001,EXECUTED_TRADE,2024-12-30T00:00:00,2024-12-30_15m_PRINT_SHORT_0947,-1.0,1,0.3433333333333334,0.306,2024-12,17,0.2858823529411764,4.859999999999999
POST-VALIDATION DIAGNOSTIC — NOT CONFIRMATORY,DEVELOPMENT,MNQ_ORB_V01_CAND_001,EXECUTED_TRADE,2024-12-31T00:00:00,2024-12-31_15m_PRINT_SHORT_1008,-1.0,1,0.3433333333333334,0.256,2024-12,17,0.2858823529411764,4.859999999999999
POST-VALIDATION DIAGNOSTIC — NOT CONFIRMATORY,DEVELOPMENT,MNQ_ORB_V01_CAND_001,EXECUTED_TRADE,2025-01-02T00:00:00,2025-01-02_15m_PRINT_LONG_0955,-1.0,1,0.26,0.256,2025-01,20,-0.125,-2.5
POST-VALIDATION DIAGNOSTIC — NOT CONFIRMATORY,DEVELOPMENT,MNQ_ORB_V01_CAND_001,EXECUTED_TRADE,2025-01-03T00:00:00,2025-01-03_15m_PRINT_LONG_0946,-1.0,1,0.26,0.256,2025-01,20,-0.125,-2.5
POST-VALIDATION DIAGNOSTIC — NOT CONFIRMATORY,DEVELOPMENT,MNQ_ORB_V01_CAND_001,EXECUTED_TRADE,2025-01-06T00:00:00,2025-01-06_15m_PRINT_LONG_0947,-1.0,1,0.17666666666666667,0.256,2025-01,20,-0.125,-2.5
POST-VALIDATION DIAGNOSTIC — NOT CONFIRMATORY,DEVELOPMENT,MNQ_ORB_V01_CAND_001,EXECUTED_TRADE,2025-01-07T00:00:00,2025-01-07_15m_PRINT_SHORT_1001,1.5,1,0.26,0.306,2025-01,20,-0.125,-2.5
POST-VALIDATION DIAGNOSTIC — NOT CONFIRMATORY,DEVELOPMENT,MNQ_ORB_V01_CAND_001,EXECUTED_TRADE,2025-01-08T00:00:00,2025-01-08_15m_PRINT_SHORT_0954,-1.0,1,0.17666666666666667,0.256,2025-01,20,-0.125,-2.5
POST-VALIDATION DIAGNOSTIC — NOT CONFIRMATORY,DEVELOPMENT,MNQ_ORB_V01_CAND_001,EXECUTED_TRADE,2025-01-13T00:00:00,2025-01-13_15m_PRINT_LONG_0954,-1.0,1,0.09333333333333332,0.256,2025-01,20,-0.125,-2.5
POST-VALIDATION DIAGNOSTIC — NOT CONFIRMATORY,DEVELOPMENT,MNQ_ORB_V01_CAND_001,EXECUTED_TRADE,2025-01-14T00:00:00,2025-01-14_15m_PRINT_SHORT_0954,-1.0,1,0.09333333333333332,0.256,2025-01,20,-0.125,-2.5
POST-VALIDATION DIAGNOSTIC — NOT CONFIRMATORY,DEVELOPMENT,MNQ_ORB_V01_CAND_001,EXECUTED_TRADE,2025-01-15T00:00:00,2025-01-15_15m_PRINT_LONG_0947,1.5,1,0.17666666666666667,0.256,2025-01,20,-0.125,-2.5
POST-VALIDATION DIAGNOSTIC — NOT CONFIRMATORY,DEVELOPMENT,MNQ_ORB_V01_CAND_001,EXECUTED_TRADE,2025-01-16T00:00:00,2025-01-16_15m_PRINT_SHORT_0946,-1.0,1,0.09333333333333332,0.256,2025-01,20,-0.125,-2.5
POST-VALIDATION DIAGNOSTIC — NOT CONFIRMATORY,DEVELOPMENT,MNQ_ORB_V01_CAND_001,EXECUTED_TRADE,2025-01-17T00:00:00,2025-01-17_15m_PRINT_SHORT_1000,-1.0,1,0.09333333333333332,0.20600000000000002,2025-01,20,-0.125,-2.5
POST-VALIDATION DIAGNOSTIC — NOT CONFIRMATORY,DEVELOPMENT,MNQ_ORB_V01_CAND_001,EXECUTED_TRADE,2025-01-20T00:00:00,2025-01-20_15m_PRINT_SHORT_1012,1.5,1,0.09333333333333332,0.256,2025-01,20,-0.125,-2.5
POST-VALIDATION DIAGNOSTIC — NOT CONFIRMATORY,DEVELOPMENT,MNQ_ORB_V01_CAND_001,EXECUTED_TRADE,2025-01-21T00:00:00,2025-01-21_15m_PRINT_SHORT_0955,-1.0,1,0.06199999999999999,0.20600000000000002,2025-01,20,-0.125,-2.5
POST-VALIDATION DIAGNOSTIC — NOT CONFIRMATORY,DEVELOPMENT,MNQ_ORB_V01_CAND_001,EXECUTED_TRADE,2025-01-22T00:00:00,2025-01-22_15m_PRINT_LONG_0950,1.5,1,0.06199999999999999,0.20600000000000002,2025-01,20,-0.125,-2.5
POST-VALIDATION DIAGNOSTIC — NOT CONFIRMATORY,DEVELOPMENT,MNQ_ORB_V01_CAND_001,EXECUTED_TRADE,2025-01-23T00:00:00,2025-01-23_15m_PRINT_LONG_0950,1.5,1,0.06199999999999999,0.20600000000000002,2025-01,20,-0.125,-2.5
POST-VALIDATION DIAGNOSTIC — NOT CONFIRMATORY,DEVELOPMENT,MNQ_ORB_V01_CAND_001,EXECUTED_TRADE,2025-01-24T00:00:00,2025-01-24_15m_PRINT_LONG_0946,-1.0,1,-0.021333333333333336,0.156,2025-01,20,-0.125,-2.5
POST-VALIDATION DIAGNOSTIC — NOT CONFIRMATORY,DEVELOPMENT,MNQ_ORB_V01_CAND_001,EXECUTED_TRADE,2025-01-27T00:00:00,2025-01-27_15m_PRINT_LONG_0948,-1.0,1,-0.10466666666666667,0.15600000000000003,2025-01,20,-0.125,-2.5
POST-VALIDATION DIAGNOSTIC — NOT CONFIRMATORY,DEVELOPMENT,MNQ_ORB_V01_CAND_001,EXECUTED_TRADE,2025-01-28T00:00:00,2025-01-28_15m_PRINT_SHORT_0948,-1.0,1,-0.16666666666666666,0.106,2025-01,20,-0.125,-2.5
POST-VALIDATION DIAGNOSTIC — NOT CONFIRMATORY,DEVELOPMENT,MNQ_ORB_V01_CAND_001,EXECUTED_TRADE,2025-01-29T00:00:00,2025-01-29_15m_PRINT_SHORT_0946,-1.0,1,-0.25,0.106,2025-01,20,-0.125,-2.5
POST-VALIDATION DIAGNOSTIC — NOT CONFIRMATORY,DEVELOPMENT,MNQ_ORB_V01_CAND_001,EXECUTED_TRADE,2025-01-30T00:00:00,2025-01-30_15m_PRINT_LONG_0947,1.5,1,-0.16666666666666666,0.106,2025-01,20,-0.125,-2.5
POST-VALIDATION DIAGNOSTIC — NOT CONFIRMATORY,DEVELOPMENT,MNQ_ORB_V01_CAND_001,EXECUTED_TRADE,2025-01-31T00:00:00,2025-01-31_15m_PRINT_LONG_0953,1.5,1,-0.08333333333333333,0.156,2025-01,20,-0.125,-2.5
POST-VALIDATION DIAGNOSTIC — NOT CONFIRMATORY,DEVELOPMENT,MNQ_ORB_V01_CAND_001,EXECUTED_TRADE,2025-02-03T00:00:00,2025-02-03_15m_PRINT_SHORT_0954,-1.0,1,-0.16666666666666666,0.106,2025-02,20,0.29325,5.865
POST-VALIDATION DIAGNOSTIC — NOT CONFIRMATORY,DEVELOPMENT,MNQ_ORB_V01_CAND_001,EXECUTED_TRADE,2025-02-04T00:00:00,2025-02-04_15m_PRINT_LONG_0951,1.5,1,-0.08333333333333333,0.156,2025-02,20,0.29325,5.865
POST-VALIDATION DIAGNOSTIC — NOT CONFIRMATORY,DEVELOPMENT,MNQ_ORB_V01_CAND_001,EXECUTED_TRADE,2025-02-05T00:00:00,2025-02-05_15m_PRINT_LONG_0949,-1.0,1,-0.08333333333333333,0.106,2025-02,20,0.29325,5.865
POST-VALIDATION DIAGNOSTIC — NOT CONFIRMATORY,DEVELOPMENT,MNQ_ORB_V01_CAND_001,EXECUTED_TRADE,2025-02-06T00:00:00,2025-02-06_15m_PRINT_LONG_0946,-1.0,1,-0.08333333333333333,0.106,2025-02,20,0.29325,5.865
POST-VALIDATION DIAGNOSTIC — NOT CONFIRMATORY,DEVELOPMENT,MNQ_ORB_V01_CAND_001,EXECUTED_TRADE,2025-02-07T00:00:00,2025-02-07_15m_PRINT_SHORT_1001,1.5,1,-0.08333333333333333,0.106,2025-02,20,0.29325,5.865
POST-VALIDATION DIAGNOSTIC — NOT CONFIRMATORY,DEVELOPMENT,MNQ_ORB_V01_CAND_001,EXECUTED_TRADE,2025-02-10T00:00:00,2025-02-10_15m_PRINT_LONG_0946,-1.0,1,-0.16666666666666666,0.055999999999999994,2025-02,20,0.29325,5.865
POST-VALIDATION DIAGNOSTIC — NOT CONFIRMATORY,DEVELOPMENT,MNQ_ORB_V01_CAND_001,EXECUTED_TRADE,2025-02-11T00:00:00,2025-02-11_15m_PRINT_LONG_0953,-1.0,1,-0.25,0.055999999999999994,2025-02,20,0.29325,5.865
POST-VALIDATION DIAGNOSTIC — NOT CONFIRMATORY,DEVELOPMENT,MNQ_ORB_V01_CAND_001,EXECUTED_TRADE,2025-02-12T00:00:00,2025-02-12_15m_PRINT_LONG_0947,-1.0,1,-0.25,0.055999999999999994,2025-02,20,0.29325,5.865
POST-VALIDATION DIAGNOSTIC — NOT CONFIRMATORY,DEVELOPMENT,MNQ_ORB_V01_CAND_001,EXECUTED_TRADE,2025-02-13T00:00:00,2025-02-13_15m_PRINT_LONG_1003,-1.0,1,-0.25,0.005999999999999997,2025-02,20,0.29325,5.865
POST-VALIDATION DIAGNOSTIC — NOT CONFIRMATORY,DEVELOPMENT,MNQ_ORB_V01_CAND_001,EXECUTED_TRADE,2025-02-14T00:00:00,2025-02-14_15m_PRINT_LONG_0952,1.5,1,-0.16666666666666666,0.055999999999999994,2025-02,20,0.29325,5.865
POST-VALIDATION DIAGNOSTIC — NOT CONFIRMATORY,DEVELOPMENT,MNQ_ORB_V01_CAND_001,EXECUTED_TRADE,2025-02-17T00:00:00,2025-02-17_15m_PRINT_LONG_1103,-0.135,1,-0.13783333333333334,0.023299999999999998,2025-02,20,0.29325,5.865
POST-VALIDATION DIAGNOSTIC — NOT CONFIRMATORY,DEVELOPMENT,MNQ_ORB_V01_CAND_001,EXECUTED_TRADE,2025-02-18T00:00:00,2025-02-18_15m_PRINT_SHORT_0946,1.5,1,-0.0545,0.05449999999999999,2025-02,20,0.29325,5.865
POST-VALIDATION DIAGNOSTIC — NOT CONFIRMATORY,DEVELOPMENT,MNQ_ORB_V01_CAND_001,EXECUTED_TRADE,2025-02-19T00:00:00,2025-02-19_15m_PRINT_SHORT_0950,-1.0,1,-0.0545,0.004499999999999997,2025-02,20,0.29325,5.865
POST-VALIDATION DIAGNOSTIC — NOT CONFIRMATORY,DEVELOPMENT,MNQ_ORB_V01_CAND_001,EXECUTED_TRADE,2025-02-20T00:00:00,2025-02-20_15m_PRINT_SHORT_0946,1.5,1,-0.05449999999999999,0.004499999999999997,2025-02,20,0.29325,5.865
POST-VALIDATION DIAGNOSTIC — NOT CONFIRMATORY,DEVELOPMENT,MNQ_ORB_V01_CAND_001,EXECUTED_TRADE,2025-02-21T00:00:00,2025-02-21_15m_PRINT_SHORT_0951,1.5,1,0.028833333333333332,0.004499999999999997,2025-02,20,0.29325,5.865
POST-VALIDATION DIAGNOSTIC — NOT CONFIRMATORY,DEVELOPMENT,MNQ_ORB_V01_CAND_001,EXECUTED_TRADE,2025-02-24T00:00:00,2025-02-24_15m_PRINT_SHORT_0950,1.5,1,0.11216666666666668,0.004499999999999997,2025-02,20,0.29325,5.865
POST-VALIDATION DIAGNOSTIC — NOT CONFIRMATORY,DEVELOPMENT,MNQ_ORB_V01_CAND_001,EXECUTED_TRADE,2025-02-25T00:00:00,2025-02-25_15m_PRINT_SHORT_0946,1.5,1,0.1955,0.017299999999999996,2025-02,20,0.29325,5.865
POST-VALIDATION DIAGNOSTIC — NOT CONFIRMATORY,DEVELOPMENT,MNQ_ORB_V01_CAND_001,EXECUTED_TRADE,2025-02-26T00:00:00,2025-02-26_15m_PRINT_LONG_0950,1.5,1,0.1955,0.017299999999999996,2025-02,20,0.29325,5.865
POST-VALIDATION DIAGNOSTIC — NOT CONFIRMATORY,DEVELOPMENT,MNQ_ORB_V01_CAND_001,EXECUTED_TRADE,2025-02-27T00:00:00,2025-02-27_15m_PRINT_SHORT_0949,1.5,1,0.2788333333333333,0.0673,2025-02,20,0.29325,5.865
POST-VALIDATION DIAGNOSTIC — NOT CONFIRMATORY,DEVELOPMENT,MNQ_ORB_V01_CAND_001,EXECUTED_TRADE,2025-02-28T00:00:00,2025-02-28_15m_PRINT_LONG_1003,-1.0,1,0.2788333333333333,0.0673,2025-02,20,0.29325,5.865
POST-VALIDATION DIAGNOSTIC — NOT CONFIRMATORY,DEVELOPMENT,MNQ_ORB_V01_CAND_001,EXECUTED_TRADE,2025-03-03T00:00:00,2025-03-03_15m_PRINT_SHORT_0946,-1.0,1,0.1955,0.017299999999999996,2025-03,16,0.09375,1.5
POST-VALIDATION DIAGNOSTIC — NOT CONFIRMATORY,DEVELOPMENT,MNQ_ORB_V01_CAND_001,EXECUTED_TRADE,2025-03-05T00:00:00,2025-03-05_15m_PRINT_SHORT_0957,-1.0,1,0.1955,0.017299999999999996,2025-03,16,0.09375,1.5
POST-VALIDATION DIAGNOSTIC — NOT CONFIRMATORY,DEVELOPMENT,MNQ_ORB_V01_CAND_001,EXECUTED_TRADE,2025-03-06T00:00:00,2025-03-06_15m_PRINT_LONG_0951,-1.0,1,0.11216666666666668,0.017299999999999996,2025-03,16,0.09375,1.5
POST-VALIDATION DIAGNOSTIC — NOT CONFIRMATORY,DEVELOPMENT,MNQ_ORB_V01_CAND_001,EXECUTED_TRADE,2025-03-07T00:00:00,2025-03-07_15m_PRINT_LONG_0949,-1.0,1,0.028833333333333332,0.017299999999999996,2025-03,16,0.09375,1.5
POST-VALIDATION DIAGNOSTIC — NOT CONFIRMATORY,DEVELOPMENT,MNQ_ORB_V01_CAND_001,EXECUTED_TRADE,2025-03-10T00:00:00,2025-03-10_15m_PRINT_SHORT_0953,1.5,1,0.11216666666666668,0.017299999999999996,2025-03,16,0.09375,1.5
POST-VALIDATION DIAGNOSTIC — NOT CONFIRMATORY,DEVELOPMENT,MNQ_ORB_V01_CAND_001,EXECUTED_TRADE,2025-03-11T00:00:00,2025-03-11_15m_PRINT_LONG_0949,-1.0,1,0.11216666666666668,-0.03270000000000001,2025-03,16,0.09375,1.5
POST-VALIDATION DIAGNOSTIC — NOT CONFIRMATORY,DEVELOPMENT,MNQ_ORB_V01_CAND_001,EXECUTED_TRADE,2025-03-12T00:00:00,2025-03-12_15m_PRINT_SHORT_0949,-1.0,1,0.11216666666666668,-0.0827,2025-03,16,0.09375,1.5
POST-VALIDATION DIAGNOSTIC — NOT CONFIRMATORY,DEVELOPMENT,MNQ_ORB_V01_CAND_001,EXECUTED_TRADE,2025-03-13T00:00:00,2025-03-13_15m_PRINT_SHORT_0946,1.5,1,0.1955,-0.03270000000000001,2025-03,16,0.09375,1.5
POST-VALIDATION DIAGNOSTIC — NOT CONFIRMATORY,DEVELOPMENT,MNQ_ORB_V01_CAND_001,EXECUTED_TRADE,2025-03-14T00:00:00,2025-03-14_15m_PRINT_LONG_0950,-1.0,1,0.11216666666666668,-0.03270000000000001,2025-03,16,0.09375,1.5
POST-VALIDATION DIAGNOSTIC — NOT CONFIRMATORY,DEVELOPMENT,MNQ_ORB_V01_CAND_001,EXECUTED_TRADE,2025-03-21T00:00:00,2025-03-21_15m_PRINT_LONG_0949,1.5,1,0.11216666666666668,0.017299999999999996,2025-03,16,0.09375,1.5
POST-VALIDATION DIAGNOSTIC — NOT CONFIRMATORY,DEVELOPMENT,MNQ_ORB_V01_CAND_001,EXECUTED_TRADE,2025-03-24T00:00:00,2025-03-24_15m_PRINT_LONG_0946,1.5,1,0.1955,0.0673,2025-03,16,0.09375,1.5
POST-VALIDATION DIAGNOSTIC — NOT CONFIRMATORY,DEVELOPMENT,MNQ_ORB_V01_CAND_001,EXECUTED_TRADE,2025-03-25T00:00:00,2025-03-25_15m_PRINT_SHORT_0949,-1.0,1,0.11216666666666668,0.0673,2025-03,16,0.09375,1.5
POST-VALIDATION DIAGNOSTIC — NOT CONFIRMATORY,DEVELOPMENT,MNQ_ORB_V01_CAND_001,EXECUTED_TRADE,2025-03-26T00:00:00,2025-03-26_15m_PRINT_SHORT_0948,1.5,1,0.1955,0.1173,2025-03,16,0.09375,1.5
POST-VALIDATION DIAGNOSTIC — NOT CONFIRMATORY,DEVELOPMENT,MNQ_ORB_V01_CAND_001,EXECUTED_TRADE,2025-03-27T00:00:00,2025-03-27_15m_PRINT_LONG_0955,1.5,1,0.2788333333333333,0.1173,2025-03,16,0.09375,1.5
POST-VALIDATION DIAGNOSTIC — NOT CONFIRMATORY,DEVELOPMENT,MNQ_ORB_V01_CAND_001,EXECUTED_TRADE,2025-03-28T00:00:00,2025-03-28_15m_PRINT_SHORT_1001,1.5,1,0.2788333333333333,0.1673,2025-03,16,0.09375,1.5
POST-VALIDATION DIAGNOSTIC — NOT CONFIRMATORY,DEVELOPMENT,MNQ_ORB_V01_CAND_001,EXECUTED_TRADE,2025-03-31T00:00:00,2025-03-31_15m_PRINT_SHORT_0946,-1.0,1,0.2788333333333333,0.1673,2025-03,16,0.09375,1.5
POST-VALIDATION DIAGNOSTIC — NOT CONFIRMATORY,DEVELOPMENT,MNQ_ORB_V01_CAND_001,EXECUTED_TRADE,2025-04-01T00:00:00,2025-04-01_15m_PRINT_LONG_0948,-1.0,1,0.2788333333333333,0.1673,2025-04,18,-0.027777777777777776,-0.5
POST-VALIDATION DIAGNOSTIC — NOT CONFIRMATORY,DEVELOPMENT,MNQ_ORB_V01_CAND_001,EXECUTED_TRADE,2025-04-02T00:00:00,2025-04-02_15m_PRINT_LONG_0946,1.5,1,0.3621666666666667,0.1673,2025-04,18,-0.027777777777777776,-0.5
POST-VALIDATION DIAGNOSTIC — NOT CONFIRMATORY,DEVELOPMENT,MNQ_ORB_V01_CAND_001,EXECUTED_TRADE,2025-04-03T00:00:00,2025-04-03_15m_PRINT_SHORT_1005,1.5,1,0.4455,0.2173,2025-04,18,-0.027777777777777776,-0.5
POST-VALIDATION DIAGNOSTIC — NOT CONFIRMATORY,DEVELOPMENT,MNQ_ORB_V01_CAND_001,EXECUTED_TRADE,2025-04-08T00:00:00,2025-04-08_15m_PRINT_LONG_0947,-1.0,1,0.3621666666666667,0.2173,2025-04,18,-0.027777777777777776,-0.5
POST-VALIDATION DIAGNOSTIC — NOT CONFIRMATORY,DEVELOPMENT,MNQ_ORB_V01_CAND_001,EXECUTED_TRADE,2025-04-10T00:00:00,2025-04-10_15m_PRINT_SHORT_0959,1.5,1,0.4166666666666667,0.2173,2025-04,18,-0.027777777777777776,-0.5
POST-VALIDATION DIAGNOSTIC — NOT CONFIRMATORY,DEVELOPMENT,MNQ_ORB_V01_CAND_001,EXECUTED_TRADE,2025-04-11T00:00:00,2025-04-11_15m_PRINT_LONG_0947,1.5,1,0.4166666666666667,0.2673,2025-04,18,-0.027777777777777776,-0.5
POST-VALIDATION DIAGNOSTIC — NOT CONFIRMATORY,DEVELOPMENT,MNQ_ORB_V01_CAND_001,EXECUTED_TRADE,2025-04-14T00:00:00,2025-04-14_15m_PRINT_SHORT_0948,-1.0,1,0.4166666666666667,0.2173,2025-04,18,-0.027777777777777776,-0.5
POST-VALIDATION DIAGNOSTIC — NOT CONFIRMATORY,DEVELOPMENT,MNQ_ORB_V01_CAND_001,EXECUTED_TRADE,2025-04-15T00:00:00,2025-04-15_15m_PRINT_LONG_0949,-1.0,1,0.3333333333333333,0.1673,2025-04,18,-0.027777777777777776,-0.5
POST-VALIDATION DIAGNOSTIC — NOT CONFIRMATORY,DEVELOPMENT,MNQ_ORB_V01_CAND_001,EXECUTED_TRADE,2025-04-16T00:00:00,2025-04-16_15m_PRINT_SHORT_0952,-1.0,1,0.25,0.1673,2025-04,18,-0.027777777777777776,-0.5
POST-VALIDATION DIAGNOSTIC — NOT CONFIRMATORY,DEVELOPMENT,MNQ_ORB_V01_CAND_001,EXECUTED_TRADE,2025-04-17T00:00:00,2025-04-17_15m_PRINT_SHORT_0947,-1.0,1,0.16666666666666666,0.1673,2025-04,18,-0.027777777777777776,-0.5
POST-VALIDATION DIAGNOSTIC — NOT CONFIRMATORY,DEVELOPMENT,MNQ_ORB_V01_CAND_001,EXECUTED_TRADE,2025-04-21T00:00:00,2025-04-21_15m_PRINT_SHORT_0948,-1.0,1,0.08333333333333333,0.1673,2025-04,18,-0.027777777777777776,-0.5
POST-VALIDATION DIAGNOSTIC — NOT CONFIRMATORY,DEVELOPMENT,MNQ_ORB_V01_CAND_001,EXECUTED_TRADE,2025-04-22T00:00:00,2025-04-22_15m_PRINT_LONG_0946,1.5,1,0.08333333333333333,0.2173,2025-04,18,-0.027777777777777776,-0.5
POST-VALIDATION DIAGNOSTIC — NOT CONFIRMATORY,DEVELOPMENT,MNQ_ORB_V01_CAND_001,EXECUTED_TRADE,2025-04-23T00:00:00,2025-04-23_15m_PRINT_LONG_0952,-1.0,1,0.0,0.1673,2025-04,18,-0.027777777777777776,-0.5
POST-VALIDATION DIAGNOSTIC — NOT CONFIRMATORY,DEVELOPMENT,MNQ_ORB_V01_CAND_001,EXECUTED_TRADE,2025-04-24T00:00:00,2025-04-24_15m_PRINT_LONG_0946,1.5,1,0.08333333333333333,0.1673,2025-04,18,-0.027777777777777776,-0.5
POST-VALIDATION DIAGNOSTIC — NOT CONFIRMATORY,DEVELOPMENT,MNQ_ORB_V01_CAND_001,EXECUTED_TRADE,2025-04-25T00:00:00,2025-04-25_15m_PRINT_SHORT_0952,-1.0,1,0.08333333333333333,0.1673,2025-04,18,-0.027777777777777776,-0.5
POST-VALIDATION DIAGNOSTIC — NOT CONFIRMATORY,DEVELOPMENT,MNQ_ORB_V01_CAND_001,EXECUTED_TRADE,2025-04-28T00:00:00,2025-04-28_15m_PRINT_LONG_0946,-1.0,1,0.08333333333333333,0.1173,2025-04,18,-0.027777777777777776,-0.5
POST-VALIDATION DIAGNOSTIC — NOT CONFIRMATORY,DEVELOPMENT,MNQ_ORB_V01_CAND_001,EXECUTED_TRADE,2025-04-29T00:00:00,2025-04-29_15m_PRINT_LONG_0946,1.5,1,0.16666666666666666,0.1673,2025-04,18,-0.027777777777777776,-0.5
POST-VALIDATION DIAGNOSTIC — NOT CONFIRMATORY,DEVELOPMENT,MNQ_ORB_V01_CAND_001,EXECUTED_TRADE,2025-04-30T00:00:00,2025-04-30_15m_PRINT_SHORT_0957,-1.0,1,0.16666666666666666,0.1673,2025-04,18,-0.027777777777777776,-0.5
POST-VALIDATION DIAGNOSTIC — NOT CONFIRMATORY,DEVELOPMENT,MNQ_ORB_V01_CAND_001,EXECUTED_TRADE,2025-05-01T00:00:00,2025-05-01_15m_PRINT_LONG_0952,-1.0,1,0.08333333333333333,0.1173,2025-05,22,0.15840909090909092,3.485
POST-VALIDATION DIAGNOSTIC — NOT CONFIRMATORY,DEVELOPMENT,MNQ_ORB_V01_CAND_001,EXECUTED_TRADE,2025-05-02T00:00:00,2025-05-02_15m_PRINT_LONG_1004,1.5,1,0.16666666666666666,0.1673,2025-05,22,0.15840909090909092,3.485
POST-VALIDATION DIAGNOSTIC — NOT CONFIRMATORY,DEVELOPMENT,MNQ_ORB_V01_CAND_001,EXECUTED_TRADE,2025-05-05T00:00:00,2025-05-05_15m_PRINT_LONG_0949,1.5,1,0.25,0.2173,2025-05,22,0.15840909090909092,3.485
POST-VALIDATION DIAGNOSTIC — NOT CONFIRMATORY,DEVELOPMENT,MNQ_ORB_V01_CAND_001,EXECUTED_TRADE,2025-05-06T00:00:00,2025-05-06_15m_PRINT_SHORT_0952,-1.0,1,0.16666666666666666,0.2173,2025-05,22,0.15840909090909092,3.485
POST-VALIDATION DIAGNOSTIC — NOT CONFIRMATORY,DEVELOPMENT,MNQ_ORB_V01_CAND_001,EXECUTED_TRADE,2025-05-07T00:00:00,2025-05-07_15m_PRINT_SHORT_0950,-1.0,1,0.16666666666666666,0.2173,2025-05,22,0.15840909090909092,3.485
POST-VALIDATION DIAGNOSTIC — NOT CONFIRMATORY,DEVELOPMENT,MNQ_ORB_V01_CAND_001,EXECUTED_TRADE,2025-05-08T00:00:00,2025-05-08_15m_PRINT_SHORT_0948,1.5,1,0.16666666666666666,0.2173,2025-05,22,0.15840909090909092,3.485
POST-VALIDATION DIAGNOSTIC — NOT CONFIRMATORY,DEVELOPMENT,MNQ_ORB_V01_CAND_001,EXECUTED_TRADE,2025-05-09T00:00:00,2025-05-09_15m_PRINT_SHORT_0953,-1.0,1,0.08333333333333333,0.2,2025-05,22,0.15840909090909092,3.485
POST-VALIDATION DIAGNOSTIC — NOT CONFIRMATORY,DEVELOPMENT,MNQ_ORB_V01_CAND_001,EXECUTED_TRADE,2025-05-12T00:00:00,2025-05-12_15m_PRINT_SHORT_1029,-1.0,1,0.08333333333333333,0.15,2025-05,22,0.15840909090909092,3.485
POST-VALIDATION DIAGNOSTIC — NOT CONFIRMATORY,DEVELOPMENT,MNQ_ORB_V01_CAND_001,EXECUTED_TRADE,2025-05-13T00:00:00,2025-05-13_15m_PRINT_LONG_0951,1.5,1,0.08333333333333333,0.2,2025-05,22,0.15840909090909092,3.485
POST-VALIDATION DIAGNOSTIC — NOT CONFIRMATORY,DEVELOPMENT,MNQ_ORB_V01_CAND_001,EXECUTED_TRADE,2025-05-14T00:00:00,2025-05-14_15m_PRINT_SHORT_0947,-1.0,1,0.0,0.15,2025-05,22,0.15840909090909092,3.485
POST-VALIDATION DIAGNOSTIC — NOT CONFIRMATORY,DEVELOPMENT,MNQ_ORB_V01_CAND_001,EXECUTED_TRADE,2025-05-15T00:00:00,2025-05-15_15m_PRINT_SHORT_0947,-1.0,1,-0.08333333333333333,0.1,2025-05,22,0.15840909090909092,3.485
POST-VALIDATION DIAGNOSTIC — NOT CONFIRMATORY,DEVELOPMENT,MNQ_ORB_V01_CAND_001,EXECUTED_TRADE,2025-05-16T00:00:00,2025-05-16_15m_PRINT_SHORT_1035,-1.0,1,-0.08333333333333333,0.05,2025-05,22,0.15840909090909092,3.485
POST-VALIDATION DIAGNOSTIC — NOT CONFIRMATORY,DEVELOPMENT,MNQ_ORB_V01_CAND_001,EXECUTED_TRADE,2025-05-19T00:00:00,2025-05-19_15m_PRINT_LONG_0946,1.5,1,0.0,0.05,2025-05,22,0.15840909090909092,3.485
POST-VALIDATION DIAGNOSTIC — NOT CONFIRMATORY,DEVELOPMENT,MNQ_ORB_V01_CAND_001,EXECUTED_TRADE,2025-05-20T00:00:00,2025-05-20_15m_PRINT_SHORT_0948,-1.0,1,-0.08333333333333333,-4.440892098500626e-18,2025-05,22,0.15840909090909092,3.485
POST-VALIDATION DIAGNOSTIC — NOT CONFIRMATORY,DEVELOPMENT,MNQ_ORB_V01_CAND_001,EXECUTED_TRADE,2025-05-21T00:00:00,2025-05-21_15m_PRINT_LONG_0947,1.5,1,-0.08333333333333333,-4.440892098500626e-18,2025-05,22,0.15840909090909092,3.485
POST-VALIDATION DIAGNOSTIC — NOT CONFIRMATORY,DEVELOPMENT,MNQ_ORB_V01_CAND_001,EXECUTED_TRADE,2025-05-22T00:00:00,2025-05-22_15m_PRINT_LONG_0953,1.5,1,0.0,0.05,2025-05,22,0.15840909090909092,3.485
POST-VALIDATION DIAGNOSTIC — NOT CONFIRMATORY,DEVELOPMENT,MNQ_ORB_V01_CAND_001,EXECUTED_TRADE,2025-05-23T00:00:00,2025-05-23_15m_PRINT_LONG_1013,-1.0,1,-0.08333333333333333,0.05,2025-05,22,0.15840909090909092,3.485
POST-VALIDATION DIAGNOSTIC — NOT CONFIRMATORY,DEVELOPMENT,MNQ_ORB_V01_CAND_001,EXECUTED_TRADE,2025-05-26T00:00:00,2025-05-26_15m_PRINT_SHORT_1022,-0.515,1,-0.1505,0.059699999999999996,2025-05,22,0.15840909090909092,3.485
POST-VALIDATION DIAGNOSTIC — NOT CONFIRMATORY,DEVELOPMENT,MNQ_ORB_V01_CAND_001,EXECUTED_TRADE,2025-05-27T00:00:00,2025-05-27_15m_PRINT_LONG_0956,1.5,1,-0.06716666666666667,0.10969999999999999,2025-05,22,0.15840909090909092,3.485
POST-VALIDATION DIAGNOSTIC — NOT CONFIRMATORY,DEVELOPMENT,MNQ_ORB_V01_CAND_001,EXECUTED_TRADE,2025-05-28T00:00:00,2025-05-28_15m_PRINT_SHORT_0949,1.5,1,0.016166666666666663,0.15969999999999998,2025-05,22,0.15840909090909092,3.485
POST-VALIDATION DIAGNOSTIC — NOT CONFIRMATORY,DEVELOPMENT,MNQ_ORB_V01_CAND_001,EXECUTED_TRADE,2025-05-29T00:00:00,2025-05-29_15m_PRINT_SHORT_0946,1.5,1,0.09949999999999999,0.15969999999999998,2025-05,22,0.15840909090909092,3.485
POST-VALIDATION DIAGNOSTIC — NOT CONFIRMATORY,DEVELOPMENT,MNQ_ORB_V01_CAND_001,EXECUTED_TRADE,2025-05-30T00:00:00,2025-05-30_15m_PRINT_SHORT_0946,-1.0,1,0.09949999999999999,0.15969999999999998,2025-05,22,0.15840909090909092,3.485
POST-VALIDATION DIAGNOSTIC — NOT CONFIRMATORY,DEVELOPMENT,MNQ_ORB_V01_CAND_001,EXECUTED_TRADE,2025-06-02T00:00:00,2025-06-02_15m_PRINT_SHORT_1001,-1.0,1,0.09949999999999999,0.15969999999999998,2025-06,17,0.17647058823529413,3.0
POST-VALIDATION DIAGNOSTIC — NOT CONFIRMATORY,DEVELOPMENT,MNQ_ORB_V01_CAND_001,EXECUTED_TRADE,2025-06-03T00:00:00,2025-06-03_15m_PRINT_LONG_0949,1.5,1,0.09949999999999999,0.15969999999999998,2025-06,17,0.17647058823529413,3.0
POST-VALIDATION DIAGNOSTIC — NOT CONFIRMATORY,DEVELOPMENT,MNQ_ORB_V01_CAND_001,EXECUTED_TRADE,2025-06-04T00:00:00,2025-06-04_15m_PRINT_SHORT_1001,1.5,1,0.18283333333333332,0.2097,2025-06,17,0.17647058823529413,3.0
POST-VALIDATION DIAGNOSTIC — NOT CONFIRMATORY,DEVELOPMENT,MNQ_ORB_V01_CAND_001,EXECUTED_TRADE,2025-06-05T00:00:00,2025-06-05_15m_PRINT_SHORT_0946,-1.0,1,0.09949999999999999,0.15969999999999998,2025-06,17,0.17647058823529413,3.0
POST-VALIDATION DIAGNOSTIC — NOT CONFIRMATORY,DEVELOPMENT,MNQ_ORB_V01_CAND_001,EXECUTED_TRADE,2025-06-06T00:00:00,2025-06-06_15m_PRINT_LONG_0946,-1.0,1,0.09949999999999999,0.10969999999999999,2025-06,17,0.17647058823529413,3.0
POST-VALIDATION DIAGNOSTIC — NOT CONFIRMATORY,DEVELOPMENT,MNQ_ORB_V01_CAND_001,EXECUTED_TRADE,2025-06-09T00:00:00,2025-06-09_15m_PRINT_LONG_0953,1.5,1,0.18283333333333332,0.15969999999999998,2025-06,17,0.17647058823529413,3.0
POST-VALIDATION DIAGNOSTIC — NOT CONFIRMATORY,DEVELOPMENT,MNQ_ORB_V01_CAND_001,EXECUTED_TRADE,2025-06-10T00:00:00,2025-06-10_15m_PRINT_LONG_0953,-1.0,1,0.09949999999999999,0.10969999999999999,2025-06,17,0.17647058823529413,3.0
POST-VALIDATION DIAGNOSTIC — NOT CONFIRMATORY,DEVELOPMENT,MNQ_ORB_V01_CAND_001,EXECUTED_TRADE,2025-06-11T00:00:00,2025-06-11_15m_PRINT_SHORT_0947,-1.0,1,0.09949999999999999,0.059699999999999996,2025-06,17,0.17647058823529413,3.0
POST-VALIDATION DIAGNOSTIC — NOT CONFIRMATORY,DEVELOPMENT,MNQ_ORB_V01_CAND_001,EXECUTED_TRADE,2025-06-12T00:00:00,2025-06-12_15m_PRINT_LONG_0949,1.5,1,0.18283333333333332,0.059699999999999996,2025-06,17,0.17647058823529413,3.0
POST-VALIDATION DIAGNOSTIC — NOT CONFIRMATORY,DEVELOPMENT,MNQ_ORB_V01_CAND_001,EXECUTED_TRADE,2025-06-13T00:00:00,2025-06-13_15m_PRINT_LONG_0952,-1.0,1,0.09949999999999999,0.059699999999999996,2025-06,17,0.17647058823529413,3.0
POST-VALIDATION DIAGNOSTIC — NOT CONFIRMATORY,DEVELOPMENT,MNQ_ORB_V01_CAND_001,EXECUTED_TRADE,2025-06-20T00:00:00,2025-06-20_15m_PRINT_SHORT_0953,1.5,1,0.09949999999999999,0.10969999999999999,2025-06,17,0.17647058823529413,3.0
POST-VALIDATION DIAGNOSTIC — NOT CONFIRMATORY,DEVELOPMENT,MNQ_ORB_V01_CAND_001,EXECUTED_TRADE,2025-06-23T00:00:00,2025-06-23_15m_PRINT_LONG_0946,1.5,1,0.18283333333333332,0.10969999999999999,2025-06,17,0.17647058823529413,3.0
POST-VALIDATION DIAGNOSTIC — NOT CONFIRMATORY,DEVELOPMENT,MNQ_ORB_V01_CAND_001,EXECUTED_TRADE,2025-06-24T00:00:00,2025-06-24_15m_PRINT_LONG_0947,-1.0,1,0.18283333333333332,0.059699999999999996,2025-06,17,0.17647058823529413,3.0
POST-VALIDATION DIAGNOSTIC — NOT CONFIRMATORY,DEVELOPMENT,MNQ_ORB_V01_CAND_001,EXECUTED_TRADE,2025-06-25T00:00:00,2025-06-25_15m_PRINT_SHORT_0951,1.5,1,0.18283333333333332,0.10969999999999999,2025-06,17,0.17647058823529413,3.0
POST-VALIDATION DIAGNOSTIC — NOT CONFIRMATORY,DEVELOPMENT,MNQ_ORB_V01_CAND_001,EXECUTED_TRADE,2025-06-26T00:00:00,2025-06-26_15m_PRINT_SHORT_0949,-1.0,1,0.18283333333333332,0.059699999999999996,2025-06,17,0.17647058823529413,3.0
POST-VALIDATION DIAGNOSTIC — NOT CONFIRMATORY,DEVELOPMENT,MNQ_ORB_V01_CAND_001,EXECUTED_TRADE,2025-06-27T00:00:00,2025-06-27_15m_PRINT_LONG_0946,1.5,1,0.26616666666666666,0.059699999999999996,2025-06,17,0.17647058823529413,3.0
POST-VALIDATION DIAGNOSTIC — NOT CONFIRMATORY,DEVELOPMENT,MNQ_ORB_V01_CAND_001,EXECUTED_TRADE,2025-06-30T00:00:00,2025-06-30_15m_PRINT_SHORT_0950,-1.0,1,0.18283333333333332,0.059699999999999996,2025-06,17,0.17647058823529413,3.0
POST-VALIDATION DIAGNOSTIC — NOT CONFIRMATORY,DEVELOPMENT,MNQ_ORB_V01_CAND_002,EXECUTED_TRADE,2024-06-21T00:00:00,2024-06-21_20m_PRINT_SHORT_0951,-1.0,1,,,2024-06,6,0.03735632183908048,0.22413793103448287
POST-VALIDATION DIAGNOSTIC — NOT CONFIRMATORY,DEVELOPMENT,MNQ_ORB_V01_CAND_002,EXECUTED_TRADE,2024-06-24T00:00:00,2024-06-24_20m_PRINT_LONG_1002,-1.0,1,,,2024-06,6,0.03735632183908048,0.22413793103448287
POST-VALIDATION DIAGNOSTIC — NOT CONFIRMATORY,DEVELOPMENT,MNQ_ORB_V01_CAND_002,EXECUTED_TRADE,2024-06-25T00:00:00,2024-06-25_20m_PRINT_LONG_1001,2.5,1,,,2024-06,6,0.03735632183908048,0.22413793103448287
POST-VALIDATION DIAGNOSTIC — NOT CONFIRMATORY,DEVELOPMENT,MNQ_ORB_V01_CAND_002,EXECUTED_TRADE,2024-06-26T00:00:00,2024-06-26_20m_PRINT_LONG_0952,-1.0,1,,,2024-06,6,0.03735632183908048,0.22413793103448287
POST-VALIDATION DIAGNOSTIC — NOT CONFIRMATORY,DEVELOPMENT,MNQ_ORB_V01_CAND_002,EXECUTED_TRADE,2024-06-27T00:00:00,2024-06-27_20m_PRINT_LONG_1015,-1.0,1,,,2024-06,6,0.03735632183908048,0.22413793103448287
POST-VALIDATION DIAGNOSTIC — NOT CONFIRMATORY,DEVELOPMENT,MNQ_ORB_V01_CAND_002,EXECUTED_TRADE,2024-06-28T00:00:00,2024-06-28_20m_PRINT_LONG_0951,1.7241379310344829,1,,,2024-06,6,0.03735632183908048,0.22413793103448287
POST-VALIDATION DIAGNOSTIC — NOT CONFIRMATORY,DEVELOPMENT,MNQ_ORB_V01_CAND_002,EXECUTED_TRADE,2024-07-01T00:00:00,2024-07-01_20m_PRINT_SHORT_0951,-1.0,1,,,2024-07,23,0.4891595020206047,11.250668546473909
POST-VALIDATION DIAGNOSTIC — NOT CONFIRMATORY,DEVELOPMENT,MNQ_ORB_V01_CAND_002,EXECUTED_TRADE,2024-07-02T00:00:00,2024-07-02_20m_PRINT_LONG_1041,1.25,1,,,2024-07,23,0.4891595020206047,11.250668546473909
POST-VALIDATION DIAGNOSTIC — NOT CONFIRMATORY,DEVELOPMENT,MNQ_ORB_V01_CAND_002,EXECUTED_TRADE,2024-07-03T00:00:00,2024-07-03_20m_PRINT_LONG_0951,-1.0,1,,,2024-07,23,0.4891595020206047,11.250668546473909
POST-VALIDATION DIAGNOSTIC — NOT CONFIRMATORY,DEVELOPMENT,MNQ_ORB_V01_CAND_002,EXECUTED_TRADE,2024-07-04T00:00:00,2024-07-04_20m_PRINT_SHORT_0953,0.4390243902439024,1,,,2024-07,23,0.4891595020206047,11.250668546473909
POST-VALIDATION DIAGNOSTIC — NOT CONFIRMATORY,DEVELOPMENT,MNQ_ORB_V01_CAND_002,EXECUTED_TRADE,2024-07-05T00:00:00,2024-07-05_20m_PRINT_LONG_0956,2.255639097744361,1,,,2024-07,23,0.4891595020206047,11.250668546473909
POST-VALIDATION DIAGNOSTIC — NOT CONFIRMATORY,DEVELOPMENT,MNQ_ORB_V01_CAND_002,EXECUTED_TRADE,2024-07-08T00:00:00,2024-07-08_20m_PRINT_SHORT_1002,-1.0,1,,,2024-07,23,0.4891595020206047,11.250668546473909
POST-VALIDATION DIAGNOSTIC — NOT CONFIRMATORY,DEVELOPMENT,MNQ_ORB_V01_CAND_002,EXECUTED_TRADE,2024-07-09T00:00:00,2024-07-09_20m_PRINT_SHORT_1007,-1.0,1,,,2024-07,23,0.4891595020206047,11.250668546473909
POST-VALIDATION DIAGNOSTIC — NOT CONFIRMATORY,DEVELOPMENT,MNQ_ORB_V01_CAND_002,EXECUTED_TRADE,2024-07-10T00:00:00,2024-07-10_20m_PRINT_LONG_1006,-1.0,1,,,2024-07,23,0.4891595020206047,11.250668546473909
POST-VALIDATION DIAGNOSTIC — NOT CONFIRMATORY,DEVELOPMENT,MNQ_ORB_V01_CAND_002,EXECUTED_TRADE,2024-07-11T00:00:00,2024-07-11_20m_PRINT_SHORT_0952,3.0,1,,,2024-07,23,0.4891595020206047,11.250668546473909
POST-VALIDATION DIAGNOSTIC — NOT CONFIRMATORY,DEVELOPMENT,MNQ_ORB_V01_CAND_002,EXECUTED_TRADE,2024-07-12T00:00:00,2024-07-12_20m_PRINT_LONG_0951,2.142857142857143,1,,,2024-07,23,0.4891595020206047,11.250668546473909
POST-VALIDATION DIAGNOSTIC — NOT CONFIRMATORY,DEVELOPMENT,MNQ_ORB_V01_CAND_002,EXECUTED_TRADE,2024-07-15T00:00:00,2024-07-15_20m_PRINT_LONG_1005,1.7857142857142858,1,,,2024-07,23,0.4891595020206047,11.250668546473909
POST-VALIDATION DIAGNOSTIC — NOT CONFIRMATORY,DEVELOPMENT,MNQ_ORB_V01_CAND_002,EXECUTED_TRADE,2024-07-16T00:00:00,2024-07-16_20m_PRINT_SHORT_0957,1.7964071856287425,1,,,2024-07,23,0.4891595020206047,11.250668546473909
POST-VALIDATION DIAGNOSTIC — NOT CONFIRMATORY,DEVELOPMENT,MNQ_ORB_V01_CAND_002,EXECUTED_TRADE,2024-07-17T00:00:00,2024-07-17_20m_PRINT_SHORT_1001,2.0,1,,,2024-07,23,0.4891595020206047,11.250668546473909
POST-VALIDATION DIAGNOSTIC — NOT CONFIRMATORY,DEVELOPMENT,MNQ_ORB_V01_CAND_002,EXECUTED_TRADE,2024-07-18T00:00:00,2024-07-18_20m_PRINT_SHORT_0955,-1.0,1,,,2024-07,23,0.4891595020206047,11.250668546473909
POST-VALIDATION DIAGNOSTIC — NOT CONFIRMATORY,DEVELOPMENT,MNQ_ORB_V01_CAND_002,EXECUTED_TRADE,2024-07-19T00:00:00,2024-07-19_20m_PRINT_SHORT_1028,1.0638297872340423,1,,,2024-07,23,0.4891595020206047,11.250668546473909
POST-VALIDATION DIAGNOSTIC — NOT CONFIRMATORY,DEVELOPMENT,MNQ_ORB_V01_CAND_002,EXECUTED_TRADE,2024-07-22T00:00:00,2024-07-22_20m_PRINT_LONG_0951,-1.0,1,,,2024-07,23,0.4891595020206047,11.250668546473909
POST-VALIDATION DIAGNOSTIC — NOT CONFIRMATORY,DEVELOPMENT,MNQ_ORB_V01_CAND_002,EXECUTED_TRADE,2024-07-23T00:00:00,2024-07-23_20m_PRINT_LONG_1022,-1.0,1,,,2024-07,23,0.4891595020206047,11.250668546473909
POST-VALIDATION DIAGNOSTIC — NOT CONFIRMATORY,DEVELOPMENT,MNQ_ORB_V01_CAND_002,EXECUTED_TRADE,2024-07-24T00:00:00,2024-07-24_20m_PRINT_SHORT_0957,1.1194029850746268,1,,,2024-07,23,0.4891595020206047,11.250668546473909
POST-VALIDATION DIAGNOSTIC — NOT CONFIRMATORY,DEVELOPMENT,MNQ_ORB_V01_CAND_002,EXECUTED_TRADE,2024-07-25T00:00:00,2024-07-25_20m_PRINT_SHORT_0955,1.2345679012345678,1,,,2024-07,23,0.4891595020206047,11.250668546473909
POST-VALIDATION DIAGNOSTIC — NOT CONFIRMATORY,DEVELOPMENT,MNQ_ORB_V01_CAND_002,EXECUTED_TRADE,2024-07-26T00:00:00,2024-07-26_20m_PRINT_SHORT_1009,-1.0,1,,,2024-07,23,0.4891595020206047,11.250668546473909
POST-VALIDATION DIAGNOSTIC — NOT CONFIRMATORY,DEVELOPMENT,MNQ_ORB_V01_CAND_002,EXECUTED_TRADE,2024-07-29T00:00:00,2024-07-29_20m_PRINT_LONG_1001,-1.0,1,,,2024-07,23,0.4891595020206047,11.250668546473909
POST-VALIDATION DIAGNOSTIC — NOT CONFIRMATORY,DEVELOPMENT,MNQ_ORB_V01_CAND_002,EXECUTED_TRADE,2024-07-30T00:00:00,2024-07-30_20m_PRINT_SHORT_0951,1.6853932584269662,1,,,2024-07,23,0.4891595020206047,11.250668546473909
POST-VALIDATION DIAGNOSTIC — NOT CONFIRMATORY,DEVELOPMENT,MNQ_ORB_V01_CAND_002,EXECUTED_TRADE,2024-07-31T00:00:00,2024-07-31_20m_PRINT_LONG_1002,1.477832512315271,1,,,2024-07,23,0.4891595020206047,11.250668546473909
POST-VALIDATION DIAGNOSTIC — NOT CONFIRMATORY,DEVELOPMENT,MNQ_ORB_V01_CAND_002,EXECUTED_TRADE,2024-08-01T00:00:00,2024-08-01_20m_PRINT_LONG_0957,-1.0,1,0.34916021591694635,,2024-08,22,0.1060672300968336,2.333479062130339
POST-VALIDATION DIAGNOSTIC — NOT CONFIRMATORY,DEVELOPMENT,MNQ_ORB_V01_CAND_002,EXECUTED_TRADE,2024-08-02T00:00:00,2024-08-02_20m_PRINT_SHORT_1006,0.683371298405467,1,0.40527259253046194,,2024-08,22,0.1060672300968336,2.333479062130339
POST-VALIDATION DIAGNOSTIC — NOT CONFIRMATORY,DEVELOPMENT,MNQ_ORB_V01_CAND_002,EXECUTED_TRADE,2024-08-05T00:00:00,2024-08-05_20m_PRINT_LONG_0952,0.3496503496503496,1,0.4502609375188069,,2024-08,22,0.1060672300968336,2.333479062130339
POST-VALIDATION DIAGNOSTIC — NOT CONFIRMATORY,DEVELOPMENT,MNQ_ORB_V01_CAND_002,EXECUTED_TRADE,2024-08-06T00:00:00,2024-08-06_20m_PRINT_LONG_1003,0.7058823529411765,1,0.39045701595017945,,2024-08,22,0.1060672300968336,2.333479062130339
POST-VALIDATION DIAGNOSTIC — NOT CONFIRMATORY,DEVELOPMENT,MNQ_ORB_V01_CAND_002,EXECUTED_TRADE,2024-08-07T00:00:00,2024-08-07_20m_PRINT_LONG_0951,-1.0,1,0.39045701595017945,,2024-08,22,0.1060672300968336,2.333479062130339
POST-VALIDATION DIAGNOSTIC — NOT CONFIRMATORY,DEVELOPMENT,MNQ_ORB_V01_CAND_002,EXECUTED_TRADE,2024-08-08T00:00:00,2024-08-08_20m_PRINT_SHORT_0952,-1.0,1,0.39045701595017945,,2024-08,22,0.1060672300968336,2.333479062130339
POST-VALIDATION DIAGNOSTIC — NOT CONFIRMATORY,DEVELOPMENT,MNQ_ORB_V01_CAND_002,EXECUTED_TRADE,2024-08-09T00:00:00,2024-08-09_20m_PRINT_SHORT_0958,-1.0,1,0.29965241824903005,,2024-08,22,0.1060672300968336,2.333479062130339
POST-VALIDATION DIAGNOSTIC — NOT CONFIRMATORY,DEVELOPMENT,MNQ_ORB_V01_CAND_002,EXECUTED_TRADE,2024-08-12T00:00:00,2024-08-12_20m_PRINT_SHORT_0958,-1.0,1,0.29965241824903005,,2024-08,22,0.1060672300968336,2.333479062130339
POST-VALIDATION DIAGNOSTIC — NOT CONFIRMATORY,DEVELOPMENT,MNQ_ORB_V01_CAND_002,EXECUTED_TRADE,2024-08-13T00:00:00,2024-08-13_20m_PRINT_LONG_0951,-1.0,1,0.22465241824903004,,2024-08,22,0.1060672300968336,2.333479062130339
POST-VALIDATION DIAGNOSTIC — NOT CONFIRMATORY,DEVELOPMENT,MNQ_ORB_V01_CAND_002,EXECUTED_TRADE,2024-08-14T00:00:00,2024-08-14_20m_PRINT_SHORT_0952,1.1406844106463878,1,0.29600856527057634,,2024-08,22,0.1060672300968336,2.333479062130339
POST-VALIDATION DIAGNOSTIC — NOT CONFIRMATORY,DEVELOPMENT,MNQ_ORB_V01_CAND_002,EXECUTED_TRADE,2024-08-15T00:00:00,2024-08-15_20m_PRINT_LONG_0951,2.0134228187919465,1,0.34848851288884447,,2024-08,22,0.1060672300968336,2.333479062130339
POST-VALIDATION DIAGNOSTIC — NOT CONFIRMATORY,DEVELOPMENT,MNQ_ORB_V01_CAND_002,EXECUTED_TRADE,2024-08-16T00:00:00,2024-08-16_20m_PRINT_LONG_1003,-1.0,1,0.23996720963069906,,2024-08,22,0.1060672300968336,2.333479062130339
POST-VALIDATION DIAGNOSTIC — NOT CONFIRMATORY,DEVELOPMENT,MNQ_ORB_V01_CAND_002,EXECUTED_TRADE,2024-08-19T00:00:00,2024-08-19_20m_PRINT_LONG_1011,-1.0,1,0.2399672096306991,,2024-08,22,0.1060672300968336,2.333479062130339
POST-VALIDATION DIAGNOSTIC — NOT CONFIRMATORY,DEVELOPMENT,MNQ_ORB_V01_CAND_002,EXECUTED_TRADE,2024-08-20T00:00:00,2024-08-20_20m_PRINT_LONG_0951,-1.0,1,0.2399672096306991,,2024-08,22,0.1060672300968336,2.333479062130339
POST-VALIDATION DIAGNOSTIC — NOT CONFIRMATORY,DEVELOPMENT,MNQ_ORB_V01_CAND_002,EXECUTED_TRADE,2024-08-21T00:00:00,2024-08-21_20m_PRINT_LONG_0958,-1.0,1,0.2399672096306991,,2024-08,22,0.1060672300968336,2.333479062130339
POST-VALIDATION DIAGNOSTIC — NOT CONFIRMATORY,DEVELOPMENT,MNQ_ORB_V01_CAND_002,EXECUTED_TRADE,2024-08-22T00:00:00,2024-08-22_20m_PRINT_SHORT_0951,-1.0,1,0.10663387629736573,,2024-08,22,0.1060672300968336,2.333479062130339
POST-VALIDATION DIAGNOSTIC — NOT CONFIRMATORY,DEVELOPMENT,MNQ_ORB_V01_CAND_002,EXECUTED_TRADE,2024-08-23T00:00:00,2024-08-23_20m_PRINT_LONG_1001,2.586206896551724,1,0.12141220142051844,,2024-08,22,0.1060672300968336,2.333479062130339
POST-VALIDATION DIAGNOSTIC — NOT CONFIRMATORY,DEVELOPMENT,MNQ_ORB_V01_CAND_002,EXECUTED_TRADE,2024-08-26T00:00:00,2024-08-26_20m_PRINT_SHORT_0951,1.875,1,0.1243883918967089,,2024-08,22,0.1060672300968336,2.333479062130339
POST-VALIDATION DIAGNOSTIC — NOT CONFIRMATORY,DEVELOPMENT,MNQ_ORB_V01_CAND_002,EXECUTED_TRADE,2024-08-27T00:00:00,2024-08-27_20m_PRINT_LONG_0954,1.5384615384615383,1,0.11579020365780211,,2024-08,22,0.1060672300968336,2.333479062130339
POST-VALIDATION DIAGNOSTIC — NOT CONFIRMATORY,DEVELOPMENT,MNQ_ORB_V01_CAND_002,EXECUTED_TRADE,2024-08-28T00:00:00,2024-08-28_20m_PRINT_SHORT_0951,1.3574660633484164,1,0.09437240576941598,,2024-08,22,0.1060672300968336,2.333479062130339
POST-VALIDATION DIAGNOSTIC — NOT CONFIRMATORY,DEVELOPMENT,MNQ_ORB_V01_CAND_002,EXECUTED_TRADE,2024-08-29T00:00:00,2024-08-29_20m_PRINT_LONG_0956,-1.0,1,0.09437240576941598,0.23449904412610795,2024-08,22,0.1060672300968336,2.333479062130339
POST-VALIDATION DIAGNOSTIC — NOT CONFIRMATORY,DEVELOPMENT,MNQ_ORB_V01_CAND_002,EXECUTED_TRADE,2024-08-30T00:00:00,2024-08-30_20m_PRINT_SHORT_1058,2.083333333333333,1,0.128355857306059,0.2961657107927746,2024-08,22,0.1060672300968336,2.333479062130339
POST-VALIDATION DIAGNOSTIC — NOT CONFIRMATORY,DEVELOPMENT,MNQ_ORB_V01_CAND_002,EXECUTED_TRADE,2024-09-02T00:00:00,2024-09-02_20m_PRINT_SHORT_1003,-1.0,1,0.128355857306059,0.2961657107927746,2024-09,16,0.4997745219311155,7.996392350897848
POST-VALIDATION DIAGNOSTIC — NOT CONFIRMATORY,DEVELOPMENT,MNQ_ORB_V01_CAND_002,EXECUTED_TRADE,2024-09-03T00:00:00,2024-09-03_20m_PRINT_SHORT_0955,1.1904761904761905,1,0.20137173032193204,0.26997523460229844,2024-09,16,0.4997745219311155,7.996392350897848
POST-VALIDATION DIAGNOSTIC — NOT CONFIRMATORY,DEVELOPMENT,MNQ_ORB_V01_CAND_002,EXECUTED_TRADE,2024-09-04T00:00:00,2024-09-04_20m_PRINT_LONG_1011,-1.0,1,0.1307249641527778,0.26997523460229844,2024-09,16,0.4997745219311155,7.996392350897848
POST-VALIDATION DIAGNOSTIC — NOT CONFIRMATORY,DEVELOPMENT,MNQ_ORB_V01_CAND_002,EXECUTED_TRADE,2024-09-05T00:00:00,2024-09-05_20m_PRINT_LONG_0956,0.967741935483871,1,0.12183076529442124,0.3093300733119758,2024-09,16,0.4997745219311155,7.996392350897848
POST-VALIDATION DIAGNOSTIC — NOT CONFIRMATORY,DEVELOPMENT,MNQ_ORB_V01_CAND_002,EXECUTED_TRADE,2024-09-06T00:00:00,2024-09-06_20m_PRINT_SHORT_1000,0.746268656716418,1,0.18003972051830183,0.28977268782561455,2024-09,16,0.4997745219311155,7.996392350897848
POST-VALIDATION DIAGNOSTIC — NOT CONFIRMATORY,DEVELOPMENT,MNQ_ORB_V01_CAND_002,EXECUTED_TRADE,2024-09-09T00:00:00,2024-09-09_20m_PRINT_SHORT_1031,2.142857142857143,1,0.28480162528020664,0.35262983068275744,2024-09,16,0.4997745219311155,7.996392350897848
POST-VALIDATION DIAGNOSTIC — NOT CONFIRMATORY,DEVELOPMENT,MNQ_ORB_V01_CAND_002,EXECUTED_TRADE,2024-09-10T00:00:00,2024-09-10_20m_PRINT_SHORT_1014,-1.0,1,0.1952885166659744,0.3076298306827574,2024-09,16,0.4997745219311155,7.996392350897848
POST-VALIDATION DIAGNOSTIC — NOT CONFIRMATORY,DEVELOPMENT,MNQ_ORB_V01_CAND_002,EXECUTED_TRADE,2024-09-11T00:00:00,2024-09-11_20m_PRINT_SHORT_0954,1.2096774193548387,1,0.18635001356729333,0.35182337906985417,2024-09,16,0.4997745219311155,7.996392350897848
POST-VALIDATION DIAGNOSTIC — NOT CONFIRMATORY,DEVELOPMENT,MNQ_ORB_V01_CAND_002,EXECUTED_TRADE,2024-09-12T00:00:00,2024-09-12_20m_PRINT_SHORT_0951,-1.0,1,0.18635001356729333,0.32304289126497615,2024-09,16,0.4997745219311155,7.996392350897848
POST-VALIDATION DIAGNOSTIC — NOT CONFIRMATORY,DEVELOPMENT,MNQ_ORB_V01_CAND_002,EXECUTED_TRADE,2024-09-20T00:00:00,2024-09-20_20m_PRINT_SHORT_0954,2.857142857142857,1,0.2588090655252063,0.33507296645294604,2024-09,16,0.4997745219311155,7.996392350897848
POST-VALIDATION DIAGNOSTIC — NOT CONFIRMATORY,DEVELOPMENT,MNQ_ORB_V01_CAND_002,EXECUTED_TRADE,2024-09-23T00:00:00,2024-09-23_20m_PRINT_LONG_0951,-1.0,1,0.21382072053686135,0.33507296645294604,2024-09,16,0.4997745219311155,7.996392350897848
POST-VALIDATION DIAGNOSTIC — NOT CONFIRMATORY,DEVELOPMENT,MNQ_ORB_V01_CAND_002,EXECUTED_TRADE,2024-09-24T00:00:00,2024-09-24_20m_PRINT_SHORT_0951,2.5,1,0.27362464210548876,0.405072966452946,2024-09,16,0.4997745219311155,7.996392350897848
POST-VALIDATION DIAGNOSTIC — NOT CONFIRMATORY,DEVELOPMENT,MNQ_ORB_V01_CAND_002,EXECUTED_TRADE,2024-09-25T00:00:00,2024-09-25_20m_PRINT_LONG_0955,-1.0,1,0.27362464210548876,0.405072966452946,2024-09,16,0.4997745219311155,7.996392350897848
POST-VALIDATION DIAGNOSTIC — NOT CONFIRMATORY,DEVELOPMENT,MNQ_ORB_V01_CAND_002,EXECUTED_TRADE,2024-09-26T00:00:00,2024-09-26_20m_PRINT_SHORT_1006,1.327433628318584,1,0.35120576304944157,0.3716216390193178,2024-09,16,0.4997745219311155,7.996392350897848
POST-VALIDATION DIAGNOSTIC — NOT CONFIRMATORY,DEVELOPMENT,MNQ_ORB_V01_CAND_002,EXECUTED_TRADE,2024-09-27T00:00:00,2024-09-27_20m_PRINT_SHORT_1013,2.054794520547945,1,0.4530322470677064,0.3698603865731338,2024-09,16,0.4997745219311155,7.996392350897848
POST-VALIDATION DIAGNOSTIC — NOT CONFIRMATORY,DEVELOPMENT,MNQ_ORB_V01_CAND_002,EXECUTED_TRADE,2024-09-30T00:00:00,2024-09-30_20m_PRINT_SHORT_1010,-1.0,1,0.4530322470677064,0.31414610085884803,2024-09,16,0.4997745219311155,7.996392350897848
POST-VALIDATION DIAGNOSTIC — NOT CONFIRMATORY,DEVELOPMENT,MNQ_ORB_V01_CAND_002,EXECUTED_TRADE,2024-10-01T00:00:00,2024-10-01_20m_PRINT_SHORT_0951,0.6329113924050633,1,0.5074626268145418,0.29087618499437445,2024-10,23,0.3154030653482428,7.254270503009585
POST-VALIDATION DIAGNOSTIC — NOT CONFIRMATORY,DEVELOPMENT,MNQ_ORB_V01_CAND_002,EXECUTED_TRADE,2024-10-02T00:00:00,2024-10-02_20m_PRINT_LONG_1004,1.1235955056179776,1,0.5068929966469281,0.273348095106734,2024-10,23,0.3154030653482428,7.254270503009585
POST-VALIDATION DIAGNOSTIC — NOT CONFIRMATORY,DEVELOPMENT,MNQ_ORB_V01_CAND_002,EXECUTED_TRADE,2024-10-03T00:00:00,2024-10-03_20m_PRINT_LONG_0954,1.345291479820628,1,0.4846219520145509,0.32025392470314656,2024-10,23,0.3154030653482428,7.254270503009585
POST-VALIDATION DIAGNOSTIC — NOT CONFIRMATORY,DEVELOPMENT,MNQ_ORB_V01_CAND_002,EXECUTED_TRADE,2024-10-04T00:00:00,2024-10-04_20m_PRINT_SHORT_0952,2.803738317757009,1,0.6114132292731179,0.35505209531360593,2024-10,23,0.3154030653482428,7.254270503009585
POST-VALIDATION DIAGNOSTIC — NOT CONFIRMATORY,DEVELOPMENT,MNQ_ORB_V01_CAND_002,EXECUTED_TRADE,2024-10-07T00:00:00,2024-10-07_20m_PRINT_SHORT_0954,-1.0,1,0.6114132292731179,0.35505209531360593,2024-10,23,0.3154030653482428,7.254270503009585
POST-VALIDATION DIAGNOSTIC — NOT CONFIRMATORY,DEVELOPMENT,MNQ_ORB_V01_CAND_002,EXECUTED_TRADE,2024-10-08T00:00:00,2024-10-08_20m_PRINT_LONG_0953,3.260869565217391,1,0.7534422147803642,0.44026948661795373,2024-10,23,0.3154030653482428,7.254270503009585
POST-VALIDATION DIAGNOSTIC — NOT CONFIRMATORY,DEVELOPMENT,MNQ_ORB_V01_CAND_002,EXECUTED_TRADE,2024-10-09T00:00:00,2024-10-09_20m_PRINT_LONG_1008,2.459016393442623,1,0.8687427612284517,0.46706175478531364,2024-10,23,0.3154030653482428,7.254270503009585
POST-VALIDATION DIAGNOSTIC — NOT CONFIRMATORY,DEVELOPMENT,MNQ_ORB_V01_CAND_002,EXECUTED_TRADE,2024-10-10T00:00:00,2024-10-10_20m_PRINT_SHORT_0951,-1.0,1,0.8687427612284517,0.4223703967606223,2024-10,23,0.3154030653482428,7.254270503009585
POST-VALIDATION DIAGNOSTIC — NOT CONFIRMATORY,DEVELOPMENT,MNQ_ORB_V01_CAND_002,EXECUTED_TRADE,2024-10-11T00:00:00,2024-10-11_20m_PRINT_LONG_0952,-1.0,1,0.7492025313433943,0.4223703967606223,2024-10,23,0.3154030653482428,7.254270503009585
POST-VALIDATION DIAGNOSTIC — NOT CONFIRMATORY,DEVELOPMENT,MNQ_ORB_V01_CAND_002,EXECUTED_TRADE,2024-10-14T00:00:00,2024-10-14_20m_PRINT_LONG_0951,-1.0,1,0.653369198010061,0.4223703967606223,2024-10,23,0.3154030653482428,7.254270503009585
POST-VALIDATION DIAGNOSTIC — NOT CONFIRMATORY,DEVELOPMENT,MNQ_ORB_V01_CAND_002,EXECUTED_TRADE,2024-10-15T00:00:00,2024-10-15_20m_PRINT_SHORT_1011,2.803738317757009,1,0.6955450906532433,0.44473729794722316,2024-10,23,0.3154030653482428,7.254270503009585
POST-VALIDATION DIAGNOSTIC — NOT CONFIRMATORY,DEVELOPMENT,MNQ_ORB_V01_CAND_002,EXECUTED_TRADE,2024-10-16T00:00:00,2024-10-16_20m_PRINT_SHORT_0951,-1.0,1,0.6169628885416294,0.39518064770091776,2024-10,23,0.3154030653482428,7.254270503009585
POST-VALIDATION DIAGNOSTIC — NOT CONFIRMATORY,DEVELOPMENT,MNQ_ORB_V01_CAND_002,EXECUTED_TRADE,2024-10-17T00:00:00,2024-10-17_20m_PRINT_SHORT_1002,-1.0,1,0.6169628885416294,0.39518064770091776,2024-10,23,0.3154030653482428,7.254270503009585
POST-VALIDATION DIAGNOSTIC — NOT CONFIRMATORY,DEVELOPMENT,MNQ_ORB_V01_CAND_002,EXECUTED_TRADE,2024-10-18T00:00:00,2024-10-18_20m_PRINT_LONG_1009,-1.0,1,0.5141851107638515,0.36151322173280837,2024-10,23,0.3154030653482428,7.254270503009585
POST-VALIDATION DIAGNOSTIC — NOT CONFIRMATORY,DEVELOPMENT,MNQ_ORB_V01_CAND_002,EXECUTED_TRADE,2024-10-21T00:00:00,2024-10-21_20m_PRINT_LONG_0954,-1.0,1,0.5141851107638515,0.33452021473980137,2024-10,23,0.3154030653482428,7.254270503009585
POST-VALIDATION DIAGNOSTIC — NOT CONFIRMATORY,DEVELOPMENT,MNQ_ORB_V01_CAND_002,EXECUTED_TRADE,2024-10-22T00:00:00,2024-10-22_20m_PRINT_LONG_1007,1.3574660633484164,1,0.5197514398595925,0.3475518889479462,2024-10,23,0.3154030653482428,7.254270503009585
POST-VALIDATION DIAGNOSTIC — NOT CONFIRMATORY,DEVELOPMENT,MNQ_ORB_V01_CAND_002,EXECUTED_TRADE,2024-10-23T00:00:00,2024-10-23_20m_PRINT_SHORT_1002,-1.0,1,0.5197514398595924,0.3475518889479462,2024-10,23,0.3154030653482428,7.254270503009585
POST-VALIDATION DIAGNOSTIC — NOT CONFIRMATORY,DEVELOPMENT,MNQ_ORB_V01_CAND_002,EXECUTED_TRADE,2024-10-24T00:00:00,2024-10-24_20m_PRINT_LONG_1003,-1.0,1,0.4541600420101301,0.3475518889479462,2024-10,23,0.3154030653482428,7.254270503009585
POST-VALIDATION DIAGNOSTIC — NOT CONFIRMATORY,DEVELOPMENT,MNQ_ORB_V01_CAND_002,EXECUTED_TRADE,2024-10-25T00:00:00,2024-10-25_20m_PRINT_LONG_0953,1.1111111111111112,1,0.4663214571566199,0.3897741111701684,2024-10,23,0.3154030653482428,7.254270503009585
POST-VALIDATION DIAGNOSTIC — NOT CONFIRMATORY,DEVELOPMENT,MNQ_ORB_V01_CAND_002,EXECUTED_TRADE,2024-10-28T00:00:00,2024-10-28_20m_PRINT_SHORT_0951,-1.0,1,0.3615595523947151,0.3897741111701684,2024-10,23,0.3154030653482428,7.254270503009585
POST-VALIDATION DIAGNOSTIC — NOT CONFIRMATORY,DEVELOPMENT,MNQ_ORB_V01_CAND_002,EXECUTED_TRADE,2024-10-29T00:00:00,2024-10-29_20m_PRINT_LONG_1001,1.5873015873015872,1,0.44780293863810133,0.4415201429162002,2024-10,23,0.3154030653482428,7.254270503009585
POST-VALIDATION DIAGNOSTIC — NOT CONFIRMATORY,DEVELOPMENT,MNQ_ORB_V01_CAND_002,EXECUTED_TRADE,2024-10-30T00:00:00,2024-10-30_20m_PRINT_LONG_1010,-1.0,1,0.3741470246596067,0.3987064547032724,2024-10,23,0.3154030653482428,7.254270503009585
POST-VALIDATION DIAGNOSTIC — NOT CONFIRMATORY,DEVELOPMENT,MNQ_ORB_V01_CAND_002,EXECUTED_TRADE,2024-10-31T00:00:00,2024-10-31_20m_PRINT_SHORT_0951,0.7692307692307693,1,0.4331213836339657,0.3738226137120489,2024-10,23,0.3154030653482428,7.254270503009585
POST-VALIDATION DIAGNOSTIC — NOT CONFIRMATORY,DEVELOPMENT,MNQ_ORB_V01_CAND_002,EXECUTED_TRADE,2024-11-01T00:00:00,2024-11-01_20m_PRINT_LONG_0953,1.3953488372093024,1,0.38439491630284717,0.4217295904562349,2024-11,21,0.2818538657046027,5.918931179796656
POST-VALIDATION DIAGNOSTIC — NOT CONFIRMATORY,DEVELOPMENT,MNQ_ORB_V01_CAND_002,EXECUTED_TRADE,2024-11-04T00:00:00,2024-11-04_20m_PRINT_LONG_1001,1.1673151750972763,1,0.4566387554727564,0.46507589395818044,2024-11,21,0.2818538657046027,5.918931179796656
POST-VALIDATION DIAGNOSTIC — NOT CONFIRMATORY,DEVELOPMENT,MNQ_ORB_V01_CAND_002,EXECUTED_TRADE,2024-11-05T00:00:00,2024-11-05_20m_PRINT_LONG_0951,1.408450704225352,1,0.42025377894693483,0.5132449080426875,2024-11,21,0.2818538657046027,5.918931179796656
POST-VALIDATION DIAGNOSTIC — NOT CONFIRMATORY,DEVELOPMENT,MNQ_ORB_V01_CAND_002,EXECUTED_TRADE,2024-11-06T00:00:00,2024-11-06_20m_PRINT_SHORT_0951,-1.0,1,0.42025377894693483,0.5132449080426875,2024-11,21,0.2818538657046027,5.918931179796656
POST-VALIDATION DIAGNOSTIC — NOT CONFIRMATORY,DEVELOPMENT,MNQ_ORB_V01_CAND_002,EXECUTED_TRADE,2024-11-07T00:00:00,2024-11-07_20m_PRINT_LONG_0957,1.7142857142857142,1,0.43314884847917245,0.5675306223284018,2024-11,21,0.2818538657046027,5.918931179796656
POST-VALIDATION DIAGNOSTIC — NOT CONFIRMATORY,DEVELOPMENT,MNQ_ORB_V01_CAND_002,EXECUTED_TRADE,2024-11-08T00:00:00,2024-11-08_20m_PRINT_SHORT_1007,-1.0,1,0.3313223644609076,0.4958064843973673,2024-11,21,0.2818538657046027,5.918931179796656
POST-VALIDATION DIAGNOSTIC — NOT CONFIRMATORY,DEVELOPMENT,MNQ_ORB_V01_CAND_002,EXECUTED_TRADE,2024-11-11T00:00:00,2024-11-11_20m_PRINT_SHORT_0951,-1.0,1,0.3313223644609076,0.43830648439736725,2024-11,21,0.2818538657046027,5.918931179796656
POST-VALIDATION DIAGNOSTIC — NOT CONFIRMATORY,DEVELOPMENT,MNQ_ORB_V01_CAND_002,EXECUTED_TRADE,2024-11-12T00:00:00,2024-11-12_20m_PRINT_LONG_0953,-1.0,1,0.27689198471407217,0.3875372536281365,2024-11,21,0.2818538657046027,5.918931179796656
POST-VALIDATION DIAGNOSTIC — NOT CONFIRMATORY,DEVELOPMENT,MNQ_ORB_V01_CAND_002,EXECUTED_TRADE,2024-11-13T00:00:00,2024-11-13_20m_PRINT_SHORT_0951,-1.0,1,0.20610546786013959,0.34038793236116816,2024-11,21,0.2818538657046027,5.918931179796656
POST-VALIDATION DIAGNOSTIC — NOT CONFIRMATORY,DEVELOPMENT,MNQ_ORB_V01_CAND_002,EXECUTED_TRADE,2024-11-14T00:00:00,2024-11-14_20m_PRINT_SHORT_1020,-1.0,1,0.12792908519945204,0.34038793236116816,2024-11,21,0.2818538657046027,5.918931179796656
POST-VALIDATION DIAGNOSTIC — NOT CONFIRMATORY,DEVELOPMENT,MNQ_ORB_V01_CAND_002,EXECUTED_TRADE,2024-11-15T00:00:00,2024-11-15_20m_PRINT_SHORT_0959,1.7241379310344829,1,0.09194240564203447,0.3332040243151912,2024-11,21,0.2818538657046027,5.918931179796656
POST-VALIDATION DIAGNOSTIC — NOT CONFIRMATORY,DEVELOPMENT,MNQ_ORB_V01_CAND_002,EXECUTED_TRADE,2024-11-18T00:00:00,2024-11-18_20m_PRINT_SHORT_0951,-1.0,1,0.09194240564203447,0.3332040243151912,2024-11,21,0.2818538657046027,5.918931179796656
POST-VALIDATION DIAGNOSTIC — NOT CONFIRMATORY,DEVELOPMENT,MNQ_ORB_V01_CAND_002,EXECUTED_TRADE,2024-11-19T00:00:00,2024-11-19_20m_PRINT_LONG_1030,1.8867924528301887,1,0.04613983522912772,0.3471303495622711,2024-11,21,0.2818538657046027,5.918931179796656
POST-VALIDATION DIAGNOSTIC — NOT CONFIRMATORY,DEVELOPMENT,MNQ_ORB_V01_CAND_002,EXECUTED_TRADE,2024-11-20T00:00:00,2024-11-20_20m_PRINT_SHORT_0951,1.25,1,0.0058392887810402895,0.3921303495622711,2024-11,21,0.2818538657046027,5.918931179796656
POST-VALIDATION DIAGNOSTIC — NOT CONFIRMATORY,DEVELOPMENT,MNQ_ORB_V01_CAND_002,EXECUTED_TRADE,2024-11-21T00:00:00,2024-11-21_20m_PRINT_SHORT_1002,0.5376344086021505,1,0.05709376906777864,0.3835281990246367,2024-11,21,0.2818538657046027,5.918931179796656
POST-VALIDATION DIAGNOSTIC — NOT CONFIRMATORY,DEVELOPMENT,MNQ_ORB_V01_CAND_002,EXECUTED_TRADE,2024-11-22T00:00:00,2024-11-22_20m_PRINT_SHORT_1011,-1.0,1,0.057093769067778646,0.3486028258903084,2024-11,21,0.2818538657046027,5.918931179796656
POST-VALIDATION DIAGNOSTIC — NOT CONFIRMATORY,DEVELOPMENT,MNQ_ORB_V01_CAND_002,EXECUTED_TRADE,2024-11-25T00:00:00,2024-11-25_20m_PRINT_SHORT_0953,1.2,1,0.130427102401112,0.32974568303316554,2024-11,21,0.2818538657046027,5.918931179796656
POST-VALIDATION DIAGNOSTIC — NOT CONFIRMATORY,DEVELOPMENT,MNQ_ORB_V01_CAND_002,EXECUTED_TRADE,2024-11-26T00:00:00,2024-11-26_20m_PRINT_LONG_0951,-1.0,1,0.0036358251425450054,0.32974568303316554,2024-11,21,0.2818538657046027,5.918931179796656
POST-VALIDATION DIAGNOSTIC — NOT CONFIRMATORY,DEVELOPMENT,MNQ_ORB_V01_CAND_002,EXECUTED_TRADE,2024-11-27T00:00:00,2024-11-27_20m_PRINT_SHORT_0954,1.7241379310344829,1,0.09444042284369443,0.3400348932667584,2024-11,21,0.2818538657046027,5.918931179796656
POST-VALIDATION DIAGNOSTIC — NOT CONFIRMATORY,DEVELOPMENT,MNQ_ORB_V01_CAND_002,EXECUTED_TRADE,2024-11-28T00:00:00,2024-11-28_20m_PRINT_LONG_0954,-1.0,1,0.09444042284369443,0.3400348932667584,2024-11,21,0.2818538657046027,5.918931179796656
POST-VALIDATION DIAGNOSTIC — NOT CONFIRMATORY,DEVELOPMENT,MNQ_ORB_V01_CAND_002,EXECUTED_TRADE,2024-11-29T00:00:00,2024-11-29_20m_PRINT_LONG_0952,1.910828025477707,1,0.19146802369295132,0.32110859663345537,2024-11,21,0.2818538657046027,5.918931179796656
POST-VALIDATION DIAGNOSTIC — NOT CONFIRMATORY,DEVELOPMENT,MNQ_ORB_V01_CAND_002,EXECUTED_TRADE,2024-12-02T00:00:00,2024-12-02_20m_PRINT_LONG_0951,1.2195121951219512,1,0.2654517635303497,0.3654988405358944,2024-12,17,0.0057535124835147375,0.09780971221975054
POST-VALIDATION DIAGNOSTIC — NOT CONFIRMATORY,DEVELOPMENT,MNQ_ORB_V01_CAND_002,EXECUTED_TRADE,2024-12-03T00:00:00,2024-12-03_20m_PRINT_LONG_0953,-1.0,1,0.1868695614187358,0.2954988405358944,2024-12,17,0.0057535124835147375,0.09780971221975054
POST-VALIDATION DIAGNOSTIC — NOT CONFIRMATORY,DEVELOPMENT,MNQ_ORB_V01_CAND_002,EXECUTED_TRADE,2024-12-04T00:00:00,2024-12-04_20m_PRINT_LONG_0956,-1.0,1,0.1868695614187358,0.2954988405358944,2024-12,17,0.0057535124835147375,0.09780971221975054
POST-VALIDATION DIAGNOSTIC — NOT CONFIRMATORY,DEVELOPMENT,MNQ_ORB_V01_CAND_002,EXECUTED_TRADE,2024-12-05T00:00:00,2024-12-05_20m_PRINT_SHORT_0951,-1.0,1,0.1868695614187358,0.24895016796952277,2024-12,17,0.0057535124835147375,0.09780971221975054
POST-VALIDATION DIAGNOSTIC — NOT CONFIRMATORY,DEVELOPMENT,MNQ_ORB_V01_CAND_002,EXECUTED_TRADE,2024-12-06T00:00:00,2024-12-06_20m_PRINT_LONG_0951,1.116591928251121,1,0.18705225532340283,0.23018611612358625,2024-12,17,0.0057535124835147375,0.09780971221975054
POST-VALIDATION DIAGNOSTIC — NOT CONFIRMATORY,DEVELOPMENT,MNQ_ORB_V01_CAND_002,EXECUTED_TRADE,2024-12-09T00:00:00,2024-12-09_20m_PRINT_LONG_0951,-1.0,1,0.18705225532340283,0.23018611612358625,2024-12,17,0.0057535124835147375,0.09780971221975054
POST-VALIDATION DIAGNOSTIC — NOT CONFIRMATORY,DEVELOPMENT,MNQ_ORB_V01_CAND_002,EXECUTED_TRADE,2024-12-10T00:00:00,2024-12-10_20m_PRINT_LONG_1008,-1.0,1,0.1008088690800166,0.197527888275485,2024-12,17,0.0057535124835147375,0.09780971221975054
POST-VALIDATION DIAGNOSTIC — NOT CONFIRMATORY,DEVELOPMENT,MNQ_ORB_V01_CAND_002,EXECUTED_TRADE,2024-12-11T00:00:00,2024-12-11_20m_PRINT_LONG_0951,1.4354066985645932,1,0.18198909236550304,0.20376411213441734,2024-12,17,0.0057535124835147375,0.09780971221975054
POST-VALIDATION DIAGNOSTIC — NOT CONFIRMATORY,DEVELOPMENT,MNQ_ORB_V01_CAND_002,EXECUTED_TRADE,2024-12-12T00:00:00,2024-12-12_20m_PRINT_SHORT_1003,-1.0,1,0.12301473339114406,0.15685828253800474,2024-12,17,0.0057535124835147375,0.09780971221975054
POST-VALIDATION DIAGNOSTIC — NOT CONFIRMATORY,DEVELOPMENT,MNQ_ORB_V01_CAND_002,EXECUTED_TRADE,2024-12-13T00:00:00,2024-12-13_20m_PRINT_SHORT_1041,1.271186440677966,1,0.1188759868400995,0.1262072449964239,2024-12,17,0.0057535124835147375,0.09780971221975054
POST-VALIDATION DIAGNOSTIC — NOT CONFIRMATORY,DEVELOPMENT,MNQ_ORB_V01_CAND_002,EXECUTED_TRADE,2024-12-20T00:00:00,2024-12-20_20m_PRINT_SHORT_0951,-1.0,1,0.04663214767019029,0.12620724499642388,2024-12,17,0.0057535124835147375,0.09780971221975054
POST-VALIDATION DIAGNOSTIC — NOT CONFIRMATORY,DEVELOPMENT,MNQ_ORB_V01_CAND_002,EXECUTED_TRADE,2024-12-23T00:00:00,2024-12-23_20m_PRINT_SHORT_0951,-1.0,1,-0.03364954247065477,0.04098985369207608,2024-12,17,0.0057535124835147375,0.09780971221975054
POST-VALIDATION DIAGNOSTIC — NOT CONFIRMATORY,DEVELOPMENT,MNQ_ORB_V01_CAND_002,EXECUTED_TRADE,2024-12-24T00:00:00,2024-12-24_20m_PRINT_LONG_0953,1.7341040462427746,1,0.05748725907077105,0.026491606748079103,2024-12,17,0.0057535124835147375,0.09780971221975054
POST-VALIDATION DIAGNOSTIC — NOT CONFIRMATORY,DEVELOPMENT,MNQ_ORB_V01_CAND_002,EXECUTED_TRADE,2024-12-26T00:00:00,2024-12-26_20m_PRINT_SHORT_0951,2.5210084033613445,1,0.08437801537329206,0.09691177481530598,2024-12,17,0.0057535124835147375,0.09780971221975054
POST-VALIDATION DIAGNOSTIC — NOT CONFIRMATORY,DEVELOPMENT,MNQ_ORB_V01_CAND_002,EXECUTED_TRADE,2024-12-27T00:00:00,2024-12-27_20m_PRINT_SHORT_1001,0.8,1,0.14437801537329206,0.132911774815306,2024-12,17,0.0057535124835147375,0.09780971221975054
POST-VALIDATION DIAGNOSTIC — NOT CONFIRMATORY,DEVELOPMENT,MNQ_ORB_V01_CAND_002,EXECUTED_TRADE,2024-12-30T00:00:00,2024-12-30_20m_PRINT_SHORT_0958,-1.0,1,0.14437801537329206,0.132911774815306,2024-12,17,0.0057535124835147375,0.09780971221975054
POST-VALIDATION DIAGNOSTIC — NOT CONFIRMATORY,DEVELOPMENT,MNQ_ORB_V01_CAND_002,EXECUTED_TRADE,2024-12-31T00:00:00,2024-12-31_20m_PRINT_SHORT_1008,-1.0,1,0.14437801537329206,0.05683700846016581,2024-12,17,0.0057535124835147375,0.09780971221975054
POST-VALIDATION DIAGNOSTIC — NOT CONFIRMATORY,DEVELOPMENT,MNQ_ORB_V01_CAND_002,EXECUTED_TRADE,2025-01-02T00:00:00,2025-01-02_20m_PRINT_LONG_0955,-1.0,1,0.14437801537329206,0.05683700846016581,2025-01,21,0.09666742620785389,2.0300159503649318
POST-VALIDATION DIAGNOSTIC — NOT CONFIRMATORY,DEVELOPMENT,MNQ_ORB_V01_CAND_002,EXECUTED_TRADE,2025-01-03T00:00:00,2025-01-03_20m_PRINT_LONG_1006,-1.0,1,0.14437801537329206,0.05683700846016581,2025-01,21,0.09666742620785389,2.0300159503649318
POST-VALIDATION DIAGNOSTIC — NOT CONFIRMATORY,DEVELOPMENT,MNQ_ORB_V01_CAND_002,EXECUTED_TRADE,2025-01-06T00:00:00,2025-01-06_20m_PRINT_LONG_0951,-1.0,1,0.05357341767214263,0.05683700846016581,2025-01,21,0.09666742620785389,2.0300159503649318
POST-VALIDATION DIAGNOSTIC — NOT CONFIRMATORY,DEVELOPMENT,MNQ_ORB_V01_CAND_002,EXECUTED_TRADE,2025-01-07T00:00:00,2025-01-07_20m_PRINT_SHORT_1001,1.345291479820628,1,0.13174980033283024,0.10374283805657836,2025-01,21,0.09666742620785389,2.0300159503649318
POST-VALIDATION DIAGNOSTIC — NOT CONFIRMATORY,DEVELOPMENT,MNQ_ORB_V01_CAND_002,EXECUTED_TRADE,2025-01-08T00:00:00,2025-01-08_20m_PRINT_SHORT_0954,-1.0,1,0.035523385238490614,0.05659351678961004,2025-01,21,0.09666742620785389,2.0300159503649318
POST-VALIDATION DIAGNOSTIC — NOT CONFIRMATORY,DEVELOPMENT,MNQ_ORB_V01_CAND_002,EXECUTED_TRADE,2025-01-10T00:00:00,2025-01-10_20m_PRINT_SHORT_1001,0.8,1,0.020523385238490614,0.09259351678961003,2025-01,21,0.09666742620785389,2.0300159503649318
POST-VALIDATION DIAGNOSTIC — NOT CONFIRMATORY,DEVELOPMENT,MNQ_ORB_V01_CAND_002,EXECUTED_TRADE,2025-01-13T00:00:00,2025-01-13_20m_PRINT_LONG_0954,-1.0,1,-0.030731095048247736,0.09259351678961003,2025-01,21,0.09666742620785389,2.0300159503649318
POST-VALIDATION DIAGNOSTIC — NOT CONFIRMATORY,DEVELOPMENT,MNQ_ORB_V01_CAND_002,EXECUTED_TRADE,2025-01-14T00:00:00,2025-01-14_20m_PRINT_SHORT_0954,-1.0,1,-0.030731095048247736,0.05037129456738782,2025-01,21,0.09666742620785389,2.0300159503649318
POST-VALIDATION DIAGNOSTIC — NOT CONFIRMATORY,DEVELOPMENT,MNQ_ORB_V01_CAND_002,EXECUTED_TRADE,2025-01-15T00:00:00,2025-01-15_20m_PRINT_LONG_0951,-1.0,1,-0.10406442838158106,0.05037129456738782,2025-01,21,0.09666742620785389,2.0300159503649318
POST-VALIDATION DIAGNOSTIC — NOT CONFIRMATORY,DEVELOPMENT,MNQ_ORB_V01_CAND_002,EXECUTED_TRADE,2025-01-16T00:00:00,2025-01-16_20m_PRINT_SHORT_1001,-1.0,1,-0.10406442838158106,-0.0013747371786439278,2025-01,21,0.09666742620785389,2.0300159503649318
POST-VALIDATION DIAGNOSTIC — NOT CONFIRMATORY,DEVELOPMENT,MNQ_ORB_V01_CAND_002,EXECUTED_TRADE,2025-01-17T00:00:00,2025-01-17_20m_PRINT_SHORT_1000,-1.0,1,-0.1948690260827305,-0.0013747371786439278,2025-01,21,0.09666742620785389,2.0300159503649318
POST-VALIDATION DIAGNOSTIC — NOT CONFIRMATORY,DEVELOPMENT,MNQ_ORB_V01_CAND_002,EXECUTED_TRADE,2025-01-20T00:00:00,2025-01-20_20m_PRINT_SHORT_1012,2.238805970149253,1,-0.0869088270777554,0.02801676683972575,2025-01,21,0.09666742620785389,2.0300159503649318
POST-VALIDATION DIAGNOSTIC — NOT CONFIRMATORY,DEVELOPMENT,MNQ_ORB_V01_CAND_002,EXECUTED_TRADE,2025-01-21T00:00:00,2025-01-21_20m_PRINT_SHORT_0955,-1.0,1,-0.18393642792701229,-0.019890209904460297,2025-01,21,0.09666742620785389,2.0300159503649318
POST-VALIDATION DIAGNOSTIC — NOT CONFIRMATORY,DEVELOPMENT,MNQ_ORB_V01_CAND_002,EXECUTED_TRADE,2025-01-22T00:00:00,2025-01-22_20m_PRINT_LONG_0951,1.7647058823529411,1,-0.16576330501931263,-0.007942395759347,2025-01,21,0.09666742620785389,2.0300159503649318
POST-VALIDATION DIAGNOSTIC — NOT CONFIRMATORY,DEVELOPMENT,MNQ_ORB_V01_CAND_002,EXECUTED_TRADE,2025-01-23T00:00:00,2025-01-23_20m_PRINT_LONG_1035,2.8846153846153846,1,-0.03627612553213315,0.02158089784845365,2025-01,21,0.09666742620785389,2.0300159503649318
POST-VALIDATION DIAGNOSTIC — NOT CONFIRMATORY,DEVELOPMENT,MNQ_ORB_V01_CAND_002,EXECUTED_TRADE,2025-01-24T00:00:00,2025-01-24_20m_PRINT_LONG_0954,-1.0,1,-0.03627612553213314,0.02158089784845365,2025-01,21,0.09666742620785389,2.0300159503649318
POST-VALIDATION DIAGNOSTIC — NOT CONFIRMATORY,DEVELOPMENT,MNQ_ORB_V01_CAND_002,EXECUTED_TRADE,2025-01-27T00:00:00,2025-01-27_20m_PRINT_LONG_0955,0.6928406466512702,1,0.020151896022909194,0.001151996495764771,2025-01,21,0.09666742620785389,2.0300159503649318
POST-VALIDATION DIAGNOSTIC — NOT CONFIRMATORY,DEVELOPMENT,MNQ_ORB_V01_CAND_002,EXECUTED_TRADE,2025-01-28T00:00:00,2025-01-28_20m_PRINT_LONG_1002,0.9433962264150944,1,0.014378705961708309,0.04001992102406666,2025-01,21,0.09666742620785389,2.0300159503649318
POST-VALIDATION DIAGNOSTIC — NOT CONFIRMATORY,DEVELOPMENT,MNQ_ORB_V01_CAND_002,EXECUTED_TRADE,2025-01-29T00:00:00,2025-01-29_20m_PRINT_SHORT_1027,1.3333333333333333,1,0.09215648373948608,0.08668658769073331,2025-01,21,0.09666742620785389,2.0300159503649318
POST-VALIDATION DIAGNOSTIC — NOT CONFIRMATORY,DEVELOPMENT,MNQ_ORB_V01_CAND_002,EXECUTED_TRADE,2025-01-30T00:00:00,2025-01-30_20m_PRINT_LONG_0951,-1.0,1,0.09215648373948608,0.08668658769073331,2025-01,21,0.09666742620785389,2.0300159503649318
POST-VALIDATION DIAGNOSTIC — NOT CONFIRMATORY,DEVELOPMENT,MNQ_ORB_V01_CAND_002,EXECUTED_TRADE,2025-01-31T00:00:00,2025-01-31_20m_PRINT_LONG_0953,2.027027027027027,1,0.11187716135490054,0.14722712823127387,2025-01,21,0.09666742620785389,2.0300159503649318
POST-VALIDATION DIAGNOSTIC — NOT CONFIRMATORY,DEVELOPMENT,MNQ_ORB_V01_CAND_002,EXECUTED_TRADE,2025-02-03T00:00:00,2025-02-03_20m_PRINT_SHORT_0954,-1.0,1,0.11187716135490054,0.14722712823127387,2025-02,20,0.23065075241577393,4.613015048315479
POST-VALIDATION DIAGNOSTIC — NOT CONFIRMATORY,DEVELOPMENT,MNQ_ORB_V01_CAND_002,EXECUTED_TRADE,2025-02-04T00:00:00,2025-02-04_20m_PRINT_LONG_0951,1.2658227848101269,1,0.11169837282597257,0.13806082530678673,2025-02,20,0.23065075241577393,4.613015048315479
POST-VALIDATION DIAGNOSTIC — NOT CONFIRMATORY,DEVELOPMENT,MNQ_ORB_V01_CAND_002,EXECUTED_TRADE,2025-02-05T00:00:00,2025-02-05_20m_PRINT_LONG_1001,-1.0,1,0.11169837282597257,0.13806082530678673,2025-02,20,0.23065075241577393,4.613015048315479
POST-VALIDATION DIAGNOSTIC — NOT CONFIRMATORY,DEVELOPMENT,MNQ_ORB_V01_CAND_002,EXECUTED_TRADE,2025-02-06T00:00:00,2025-02-06_20m_PRINT_LONG_0953,-1.0,1,0.11169837282597257,0.08032497625018298,2025-02,20,0.23065075241577393,4.613015048315479
POST-VALIDATION DIAGNOSTIC — NOT CONFIRMATORY,DEVELOPMENT,MNQ_ORB_V01_CAND_002,EXECUTED_TRADE,2025-02-07T00:00:00,2025-02-07_20m_PRINT_SHORT_1001,1.5228426395939083,1,0.10465632593767703,0.08578182904206115,2025-02,20,0.23065075241577393,4.613015048315479
POST-VALIDATION DIAGNOSTIC — NOT CONFIRMATORY,DEVELOPMENT,MNQ_ORB_V01_CAND_002,EXECUTED_TRADE,2025-02-10T00:00:00,2025-02-10_20m_PRINT_LONG_1002,2.255639097744361,1,0.09581068241711091,0.12014192282490534,2025-02,20,0.23065075241577393,4.613015048315479
POST-VALIDATION DIAGNOSTIC — NOT CONFIRMATORY,DEVELOPMENT,MNQ_ORB_V01_CAND_002,EXECUTED_TRADE,2025-02-11T00:00:00,2025-02-11_20m_PRINT_LONG_0953,-1.0,1,0.03581068241711091,0.12014192282490534,2025-02,20,0.23065075241577393,4.613015048315479
POST-VALIDATION DIAGNOSTIC — NOT CONFIRMATORY,DEVELOPMENT,MNQ_ORB_V01_CAND_002,EXECUTED_TRADE,2025-02-12T00:00:00,2025-02-12_20m_PRINT_LONG_0952,-1.0,1,0.03581068241711091,0.07614192282490535,2025-02,20,0.23065075241577393,4.613015048315479
POST-VALIDATION DIAGNOSTIC — NOT CONFIRMATORY,DEVELOPMENT,MNQ_ORB_V01_CAND_002,EXECUTED_TRADE,2025-02-13T00:00:00,2025-02-13_20m_PRINT_LONG_1003,-1.0,1,0.03581068241711091,0.07614192282490535,2025-02,20,0.23065075241577393,4.613015048315479
POST-VALIDATION DIAGNOSTIC — NOT CONFIRMATORY,DEVELOPMENT,MNQ_ORB_V01_CAND_002,EXECUTED_TRADE,2025-02-14T00:00:00,2025-02-14_20m_PRINT_LONG_0952,-1.0,1,0.03581068241711091,0.021659164204215688,2025-02,20,0.23065075241577393,4.613015048315479
POST-VALIDATION DIAGNOSTIC — NOT CONFIRMATORY,DEVELOPMENT,MNQ_ORB_V01_CAND_002,EXECUTED_TRADE,2025-02-17T00:00:00,2025-02-17_20m_PRINT_LONG_1103,-0.27,1,0.060144015750444244,0.03625916420421569,2025-02,20,0.23065075241577393,4.613015048315479
POST-VALIDATION DIAGNOSTIC — NOT CONFIRMATORY,DEVELOPMENT,MNQ_ORB_V01_CAND_002,EXECUTED_TRADE,2025-02-18T00:00:00,2025-02-18_20m_PRINT_SHORT_0951,-1.0,1,0.06014401575044423,-0.021957396305338456,2025-02,20,0.23065075241577393,4.613015048315479
POST-VALIDATION DIAGNOSTIC — NOT CONFIRMATORY,DEVELOPMENT,MNQ_ORB_V01_CAND_002,EXECUTED_TRADE,2025-02-19T00:00:00,2025-02-19_20m_PRINT_SHORT_1003,-1.0,1,-0.01803236691024336,-0.06634764020777748,2025-02,20,0.23065075241577393,4.613015048315479
POST-VALIDATION DIAGNOSTIC — NOT CONFIRMATORY,DEVELOPMENT,MNQ_ORB_V01_CAND_002,EXECUTED_TRADE,2025-02-20T00:00:00,2025-02-20_20m_PRINT_SHORT_0951,1.60427807486631,1,0.06877690225196696,-0.014262078710451282,2025-02,20,0.23065075241577393,4.613015048315479
POST-VALIDATION DIAGNOSTIC — NOT CONFIRMATORY,DEVELOPMENT,MNQ_ORB_V01_CAND_002,EXECUTED_TRADE,2025-02-21T00:00:00,2025-02-21_20m_PRINT_SHORT_0951,1.639344262295082,1,0.09675504432846971,0.03852480653545036,2025-02,20,0.23065075241577393,4.613015048315479
POST-VALIDATION DIAGNOSTIC — NOT CONFIRMATORY,DEVELOPMENT,MNQ_ORB_V01_CAND_002,EXECUTED_TRADE,2025-02-24T00:00:00,2025-02-24_20m_PRINT_SHORT_0951,1.1538461538461535,1,0.1685499161233415,0.08160172961237343,2025-02,20,0.23065075241577393,4.613015048315479
POST-VALIDATION DIAGNOSTIC — NOT CONFIRMATORY,DEVELOPMENT,MNQ_ORB_V01_CAND_002,EXECUTED_TRADE,2025-02-25T00:00:00,2025-02-25_20m_PRINT_SHORT_0951,1.25,1,0.24354991612334148,0.08426989104735101,2025-02,20,0.23065075241577393,4.613015048315479
POST-VALIDATION DIAGNOSTIC — NOT CONFIRMATORY,DEVELOPMENT,MNQ_ORB_V01_CAND_002,EXECUTED_TRADE,2025-02-26T00:00:00,2025-02-26_20m_PRINT_LONG_0951,1.6853932584269662,1,0.3330630247375737,0.1379777562158903,2025-02,20,0.23065075241577393,4.613015048315479
POST-VALIDATION DIAGNOSTIC — NOT CONFIRMATORY,DEVELOPMENT,MNQ_ORB_V01_CAND_002,EXECUTED_TRADE,2025-02-27T00:00:00,2025-02-27_20m_PRINT_SHORT_0951,0.6928406466512702,1,0.38949104629261605,0.1718345691489157,2025-02,20,0.23065075241577393,4.613015048315479
POST-VALIDATION DIAGNOSTIC — NOT CONFIRMATORY,DEVELOPMENT,MNQ_ORB_V01_CAND_002,EXECUTED_TRADE,2025-02-28T00:00:00,2025-02-28_20m_PRINT_LONG_1003,0.8130081300813008,1,0.4499246506286594,0.1593865977792499,2025-02,20,0.23065075241577393,4.613015048315479
POST-VALIDATION DIAGNOSTIC — NOT CONFIRMATORY,DEVELOPMENT,MNQ_ORB_V01_CAND_002,EXECUTED_TRADE,2025-03-03T00:00:00,2025-03-03_20m_PRINT_SHORT_0951,0.7792207792207793,1,0.40127181093104364,0.19497101336366549,2025-03,17,0.3154660407131083,5.362922692122841
POST-VALIDATION DIAGNOSTIC — NOT CONFIRMATORY,DEVELOPMENT,MNQ_ORB_V01_CAND_002,EXECUTED_TRADE,2025-03-04T00:00:00,2025-03-04_20m_PRINT_SHORT_1000,0.8746355685131195,1,0.46375966321481427,0.18703999592036855,2025-03,17,0.3154660407131083,5.362922692122841
POST-VALIDATION DIAGNOSTIC — NOT CONFIRMATORY,DEVELOPMENT,MNQ_ORB_V01_CAND_002,EXECUTED_TRADE,2025-03-05T00:00:00,2025-03-05_20m_PRINT_SHORT_0957,-1.0,1,0.3716028004697162,0.18703999592036855,2025-03,17,0.3154660407131083,5.362922692122841
POST-VALIDATION DIAGNOSTIC — NOT CONFIRMATORY,DEVELOPMENT,MNQ_ORB_V01_CAND_002,EXECUTED_TRADE,2025-03-06T00:00:00,2025-03-06_20m_PRINT_LONG_0951,-1.0,1,0.2421156209825367,0.18703999592036855,2025-03,17,0.3154660407131083,5.362922692122841
POST-VALIDATION DIAGNOSTIC — NOT CONFIRMATORY,DEVELOPMENT,MNQ_ORB_V01_CAND_002,EXECUTED_TRADE,2025-03-07T00:00:00,2025-03-07_20m_PRINT_LONG_0953,-1.0,1,0.2421156209825367,0.13235791499551305,2025-03,17,0.3154660407131083,5.362922692122841
POST-VALIDATION DIAGNOSTIC — NOT CONFIRMATORY,DEVELOPMENT,MNQ_ORB_V01_CAND_002,EXECUTED_TRADE,2025-03-10T00:00:00,2025-03-10_20m_PRINT_SHORT_0953,1.310043668122271,1,0.2626890550315701,0.10813862029073158,2025-03,17,0.3154660407131083,5.362922692122841
POST-VALIDATION DIAGNOSTIC — NOT CONFIRMATORY,DEVELOPMENT,MNQ_ORB_V01_CAND_002,EXECUTED_TRADE,2025-03-11T00:00:00,2025-03-11_20m_PRINT_LONG_0951,-1.0,1,0.19790918081773362,0.07213862029073159,2025-03,17,0.3154660407131083,5.362922692122841
POST-VALIDATION DIAGNOSTIC — NOT CONFIRMATORY,DEVELOPMENT,MNQ_ORB_V01_CAND_002,EXECUTED_TRADE,2025-03-12T00:00:00,2025-03-12_20m_PRINT_SHORT_0956,-1.0,1,0.12013140303995584,0.07213862029073159,2025-03,17,0.3154660407131083,5.362922692122841
POST-VALIDATION DIAGNOSTIC — NOT CONFIRMATORY,DEVELOPMENT,MNQ_ORB_V01_CAND_002,EXECUTED_TRADE,2025-03-13T00:00:00,2025-03-13_20m_PRINT_SHORT_0951,1.2552301255230125,1,0.19530574055738958,0.11724322280119184,2025-03,17,0.3154660407131083,5.362922692122841
POST-VALIDATION DIAGNOSTIC — NOT CONFIRMATORY,DEVELOPMENT,MNQ_ORB_V01_CAND_002,EXECUTED_TRADE,2025-03-14T00:00:00,2025-03-14_20m_PRINT_LONG_0951,-1.0,1,0.09440483965648867,0.11724322280119184,2025-03,17,0.3154660407131083,5.362922692122841
POST-VALIDATION DIAGNOSTIC — NOT CONFIRMATORY,DEVELOPMENT,MNQ_ORB_V01_CAND_002,EXECUTED_TRADE,2025-03-21T00:00:00,2025-03-21_20m_PRINT_LONG_0951,1.351351351351351,1,0.17278321803486704,0.16427024982821883,2025-03,17,0.3154660407131083,5.362922692122841
POST-VALIDATION DIAGNOSTIC — NOT CONFIRMATORY,DEVELOPMENT,MNQ_ORB_V01_CAND_002,EXECUTED_TRADE,2025-03-24T00:00:00,2025-03-24_20m_PRINT_LONG_0951,1.7142857142857142,1,0.18773198235071994,0.21855596411393313,2025-03,17,0.3154660407131083,5.362922692122841
POST-VALIDATION DIAGNOSTIC — NOT CONFIRMATORY,DEVELOPMENT,MNQ_ORB_V01_CAND_002,EXECUTED_TRADE,2025-03-25T00:00:00,2025-03-25_20m_PRINT_LONG_1001,-1.0,1,0.18773198235071994,0.1716501345175206,2025-03,17,0.3154660407131083,5.362922692122841
POST-VALIDATION DIAGNOSTIC — NOT CONFIRMATORY,DEVELOPMENT,MNQ_ORB_V01_CAND_002,EXECUTED_TRADE,2025-03-26T00:00:00,2025-03-26_20m_PRINT_SHORT_0951,1.7751479289940828,1,0.28023691331718936,0.22715309309740225,2025-03,17,0.3154660407131083,5.362922692122841
POST-VALIDATION DIAGNOSTIC — NOT CONFIRMATORY,DEVELOPMENT,MNQ_ORB_V01_CAND_002,EXECUTED_TRADE,2025-03-27T00:00:00,2025-03-27_20m_PRINT_LONG_0955,1.1363636363636365,1,0.2673542798761803,0.23388036582467497,2025-03,17,0.3154660407131083,5.362922692122841
POST-VALIDATION DIAGNOSTIC — NOT CONFIRMATORY,DEVELOPMENT,MNQ_ORB_V01_CAND_002,EXECUTED_TRADE,2025-03-28T00:00:00,2025-03-28_20m_PRINT_SHORT_1001,1.4705882352941178,1,0.24118591779450554,0.2832921305305573,2025-03,17,0.3154660407131083,5.362922692122841
POST-VALIDATION DIAGNOSTIC — NOT CONFIRMATORY,DEVELOPMENT,MNQ_ORB_V01_CAND_002,EXECUTED_TRADE,2025-03-31T00:00:00,2025-03-31_20m_PRINT_LONG_1123,0.6960556844547564,1,0.2977211072763308,0.31721324421965247,2025-03,17,0.3154660407131083,5.362922692122841
POST-VALIDATION DIAGNOSTIC — NOT CONFIRMATORY,DEVELOPMENT,MNQ_ORB_V01_CAND_002,EXECUTED_TRADE,2025-04-01T00:00:00,2025-04-01_20m_PRINT_SHORT_1008,1.2096774193548387,1,0.3713770212548254,0.3614067926067491,2025-04,21,0.2807712887948351,5.8961970646915365
POST-VALIDATION DIAGNOSTIC — NOT CONFIRMATORY,DEVELOPMENT,MNQ_ORB_V01_CAND_002,EXECUTED_TRADE,2025-04-02T00:00:00,2025-04-02_20m_PRINT_LONG_0951,0.5905511811023622,1,0.42439539395823744,0.3932178162287964,2025-04,21,0.2807712887948351,5.8961970646915365
POST-VALIDATION DIAGNOSTIC — NOT CONFIRMATORY,DEVELOPMENT,MNQ_ORB_V01_CAND_002,EXECUTED_TRADE,2025-04-03T00:00:00,2025-04-03_20m_PRINT_SHORT_1005,0.9174311926605504,1,0.4883097670469224,0.43156644008200745,2025-04,21,0.2807712887948351,5.8961970646915365
POST-VALIDATION DIAGNOSTIC — NOT CONFIRMATORY,DEVELOPMENT,MNQ_ORB_V01_CAND_002,EXECUTED_TRADE,2025-04-04T00:00:00,2025-04-04_20m_PRINT_SHORT_1013,0.6147540983606558,1,0.517801570325611,0.39908540264623554,2025-04,21,0.2807712887948351,5.8961970646915365
POST-VALIDATION DIAGNOSTIC — NOT CONFIRMATORY,DEVELOPMENT,MNQ_ORB_V01_CAND_002,EXECUTED_TRADE,2025-04-07T00:00:00,2025-04-07_20m_PRINT_LONG_0951,0.4878048780487805,1,0.5673950662605703,0.4288415002072112,2025-04,21,0.2807712887948351,5.8961970646915365
POST-VALIDATION DIAGNOSTIC — NOT CONFIRMATORY,DEVELOPMENT,MNQ_ORB_V01_CAND_002,EXECUTED_TRADE,2025-04-08T00:00:00,2025-04-08_20m_PRINT_LONG_0954,0.977198697068404,1,0.6333016894961838,0.41309135650152035,2025-04,21,0.2807712887948351,5.8961970646915365
POST-VALIDATION DIAGNOSTIC — NOT CONFIRMATORY,DEVELOPMENT,MNQ_ORB_V01_CAND_002,EXECUTED_TRADE,2025-04-09T00:00:00,2025-04-09_20m_PRINT_LONG_1001,-1.0,1,0.5464924203339734,0.3353990488092127,2025-04,21,0.2807712887948351,5.8961970646915365
POST-VALIDATION DIAGNOSTIC — NOT CONFIRMATORY,DEVELOPMENT,MNQ_ORB_V01_CAND_002,EXECUTED_TRADE,2025-04-10T00:00:00,2025-04-10_20m_PRINT_SHORT_0959,0.7792207792207793,1,0.5178216375648301,0.3709834643936283,2025-04,21,0.2807712887948351,5.8961970646915365
POST-VALIDATION DIAGNOSTIC — NOT CONFIRMATORY,DEVELOPMENT,MNQ_ORB_V01_CAND_002,EXECUTED_TRADE,2025-04-11T00:00:00,2025-04-11_20m_PRINT_LONG_0955,-1.0,1,0.4460267657699583,0.3371266514606029,2025-04,21,0.2807712887948351,5.8961970646915365
POST-VALIDATION DIAGNOSTIC — NOT CONFIRMATORY,DEVELOPMENT,MNQ_ORB_V01_CAND_002,EXECUTED_TRADE,2025-04-14T00:00:00,2025-04-14_20m_PRINT_SHORT_1128,0.5586592178770949,1,0.4229820730325281,0.3294319112898429,2025-04,21,0.2807712887948351,5.8961970646915365
POST-VALIDATION DIAGNOSTIC — NOT CONFIRMATORY,DEVELOPMENT,MNQ_ORB_V01_CAND_002,EXECUTED_TRADE,2025-04-15T00:00:00,2025-04-15_20m_PRINT_LONG_0952,-1.0,1,0.33346896441829593,0.28276524462317626,2025-04,21,0.2807712887948351,5.8961970646915365
POST-VALIDATION DIAGNOSTIC — NOT CONFIRMATORY,DEVELOPMENT,MNQ_ORB_V01_CAND_002,EXECUTED_TRADE,2025-04-16T00:00:00,2025-04-16_20m_PRINT_SHORT_0952,-1.0,1,0.2770409428632536,0.28276524462317626,2025-04,21,0.2807712887948351,5.8961970646915365
POST-VALIDATION DIAGNOSTIC — NOT CONFIRMATORY,DEVELOPMENT,MNQ_ORB_V01_CAND_002,EXECUTED_TRADE,2025-04-17T00:00:00,2025-04-17_20m_PRINT_SHORT_1020,1.1235955056179776,1,0.28739385538114276,0.26469661419499524,2025-04,21,0.2807712887948351,5.8961970646915365
POST-VALIDATION DIAGNOSTIC — NOT CONFIRMATORY,DEVELOPMENT,MNQ_ORB_V01_CAND_002,EXECUTED_TRADE,2025-04-21T00:00:00,2025-04-21_20m_PRINT_SHORT_0955,1.2875536480686696,1,0.30433828434273913,0.3104476871563686,2025-04,21,0.2807712887948351,5.8961970646915365
POST-VALIDATION DIAGNOSTIC — NOT CONFIRMATORY,DEVELOPMENT,MNQ_ORB_V01_CAND_002,EXECUTED_TRADE,2025-04-22T00:00:00,2025-04-22_20m_PRINT_LONG_1000,1.0135135135135136,1,0.3089675491760856,0.30540150173043634,2025-04,21,0.2807712887948351,5.8961970646915365
POST-VALIDATION DIAGNOSTIC — NOT CONFIRMATORY,DEVELOPMENT,MNQ_ORB_V01_CAND_002,EXECUTED_TRADE,2025-04-23T00:00:00,2025-04-23_20m_PRINT_LONG_0952,-1.0,1,0.30896754917608565,0.30540150173043634,2025-04,21,0.2807712887948351,5.8961970646915365
POST-VALIDATION DIAGNOSTIC — NOT CONFIRMATORY,DEVELOPMENT,MNQ_ORB_V01_CAND_002,EXECUTED_TRADE,2025-04-24T00:00:00,2025-04-24_20m_PRINT_LONG_0951,1.0452961672473868,1,0.37714408808433186,0.3463074250753841,2025-04,21,0.2807712887948351,5.8961970646915365
POST-VALIDATION DIAGNOSTIC — NOT CONFIRMATORY,DEVELOPMENT,MNQ_ORB_V01_CAND_002,EXECUTED_TRADE,2025-04-25T00:00:00,2025-04-25_20m_PRINT_SHORT_0952,-1.0,1,0.37714408808433186,0.2958505722835059,2025-04,21,0.2807712887948351,5.8961970646915365
POST-VALIDATION DIAGNOSTIC — NOT CONFIRMATORY,DEVELOPMENT,MNQ_ORB_V01_CAND_002,EXECUTED_TRADE,2025-04-28T00:00:00,2025-04-28_20m_PRINT_SHORT_0959,1.0714285714285714,1,0.36919025152787516,0.2721663617571901,2025-04,21,0.2807712887948351,5.8961970646915365
POST-VALIDATION DIAGNOSTIC — NOT CONFIRMATORY,DEVELOPMENT,MNQ_ORB_V01_CAND_002,EXECUTED_TRADE,2025-04-29T00:00:00,2025-04-29_20m_PRINT_LONG_0951,1.2195121951219512,1,0.4431739913652735,0.3165566056596292,2025-04,21,0.2807712887948351,5.8961970646915365
POST-VALIDATION DIAGNOSTIC — NOT CONFIRMATORY,DEVELOPMENT,MNQ_ORB_V01_CAND_002,EXECUTED_TRADE,2025-04-30T00:00:00,2025-04-30_20m_PRINT_SHORT_0957,-1.0,1,0.4431739913652735,0.3165566056596292,2025-04,21,0.2807712887948351,5.8961970646915365
POST-VALIDATION DIAGNOSTIC — NOT CONFIRMATORY,DEVELOPMENT,MNQ_ORB_V01_CAND_002,EXECUTED_TRADE,2025-05-01T00:00:00,2025-05-01_20m_PRINT_LONG_0952,-1.0,1,0.36799965384783984,0.3165566056596292,2025-05,22,-0.035433941596879806,-0.7795467151313558
POST-VALIDATION DIAGNOSTIC — NOT CONFIRMATORY,DEVELOPMENT,MNQ_ORB_V01_CAND_002,EXECUTED_TRADE,2025-05-02T00:00:00,2025-05-02_20m_PRINT_LONG_1004,1.6304347826086956,1,0.45568081326812965,0.3691653013118031,2025-05,22,-0.035433941596879806,-0.7795467151313558
POST-VALIDATION DIAGNOSTIC — NOT CONFIRMATORY,DEVELOPMENT,MNQ_ORB_V01_CAND_002,EXECUTED_TRADE,2025-05-05T00:00:00,2025-05-05_20m_PRINT_LONG_0958,-1.0,1,0.3773024348897513,0.3545653013118031,2025-05,22,-0.035433941596879806,-0.7795467151313558
POST-VALIDATION DIAGNOSTIC — NOT CONFIRMATORY,DEVELOPMENT,MNQ_ORB_V01_CAND_002,EXECUTED_TRADE,2025-05-06T00:00:00,2025-05-06_20m_PRINT_SHORT_0952,-1.0,1,0.2868262444135608,0.3545653013118031,2025-05,22,-0.035433941596879806,-0.7795467151313558
POST-VALIDATION DIAGNOSTIC — NOT CONFIRMATORY,DEVELOPMENT,MNQ_ORB_V01_CAND_002,EXECUTED_TRADE,2025-05-07T00:00:00,2025-05-07_20m_PRINT_LONG_0958,-1.0,1,0.2868262444135608,0.3545653013118031,2025-05,22,-0.035433941596879806,-0.7795467151313558
POST-VALIDATION DIAGNOSTIC — NOT CONFIRMATORY,DEVELOPMENT,MNQ_ORB_V01_CAND_002,EXECUTED_TRADE,2025-05-08T00:00:00,2025-05-08_20m_PRINT_SHORT_1009,1.3215859030837005,1,0.2717075102165481,0.34891145787615085,2025-05,22,-0.035433941596879806,-0.7795467151313558
POST-VALIDATION DIAGNOSTIC — NOT CONFIRMATORY,DEVELOPMENT,MNQ_ORB_V01_CAND_002,EXECUTED_TRADE,2025-05-09T00:00:00,2025-05-09_20m_PRINT_SHORT_0953,-1.0,1,0.20049538900442684,0.2961245726302492,2025-05,22,-0.035433941596879806,-0.7795467151313558
POST-VALIDATION DIAGNOSTIC — NOT CONFIRMATORY,DEVELOPMENT,MNQ_ORB_V01_CAND_002,EXECUTED_TRADE,2025-05-12T00:00:00,2025-05-12_20m_PRINT_SHORT_1029,-1.0,1,0.11814244782795624,0.25304764955332615,2025-05,22,-0.035433941596879806,-0.7795467151313558
POST-VALIDATION DIAGNOSTIC — NOT CONFIRMATORY,DEVELOPMENT,MNQ_ORB_V01_CAND_002,EXECUTED_TRADE,2025-05-13T00:00:00,2025-05-13_20m_PRINT_LONG_0951,1.4018691588785046,1,0.1416695636420812,0.2560850327308962,2025-05,22,-0.035433941596879806,-0.7795467151313558
POST-VALIDATION DIAGNOSTIC — NOT CONFIRMATORY,DEVELOPMENT,MNQ_ORB_V01_CAND_002,EXECUTED_TRADE,2025-05-14T00:00:00,2025-05-14_20m_PRINT_SHORT_0957,-1.0,1,0.06801364966358658,0.2023771675623569,2025-05,22,-0.035433941596879806,-0.7795467151313558
POST-VALIDATION DIAGNOSTIC — NOT CONFIRMATORY,DEVELOPMENT,MNQ_ORB_V01_CAND_002,EXECUTED_TRADE,2025-05-15T00:00:00,2025-05-15_20m_PRINT_LONG_1002,-1.0,1,0.014995276960174508,0.16852035462933151,2025-05,22,-0.035433941596879806,-0.7795467151313558
POST-VALIDATION DIAGNOSTIC — NOT CONFIRMATORY,DEVELOPMENT,MNQ_ORB_V01_CAND_002,EXECUTED_TRADE,2025-05-16T00:00:00,2025-05-16_20m_PRINT_SHORT_1035,-1.0,1,-0.04891909612851051,0.1322601920277055,2025-05,22,-0.035433941596879806,-0.7795467151313558
POST-VALIDATION DIAGNOSTIC — NOT CONFIRMATORY,DEVELOPMENT,MNQ_ORB_V01_CAND_002,EXECUTED_TRADE,2025-05-19T00:00:00,2025-05-19_20m_PRINT_LONG_1002,0.8645533141210374,1,-0.04059245560316445,0.1339668427257107,2025-05,22,-0.035433941596879806,-0.7795467151313558
POST-VALIDATION DIAGNOSTIC — NOT CONFIRMATORY,DEVELOPMENT,MNQ_ORB_V01_CAND_002,EXECUTED_TRADE,2025-05-20T00:00:00,2025-05-20_20m_PRINT_SHORT_0952,-1.0,1,-0.0901859515381238,0.09647413135544829,2025-05,22,-0.035433941596879806,-0.7795467151313558
POST-VALIDATION DIAGNOSTIC — NOT CONFIRMATORY,DEVELOPMENT,MNQ_ORB_V01_CAND_002,EXECUTED_TRADE,2025-05-21T00:00:00,2025-05-21_20m_PRINT_LONG_0951,1.408450704225352,1,-0.07581088463289219,0.14464314543995532,2025-05,22,-0.035433941596879806,-0.7795467151313558
POST-VALIDATION DIAGNOSTIC — NOT CONFIRMATORY,DEVELOPMENT,MNQ_ORB_V01_CAND_002,EXECUTED_TRADE,2025-05-22T00:00:00,2025-05-22_20m_PRINT_LONG_0953,1.4218009478672986,1,0.004915813629351088,0.19307916439730133,2025-05,22,-0.035433941596879806,-0.7795467151313558
POST-VALIDATION DIAGNOSTIC — NOT CONFIRMATORY,DEVELOPMENT,MNQ_ORB_V01_CAND_002,EXECUTED_TRADE,2025-05-23T00:00:00,2025-05-23_20m_PRINT_LONG_1013,-1.0,1,-0.05439154567800822,0.19307916439730127,2025-05,22,-0.035433941596879806,-0.7795467151313558
POST-VALIDATION DIAGNOSTIC — NOT CONFIRMATORY,DEVELOPMENT,MNQ_ORB_V01_CAND_002,EXECUTED_TRADE,2025-05-26T00:00:00,2025-05-26_20m_PRINT_SHORT_1022,-1.0,1,-0.05439154567800822,0.14687829103485586,2025-05,22,-0.035433941596879806,-0.7795467151313558
POST-VALIDATION DIAGNOSTIC — NOT CONFIRMATORY,DEVELOPMENT,MNQ_ORB_V01_CAND_002,EXECUTED_TRADE,2025-05-27T00:00:00,2025-05-27_20m_PRINT_LONG_0956,1.6483516483516485,1,-0.01806846466218977,0.1998453240018888,2025-05,22,-0.035433941596879806,-0.7795467151313558
POST-VALIDATION DIAGNOSTIC — NOT CONFIRMATORY,DEVELOPMENT,MNQ_ORB_V01_CAND_002,EXECUTED_TRADE,2025-05-28T00:00:00,2025-05-28_20m_PRINT_SHORT_0951,1.744186046511628,1,0.07340440355486448,0.2547290449321214,2025-05,22,-0.035433941596879806,-0.7795467151313558
POST-VALIDATION DIAGNOSTIC — NOT CONFIRMATORY,DEVELOPMENT,MNQ_ORB_V01_CAND_002,EXECUTED_TRADE,2025-05-29T00:00:00,2025-05-29_20m_PRINT_SHORT_0951,0.7792207792207793,1,0.1327117628622238,0.24520885800607675,2025-05,22,-0.035433941596879806,-0.7795467151313558
POST-VALIDATION DIAGNOSTIC — NOT CONFIRMATORY,DEVELOPMENT,MNQ_ORB_V01_CAND_002,EXECUTED_TRADE,2025-05-30T00:00:00,2025-05-30_20m_PRINT_SHORT_0951,-1.0,1,0.06192524600829121,0.24520885800607675,2025-05,22,-0.035433941596879806,-0.7795467151313558
POST-VALIDATION DIAGNOSTIC — NOT CONFIRMATORY,DEVELOPMENT,MNQ_ORB_V01_CAND_002,EXECUTED_TRADE,2025-06-02T00:00:00,2025-06-02_20m_PRINT_SHORT_1001,-1.0,1,-0.014326542260664439,0.19818183097904973,2025-06,17,0.29482662811365257,5.012052677932093
POST-VALIDATION DIAGNOSTIC — NOT CONFIRMATORY,DEVELOPMENT,MNQ_ORB_V01_CAND_002,EXECUTED_TRADE,2025-06-03T00:00:00,2025-06-03_20m_PRINT_LONG_0958,1.6853932584269662,1,0.008069449236450647,0.19760398186187478,2025-06,17,0.29482662811365257,5.012052677932093
POST-VALIDATION DIAGNOSTIC — NOT CONFIRMATORY,DEVELOPMENT,MNQ_ORB_V01_CAND_002,EXECUTED_TRADE,2025-06-04T00:00:00,2025-06-04_20m_PRINT_SHORT_1001,1.948051948051948,1,0.10633784750484891,0.2565650208229137,2025-06,17,0.29482662811365257,5.012052677932093
POST-VALIDATION DIAGNOSTIC — NOT CONFIRMATORY,DEVELOPMENT,MNQ_ORB_V01_CAND_002,EXECUTED_TRADE,2025-06-05T00:00:00,2025-06-05_20m_PRINT_LONG_1043,1.0135135135135136,1,0.10527842571371981,0.24133233251330236,2025-06,17,0.29482662811365257,5.012052677932093
POST-VALIDATION DIAGNOSTIC — NOT CONFIRMATORY,DEVELOPMENT,MNQ_ORB_V01_CAND_002,EXECUTED_TRADE,2025-06-06T00:00:00,2025-06-06_20m_PRINT_SHORT_1033,-1.0,1,0.1052784257137198,0.19860505978602963,2025-06,17,0.29482662811365257,5.012052677932093
POST-VALIDATION DIAGNOSTIC — NOT CONFIRMATORY,DEVELOPMENT,MNQ_ORB_V01_CAND_002,EXECUTED_TRADE,2025-06-09T00:00:00,2025-06-09_20m_PRINT_LONG_0953,2.3255813953488373,1,0.14708351984439533,0.21570492298712401,2025-06,17,0.29482662811365257,5.012052677932093
POST-VALIDATION DIAGNOSTIC — NOT CONFIRMATORY,DEVELOPMENT,MNQ_ORB_V01_CAND_002,EXECUTED_TRADE,2025-06-10T00:00:00,2025-06-10_20m_PRINT_LONG_0953,-1.0,1,0.07309978000699696,0.18178380929802893,2025-06,17,0.29482662811365257,5.012052677932093
POST-VALIDATION DIAGNOSTIC — NOT CONFIRMATORY,DEVELOPMENT,MNQ_ORB_V01_CAND_002,EXECUTED_TRADE,2025-06-11T00:00:00,2025-06-11_20m_PRINT_LONG_1023,-1.0,1,0.07309978000699698,0.1375902609109321,2025-06,17,0.29482662811365257,5.012052677932093
POST-VALIDATION DIAGNOSTIC — NOT CONFIRMATORY,DEVELOPMENT,MNQ_ORB_V01_CAND_002,EXECUTED_TRADE,2025-06-12T00:00:00,2025-06-12_20m_PRINT_LONG_0951,-1.0,1,0.07309978000699698,0.10577923728888486,2025-06,17,0.29482662811365257,5.012052677932093
POST-VALIDATION DIAGNOSTIC — NOT CONFIRMATORY,DEVELOPMENT,MNQ_ORB_V01_CAND_002,EXECUTED_TRADE,2025-06-13T00:00:00,2025-06-13_20m_PRINT_LONG_0952,-1.0,1,-0.014581379413292886,0.06743061343567386,2025-06,17,0.29482662811365257,5.012052677932093
POST-VALIDATION DIAGNOSTIC — NOT CONFIRMATORY,DEVELOPMENT,MNQ_ORB_V01_CAND_002,EXECUTED_TRADE,2025-06-20T00:00:00,2025-06-20_20m_PRINT_SHORT_0953,1.6483516483516485,1,0.07369700886509539,0.0881025644354937,2025-06,17,0.29482662811365257,5.012052677932093
POST-VALIDATION DIAGNOSTIC — NOT CONFIRMATORY,DEVELOPMENT,MNQ_ORB_V01_CAND_002,EXECUTED_TRADE,2025-06-23T00:00:00,2025-06-23_20m_PRINT_LONG_0954,0.9554140127388536,1,0.13887747595639052,0.09745474712929518,2025-06,17,0.29482662811365257,5.012052677932093
POST-VALIDATION DIAGNOSTIC — NOT CONFIRMATORY,DEVELOPMENT,MNQ_ORB_V01_CAND_002,EXECUTED_TRADE,2025-06-24T00:00:00,2025-06-24_20m_PRINT_LONG_1042,2.054794520547945,1,0.24070395997465532,0.119006663598886,2025-06,17,0.29482662811365257,5.012052677932093
POST-VALIDATION DIAGNOSTIC — NOT CONFIRMATORY,DEVELOPMENT,MNQ_ORB_V01_CAND_002,EXECUTED_TRADE,2025-06-25T00:00:00,2025-06-25_20m_PRINT_SHORT_0951,-1.0,1,0.16331776320519864,0.119006663598886,2025-06,17,0.29482662811365257,5.012052677932093
POST-VALIDATION DIAGNOSTIC — NOT CONFIRMATORY,DEVELOPMENT,MNQ_ORB_V01_CAND_002,EXECUTED_TRADE,2025-06-26T00:00:00,2025-06-26_20m_PRINT_SHORT_0951,-1.0,1,0.16331776320519864,0.08342224801447042,2025-06,17,0.29482662811365257,5.012052677932093
POST-VALIDATION DIAGNOSTIC — NOT CONFIRMATORY,DEVELOPMENT,MNQ_ORB_V01_CAND_002,EXECUTED_TRADE,2025-06-27T00:00:00,2025-06-27_20m_PRINT_LONG_0954,2.380952380952381,1,0.2760161759036113,0.15104129563351804,2025-06,17,0.29482662811365257,5.012052677932093
POST-VALIDATION DIAGNOSTIC — NOT CONFIRMATORY,DEVELOPMENT,MNQ_ORB_V01_CAND_002,EXECUTED_TRADE,2025-06-30T00:00:00,2025-06-30_20m_PRINT_SHORT_0952,-1.0,1,0.1959538706076612,0.11986811127597612,2025-06,17,0.29482662811365257,5.012052677932093
POST-VALIDATION DIAGNOSTIC — NOT CONFIRMATORY,DEVELOPMENT,MNQ_ORB_V01_CAND_003,EXECUTED_TRADE,2024-06-21T00:00:00,2024-06-21_30m_PRINT_LONG_1120,-1.0,1,,,2024-06,6,-0.041666666666666664,-0.25
POST-VALIDATION DIAGNOSTIC — NOT CONFIRMATORY,DEVELOPMENT,MNQ_ORB_V01_CAND_003,EXECUTED_TRADE,2024-06-24T00:00:00,2024-06-24_30m_PRINT_LONG_1002,-1.0,1,,,2024-06,6,-0.041666666666666664,-0.25
POST-VALIDATION DIAGNOSTIC — NOT CONFIRMATORY,DEVELOPMENT,MNQ_ORB_V01_CAND_003,EXECUTED_TRADE,2024-06-25T00:00:00,2024-06-25_30m_PRINT_LONG_1001,1.875,1,,,2024-06,6,-0.041666666666666664,-0.25
POST-VALIDATION DIAGNOSTIC — NOT CONFIRMATORY,DEVELOPMENT,MNQ_ORB_V01_CAND_003,EXECUTED_TRADE,2024-06-26T00:00:00,2024-06-26_30m_PRINT_LONG_1005,-1.0,1,,,2024-06,6,-0.041666666666666664,-0.25
POST-VALIDATION DIAGNOSTIC — NOT CONFIRMATORY,DEVELOPMENT,MNQ_ORB_V01_CAND_003,EXECUTED_TRADE,2024-06-27T00:00:00,2024-06-27_30m_PRINT_LONG_1015,-1.0,1,,,2024-06,6,-0.041666666666666664,-0.25
POST-VALIDATION DIAGNOSTIC — NOT CONFIRMATORY,DEVELOPMENT,MNQ_ORB_V01_CAND_003,EXECUTED_TRADE,2024-06-28T00:00:00,2024-06-28_30m_PRINT_LONG_1001,1.875,1,,,2024-06,6,-0.041666666666666664,-0.25
POST-VALIDATION DIAGNOSTIC — NOT CONFIRMATORY,DEVELOPMENT,MNQ_ORB_V01_CAND_003,EXECUTED_TRADE,2024-07-01T00:00:00,2024-07-01_30m_PRINT_SHORT_1013,-1.0,1,,,2024-07,20,0.6321875,12.64375
POST-VALIDATION DIAGNOSTIC — NOT CONFIRMATORY,DEVELOPMENT,MNQ_ORB_V01_CAND_003,EXECUTED_TRADE,2024-07-02T00:00:00,2024-07-02_30m_PRINT_LONG_1041,1.875,1,,,2024-07,20,0.6321875,12.64375
POST-VALIDATION DIAGNOSTIC — NOT CONFIRMATORY,DEVELOPMENT,MNQ_ORB_V01_CAND_003,EXECUTED_TRADE,2024-07-04T00:00:00,2024-07-04_30m_PRINT_SHORT_1001,0.01875,1,,,2024-07,20,0.6321875,12.64375
POST-VALIDATION DIAGNOSTIC — NOT CONFIRMATORY,DEVELOPMENT,MNQ_ORB_V01_CAND_003,EXECUTED_TRADE,2024-07-05T00:00:00,2024-07-05_30m_PRINT_LONG_1001,-1.0,1,,,2024-07,20,0.6321875,12.64375
POST-VALIDATION DIAGNOSTIC — NOT CONFIRMATORY,DEVELOPMENT,MNQ_ORB_V01_CAND_003,EXECUTED_TRADE,2024-07-08T00:00:00,2024-07-08_30m_PRINT_SHORT_1002,-1.0,1,,,2024-07,20,0.6321875,12.64375
POST-VALIDATION DIAGNOSTIC — NOT CONFIRMATORY,DEVELOPMENT,MNQ_ORB_V01_CAND_003,EXECUTED_TRADE,2024-07-09T00:00:00,2024-07-09_30m_PRINT_SHORT_1007,-1.0,1,,,2024-07,20,0.6321875,12.64375
POST-VALIDATION DIAGNOSTIC — NOT CONFIRMATORY,DEVELOPMENT,MNQ_ORB_V01_CAND_003,EXECUTED_TRADE,2024-07-10T00:00:00,2024-07-10_30m_PRINT_LONG_1006,-1.0,1,,,2024-07,20,0.6321875,12.64375
POST-VALIDATION DIAGNOSTIC — NOT CONFIRMATORY,DEVELOPMENT,MNQ_ORB_V01_CAND_003,EXECUTED_TRADE,2024-07-11T00:00:00,2024-07-11_30m_PRINT_SHORT_1010,1.875,1,,,2024-07,20,0.6321875,12.64375
POST-VALIDATION DIAGNOSTIC — NOT CONFIRMATORY,DEVELOPMENT,MNQ_ORB_V01_CAND_003,EXECUTED_TRADE,2024-07-12T00:00:00,2024-07-12_30m_PRINT_LONG_1001,1.875,1,,,2024-07,20,0.6321875,12.64375
POST-VALIDATION DIAGNOSTIC — NOT CONFIRMATORY,DEVELOPMENT,MNQ_ORB_V01_CAND_003,EXECUTED_TRADE,2024-07-15T00:00:00,2024-07-15_30m_PRINT_LONG_1005,1.875,1,,,2024-07,20,0.6321875,12.64375
POST-VALIDATION DIAGNOSTIC — NOT CONFIRMATORY,DEVELOPMENT,MNQ_ORB_V01_CAND_003,EXECUTED_TRADE,2024-07-16T00:00:00,2024-07-16_30m_PRINT_SHORT_1002,1.875,1,,,2024-07,20,0.6321875,12.64375
POST-VALIDATION DIAGNOSTIC — NOT CONFIRMATORY,DEVELOPMENT,MNQ_ORB_V01_CAND_003,EXECUTED_TRADE,2024-07-17T00:00:00,2024-07-17_30m_PRINT_SHORT_1001,1.875,1,,,2024-07,20,0.6321875,12.64375
POST-VALIDATION DIAGNOSTIC — NOT CONFIRMATORY,DEVELOPMENT,MNQ_ORB_V01_CAND_003,EXECUTED_TRADE,2024-07-18T00:00:00,2024-07-18_30m_PRINT_SHORT_1032,1.875,1,,,2024-07,20,0.6321875,12.64375
POST-VALIDATION DIAGNOSTIC — NOT CONFIRMATORY,DEVELOPMENT,MNQ_ORB_V01_CAND_003,EXECUTED_TRADE,2024-07-23T00:00:00,2024-07-23_30m_PRINT_LONG_1022,-1.0,1,,,2024-07,20,0.6321875,12.64375
POST-VALIDATION DIAGNOSTIC — NOT CONFIRMATORY,DEVELOPMENT,MNQ_ORB_V01_CAND_003,EXECUTED_TRADE,2024-07-24T00:00:00,2024-07-24_30m_PRINT_SHORT_1001,1.875,1,,,2024-07,20,0.6321875,12.64375
POST-VALIDATION DIAGNOSTIC — NOT CONFIRMATORY,DEVELOPMENT,MNQ_ORB_V01_CAND_003,EXECUTED_TRADE,2024-07-25T00:00:00,2024-07-25_30m_PRINT_SHORT_1001,1.875,1,,,2024-07,20,0.6321875,12.64375
POST-VALIDATION DIAGNOSTIC — NOT CONFIRMATORY,DEVELOPMENT,MNQ_ORB_V01_CAND_003,EXECUTED_TRADE,2024-07-26T00:00:00,2024-07-26_30m_PRINT_SHORT_1009,-1.0,1,,,2024-07,20,0.6321875,12.64375
POST-VALIDATION DIAGNOSTIC — NOT CONFIRMATORY,DEVELOPMENT,MNQ_ORB_V01_CAND_003,EXECUTED_TRADE,2024-07-29T00:00:00,2024-07-29_30m_PRINT_LONG_1001,-1.0,1,,,2024-07,20,0.6321875,12.64375
POST-VALIDATION DIAGNOSTIC — NOT CONFIRMATORY,DEVELOPMENT,MNQ_ORB_V01_CAND_003,EXECUTED_TRADE,2024-07-30T00:00:00,2024-07-30_30m_PRINT_SHORT_1002,1.875,1,,,2024-07,20,0.6321875,12.64375
POST-VALIDATION DIAGNOSTIC — NOT CONFIRMATORY,DEVELOPMENT,MNQ_ORB_V01_CAND_003,EXECUTED_TRADE,2024-07-31T00:00:00,2024-07-31_30m_PRINT_LONG_1002,1.875,1,,,2024-07,20,0.6321875,12.64375
POST-VALIDATION DIAGNOSTIC — NOT CONFIRMATORY,DEVELOPMENT,MNQ_ORB_V01_CAND_003,EXECUTED_TRADE,2024-08-01T00:00:00,2024-08-01_30m_PRINT_SHORT_1022,1.875,1,,,2024-08,20,0.29375,5.875
POST-VALIDATION DIAGNOSTIC — NOT CONFIRMATORY,DEVELOPMENT,MNQ_ORB_V01_CAND_003,EXECUTED_TRADE,2024-08-02T00:00:00,2024-08-02_30m_PRINT_SHORT_1006,1.875,1,,,2024-08,20,0.29375,5.875
POST-VALIDATION DIAGNOSTIC — NOT CONFIRMATORY,DEVELOPMENT,MNQ_ORB_V01_CAND_003,EXECUTED_TRADE,2024-08-07T00:00:00,2024-08-07_30m_PRINT_SHORT_1020,-1.0,1,,,2024-08,20,0.29375,5.875
POST-VALIDATION DIAGNOSTIC — NOT CONFIRMATORY,DEVELOPMENT,MNQ_ORB_V01_CAND_003,EXECUTED_TRADE,2024-08-08T00:00:00,2024-08-08_30m_PRINT_LONG_1003,1.875,1,0.5672916666666666,,2024-08,20,0.29375,5.875
POST-VALIDATION DIAGNOSTIC — NOT CONFIRMATORY,DEVELOPMENT,MNQ_ORB_V01_CAND_003,EXECUTED_TRADE,2024-08-09T00:00:00,2024-08-09_30m_PRINT_SHORT_1001,-1.0,1,0.5672916666666666,,2024-08,20,0.29375,5.875
POST-VALIDATION DIAGNOSTIC — NOT CONFIRMATORY,DEVELOPMENT,MNQ_ORB_V01_CAND_003,EXECUTED_TRADE,2024-08-12T00:00:00,2024-08-12_30m_PRINT_LONG_1017,1.875,1,0.6631250000000001,,2024-08,20,0.29375,5.875
POST-VALIDATION DIAGNOSTIC — NOT CONFIRMATORY,DEVELOPMENT,MNQ_ORB_V01_CAND_003,EXECUTED_TRADE,2024-08-13T00:00:00,2024-08-13_30m_PRINT_LONG_1002,-1.0,1,0.5672916666666666,,2024-08,20,0.29375,5.875
POST-VALIDATION DIAGNOSTIC — NOT CONFIRMATORY,DEVELOPMENT,MNQ_ORB_V01_CAND_003,EXECUTED_TRADE,2024-08-14T00:00:00,2024-08-14_30m_PRINT_SHORT_1011,1.875,1,0.6631250000000001,,2024-08,20,0.29375,5.875
POST-VALIDATION DIAGNOSTIC — NOT CONFIRMATORY,DEVELOPMENT,MNQ_ORB_V01_CAND_003,EXECUTED_TRADE,2024-08-15T00:00:00,2024-08-15_30m_PRINT_LONG_1001,-1.0,1,0.6631250000000001,,2024-08,20,0.29375,5.875
POST-VALIDATION DIAGNOSTIC — NOT CONFIRMATORY,DEVELOPMENT,MNQ_ORB_V01_CAND_003,EXECUTED_TRADE,2024-08-16T00:00:00,2024-08-16_30m_PRINT_LONG_1003,-1.0,1,0.5672916666666666,,2024-08,20,0.29375,5.875
POST-VALIDATION DIAGNOSTIC — NOT CONFIRMATORY,DEVELOPMENT,MNQ_ORB_V01_CAND_003,EXECUTED_TRADE,2024-08-19T00:00:00,2024-08-19_30m_PRINT_LONG_1011,-1.0,1,0.5672916666666666,,2024-08,20,0.29375,5.875
POST-VALIDATION DIAGNOSTIC — NOT CONFIRMATORY,DEVELOPMENT,MNQ_ORB_V01_CAND_003,EXECUTED_TRADE,2024-08-20T00:00:00,2024-08-20_30m_PRINT_SHORT_1018,-1.0,1,0.47145833333333337,,2024-08,20,0.29375,5.875
POST-VALIDATION DIAGNOSTIC — NOT CONFIRMATORY,DEVELOPMENT,MNQ_ORB_V01_CAND_003,EXECUTED_TRADE,2024-08-21T00:00:00,2024-08-21_30m_PRINT_LONG_1001,-1.0,1,0.4375,,2024-08,20,0.29375,5.875
POST-VALIDATION DIAGNOSTIC — NOT CONFIRMATORY,DEVELOPMENT,MNQ_ORB_V01_CAND_003,EXECUTED_TRADE,2024-08-22T00:00:00,2024-08-22_30m_PRINT_SHORT_1007,1.875,1,0.5333333333333333,,2024-08,20,0.29375,5.875
POST-VALIDATION DIAGNOSTIC — NOT CONFIRMATORY,DEVELOPMENT,MNQ_ORB_V01_CAND_003,EXECUTED_TRADE,2024-08-23T00:00:00,2024-08-23_30m_PRINT_LONG_1001,1.875,1,0.6291666666666667,,2024-08,20,0.29375,5.875
POST-VALIDATION DIAGNOSTIC — NOT CONFIRMATORY,DEVELOPMENT,MNQ_ORB_V01_CAND_003,EXECUTED_TRADE,2024-08-26T00:00:00,2024-08-26_30m_PRINT_SHORT_1002,1.875,1,0.725,,2024-08,20,0.29375,5.875
POST-VALIDATION DIAGNOSTIC — NOT CONFIRMATORY,DEVELOPMENT,MNQ_ORB_V01_CAND_003,EXECUTED_TRADE,2024-08-27T00:00:00,2024-08-27_30m_PRINT_LONG_1011,1.875,1,0.8208333333333333,,2024-08,20,0.29375,5.875
POST-VALIDATION DIAGNOSTIC — NOT CONFIRMATORY,DEVELOPMENT,MNQ_ORB_V01_CAND_003,EXECUTED_TRADE,2024-08-28T00:00:00,2024-08-28_30m_PRINT_SHORT_1001,-1.0,1,0.725,,2024-08,20,0.29375,5.875
POST-VALIDATION DIAGNOSTIC — NOT CONFIRMATORY,DEVELOPMENT,MNQ_ORB_V01_CAND_003,EXECUTED_TRADE,2024-08-29T00:00:00,2024-08-29_30m_PRINT_LONG_1001,-1.0,1,0.6291666666666667,,2024-08,20,0.29375,5.875
POST-VALIDATION DIAGNOSTIC — NOT CONFIRMATORY,DEVELOPMENT,MNQ_ORB_V01_CAND_003,EXECUTED_TRADE,2024-08-30T00:00:00,2024-08-30_30m_PRINT_LONG_1001,-1.0,1,0.5333333333333333,,2024-08,20,0.29375,5.875
POST-VALIDATION DIAGNOSTIC — NOT CONFIRMATORY,DEVELOPMENT,MNQ_ORB_V01_CAND_003,EXECUTED_TRADE,2024-09-02T00:00:00,2024-09-02_30m_PRINT_SHORT_1003,-1.0,1,0.4375,,2024-09,15,0.15,2.25
POST-VALIDATION DIAGNOSTIC — NOT CONFIRMATORY,DEVELOPMENT,MNQ_ORB_V01_CAND_003,EXECUTED_TRADE,2024-09-04T00:00:00,2024-09-04_30m_PRINT_LONG_1011,-1.0,1,0.3416666666666667,,2024-09,15,0.15,2.25
POST-VALIDATION DIAGNOSTIC — NOT CONFIRMATORY,DEVELOPMENT,MNQ_ORB_V01_CAND_003,EXECUTED_TRADE,2024-09-05T00:00:00,2024-09-05_30m_PRINT_LONG_1001,1.875,1,0.3416666666666667,,2024-09,15,0.15,2.25
POST-VALIDATION DIAGNOSTIC — NOT CONFIRMATORY,DEVELOPMENT,MNQ_ORB_V01_CAND_003,EXECUTED_TRADE,2024-09-06T00:00:00,2024-09-06_30m_PRINT_SHORT_1001,-1.0,1,0.3416666666666667,0.34287500000000004,2024-09,15,0.15,2.25
POST-VALIDATION DIAGNOSTIC — NOT CONFIRMATORY,DEVELOPMENT,MNQ_ORB_V01_CAND_003,EXECUTED_TRADE,2024-09-09T00:00:00,2024-09-09_30m_PRINT_LONG_1011,-1.0,1,0.2458333333333333,0.34287500000000004,2024-09,15,0.15,2.25
POST-VALIDATION DIAGNOSTIC — NOT CONFIRMATORY,DEVELOPMENT,MNQ_ORB_V01_CAND_003,EXECUTED_TRADE,2024-09-10T00:00:00,2024-09-10_30m_PRINT_SHORT_1014,-1.0,1,0.15,0.34287500000000004,2024-09,15,0.15,2.25
POST-VALIDATION DIAGNOSTIC — NOT CONFIRMATORY,DEVELOPMENT,MNQ_ORB_V01_CAND_003,EXECUTED_TRADE,2024-09-11T00:00:00,2024-09-11_30m_PRINT_SHORT_1001,-1.0,1,0.15,0.285375,2024-09,15,0.15,2.25
POST-VALIDATION DIAGNOSTIC — NOT CONFIRMATORY,DEVELOPMENT,MNQ_ORB_V01_CAND_003,EXECUTED_TRADE,2024-09-12T00:00:00,2024-09-12_30m_PRINT_LONG_1013,1.875,1,0.24583333333333332,0.34287500000000004,2024-09,15,0.15,2.25
POST-VALIDATION DIAGNOSTIC — NOT CONFIRMATORY,DEVELOPMENT,MNQ_ORB_V01_CAND_003,EXECUTED_TRADE,2024-09-20T00:00:00,2024-09-20_30m_PRINT_SHORT_1001,1.875,1,0.24583333333333332,0.40037500000000004,2024-09,15,0.15,2.25
POST-VALIDATION DIAGNOSTIC — NOT CONFIRMATORY,DEVELOPMENT,MNQ_ORB_V01_CAND_003,EXECUTED_TRADE,2024-09-23T00:00:00,2024-09-23_30m_PRINT_LONG_1024,-1.0,1,0.15,0.34287500000000004,2024-09,15,0.15,2.25
POST-VALIDATION DIAGNOSTIC — NOT CONFIRMATORY,DEVELOPMENT,MNQ_ORB_V01_CAND_003,EXECUTED_TRADE,2024-09-24T00:00:00,2024-09-24_30m_PRINT_SHORT_1001,1.875,1,0.15,0.40037500000000004,2024-09,15,0.15,2.25
POST-VALIDATION DIAGNOSTIC — NOT CONFIRMATORY,DEVELOPMENT,MNQ_ORB_V01_CAND_003,EXECUTED_TRADE,2024-09-25T00:00:00,2024-09-25_30m_PRINT_LONG_1001,-1.0,1,0.054166666666666675,0.34287500000000004,2024-09,15,0.15,2.25
POST-VALIDATION DIAGNOSTIC — NOT CONFIRMATORY,DEVELOPMENT,MNQ_ORB_V01_CAND_003,EXECUTED_TRADE,2024-09-26T00:00:00,2024-09-26_30m_PRINT_SHORT_1006,1.875,1,0.15,0.38,2024-09,15,0.15,2.25
POST-VALIDATION DIAGNOSTIC — NOT CONFIRMATORY,DEVELOPMENT,MNQ_ORB_V01_CAND_003,EXECUTED_TRADE,2024-09-27T00:00:00,2024-09-27_30m_PRINT_SHORT_1013,1.875,1,0.15,0.4375,2024-09,15,0.15,2.25
POST-VALIDATION DIAGNOSTIC — NOT CONFIRMATORY,DEVELOPMENT,MNQ_ORB_V01_CAND_003,EXECUTED_TRADE,2024-09-30T00:00:00,2024-09-30_30m_PRINT_SHORT_1010,-1.0,1,0.15,0.4375,2024-09,15,0.15,2.25
POST-VALIDATION DIAGNOSTIC — NOT CONFIRMATORY,DEVELOPMENT,MNQ_ORB_V01_CAND_003,EXECUTED_TRADE,2024-10-01T00:00:00,2024-10-01_30m_PRINT_SHORT_1010,1.875,1,0.15,0.495,2024-10,22,0.045454545454545456,1.0
POST-VALIDATION DIAGNOSTIC — NOT CONFIRMATORY,DEVELOPMENT,MNQ_ORB_V01_CAND_003,EXECUTED_TRADE,2024-10-02T00:00:00,2024-10-02_30m_PRINT_LONG_1004,1.875,1,0.24583333333333332,0.5525,2024-10,22,0.045454545454545456,1.0
POST-VALIDATION DIAGNOSTIC — NOT CONFIRMATORY,DEVELOPMENT,MNQ_ORB_V01_CAND_003,EXECUTED_TRADE,2024-10-03T00:00:00,2024-10-03_30m_PRINT_LONG_1001,-1.0,1,0.15,0.495,2024-10,22,0.045454545454545456,1.0
POST-VALIDATION DIAGNOSTIC — NOT CONFIRMATORY,DEVELOPMENT,MNQ_ORB_V01_CAND_003,EXECUTED_TRADE,2024-10-04T00:00:00,2024-10-04_30m_PRINT_SHORT_1001,-1.0,1,0.15,0.4375,2024-10,22,0.045454545454545456,1.0
POST-VALIDATION DIAGNOSTIC — NOT CONFIRMATORY,DEVELOPMENT,MNQ_ORB_V01_CAND_003,EXECUTED_TRADE,2024-10-07T00:00:00,2024-10-07_30m_PRINT_LONG_1017,-1.0,1,0.15,0.38,2024-10,22,0.045454545454545456,1.0
POST-VALIDATION DIAGNOSTIC — NOT CONFIRMATORY,DEVELOPMENT,MNQ_ORB_V01_CAND_003,EXECUTED_TRADE,2024-10-08T00:00:00,2024-10-08_30m_PRINT_LONG_1001,1.875,1,0.24583333333333332,0.38,2024-10,22,0.045454545454545456,1.0
POST-VALIDATION DIAGNOSTIC — NOT CONFIRMATORY,DEVELOPMENT,MNQ_ORB_V01_CAND_003,EXECUTED_TRADE,2024-10-09T00:00:00,2024-10-09_30m_PRINT_LONG_1008,1.875,1,0.3416666666666667,0.38,2024-10,22,0.045454545454545456,1.0
POST-VALIDATION DIAGNOSTIC — NOT CONFIRMATORY,DEVELOPMENT,MNQ_ORB_V01_CAND_003,EXECUTED_TRADE,2024-10-10T00:00:00,2024-10-10_30m_PRINT_LONG_1006,1.875,1,0.4375,0.38,2024-10,22,0.045454545454545456,1.0
POST-VALIDATION DIAGNOSTIC — NOT CONFIRMATORY,DEVELOPMENT,MNQ_ORB_V01_CAND_003,EXECUTED_TRADE,2024-10-11T00:00:00,2024-10-11_30m_PRINT_LONG_1003,1.875,1,0.4375,0.4375,2024-10,22,0.045454545454545456,1.0
POST-VALIDATION DIAGNOSTIC — NOT CONFIRMATORY,DEVELOPMENT,MNQ_ORB_V01_CAND_003,EXECUTED_TRADE,2024-10-14T00:00:00,2024-10-14_30m_PRINT_LONG_1001,-1.0,1,0.3416666666666667,0.38,2024-10,22,0.045454545454545456,1.0
POST-VALIDATION DIAGNOSTIC — NOT CONFIRMATORY,DEVELOPMENT,MNQ_ORB_V01_CAND_003,EXECUTED_TRADE,2024-10-15T00:00:00,2024-10-15_30m_PRINT_SHORT_1011,1.875,1,0.3416666666666667,0.38,2024-10,22,0.045454545454545456,1.0
POST-VALIDATION DIAGNOSTIC — NOT CONFIRMATORY,DEVELOPMENT,MNQ_ORB_V01_CAND_003,EXECUTED_TRADE,2024-10-16T00:00:00,2024-10-16_30m_PRINT_SHORT_1001,-1.0,1,0.24583333333333332,0.38,2024-10,22,0.045454545454545456,1.0
POST-VALIDATION DIAGNOSTIC — NOT CONFIRMATORY,DEVELOPMENT,MNQ_ORB_V01_CAND_003,EXECUTED_TRADE,2024-10-17T00:00:00,2024-10-17_30m_PRINT_SHORT_1002,-1.0,1,0.24583333333333332,0.38,2024-10,22,0.045454545454545456,1.0
POST-VALIDATION DIAGNOSTIC — NOT CONFIRMATORY,DEVELOPMENT,MNQ_ORB_V01_CAND_003,EXECUTED_TRADE,2024-10-18T00:00:00,2024-10-18_30m_PRINT_LONG_1009,-1.0,1,0.24583333333333332,0.3225,2024-10,22,0.045454545454545456,1.0
POST-VALIDATION DIAGNOSTIC — NOT CONFIRMATORY,DEVELOPMENT,MNQ_ORB_V01_CAND_003,EXECUTED_TRADE,2024-10-21T00:00:00,2024-10-21_30m_PRINT_LONG_1004,-1.0,1,0.24583333333333332,0.265,2024-10,22,0.045454545454545456,1.0
POST-VALIDATION DIAGNOSTIC — NOT CONFIRMATORY,DEVELOPMENT,MNQ_ORB_V01_CAND_003,EXECUTED_TRADE,2024-10-22T00:00:00,2024-10-22_30m_PRINT_LONG_1007,-1.0,1,0.24583333333333332,0.2075,2024-10,22,0.045454545454545456,1.0
POST-VALIDATION DIAGNOSTIC — NOT CONFIRMATORY,DEVELOPMENT,MNQ_ORB_V01_CAND_003,EXECUTED_TRADE,2024-10-23T00:00:00,2024-10-23_30m_PRINT_SHORT_1002,-1.0,1,0.24583333333333332,0.15,2024-10,22,0.045454545454545456,1.0
POST-VALIDATION DIAGNOSTIC — NOT CONFIRMATORY,DEVELOPMENT,MNQ_ORB_V01_CAND_003,EXECUTED_TRADE,2024-10-24T00:00:00,2024-10-24_30m_PRINT_LONG_1003,-1.0,1,0.15,0.15,2024-10,22,0.045454545454545456,1.0
POST-VALIDATION DIAGNOSTIC — NOT CONFIRMATORY,DEVELOPMENT,MNQ_ORB_V01_CAND_003,EXECUTED_TRADE,2024-10-25T00:00:00,2024-10-25_30m_PRINT_LONG_1001,-1.0,1,0.15,0.0925,2024-10,22,0.045454545454545456,1.0
POST-VALIDATION DIAGNOSTIC — NOT CONFIRMATORY,DEVELOPMENT,MNQ_ORB_V01_CAND_003,EXECUTED_TRADE,2024-10-29T00:00:00,2024-10-29_30m_PRINT_LONG_1001,1.875,1,0.24583333333333332,0.15,2024-10,22,0.045454545454545456,1.0
POST-VALIDATION DIAGNOSTIC — NOT CONFIRMATORY,DEVELOPMENT,MNQ_ORB_V01_CAND_003,EXECUTED_TRADE,2024-10-30T00:00:00,2024-10-30_30m_PRINT_LONG_1010,-1.0,1,0.24583333333333332,0.0925,2024-10,22,0.045454545454545456,1.0
POST-VALIDATION DIAGNOSTIC — NOT CONFIRMATORY,DEVELOPMENT,MNQ_ORB_V01_CAND_003,EXECUTED_TRADE,2024-10-31T00:00:00,2024-10-31_30m_PRINT_SHORT_1001,-1.0,1,0.24583333333333332,0.0925,2024-10,22,0.045454545454545456,1.0
POST-VALIDATION DIAGNOSTIC — NOT CONFIRMATORY,DEVELOPMENT,MNQ_ORB_V01_CAND_003,EXECUTED_TRADE,2024-11-01T00:00:00,2024-11-01_30m_PRINT_LONG_1001,-1.0,1,0.15,0.035,2024-11,20,0.1915625,3.83125
POST-VALIDATION DIAGNOSTIC — NOT CONFIRMATORY,DEVELOPMENT,MNQ_ORB_V01_CAND_003,EXECUTED_TRADE,2024-11-04T00:00:00,2024-11-04_30m_PRINT_LONG_1001,1.875,1,0.15,0.0925,2024-11,20,0.1915625,3.83125
POST-VALIDATION DIAGNOSTIC — NOT CONFIRMATORY,DEVELOPMENT,MNQ_ORB_V01_CAND_003,EXECUTED_TRADE,2024-11-05T00:00:00,2024-11-05_30m_PRINT_LONG_1001,-1.0,1,0.15,0.0925,2024-11,20,0.1915625,3.83125
POST-VALIDATION DIAGNOSTIC — NOT CONFIRMATORY,DEVELOPMENT,MNQ_ORB_V01_CAND_003,EXECUTED_TRADE,2024-11-06T00:00:00,2024-11-06_30m_PRINT_LONG_1032,-1.0,1,0.05416666666666667,0.0925,2024-11,20,0.1915625,3.83125
POST-VALIDATION DIAGNOSTIC — NOT CONFIRMATORY,DEVELOPMENT,MNQ_ORB_V01_CAND_003,EXECUTED_TRADE,2024-11-07T00:00:00,2024-11-07_30m_PRINT_LONG_1001,1.875,1,0.15,0.15,2024-11,20,0.1915625,3.83125
POST-VALIDATION DIAGNOSTIC — NOT CONFIRMATORY,DEVELOPMENT,MNQ_ORB_V01_CAND_003,EXECUTED_TRADE,2024-11-08T00:00:00,2024-11-08_30m_PRINT_SHORT_1007,-1.0,1,0.05416666666666667,0.15,2024-11,20,0.1915625,3.83125
POST-VALIDATION DIAGNOSTIC — NOT CONFIRMATORY,DEVELOPMENT,MNQ_ORB_V01_CAND_003,EXECUTED_TRADE,2024-11-11T00:00:00,2024-11-11_30m_PRINT_SHORT_1002,-1.0,1,-0.041666666666666664,0.0925,2024-11,20,0.1915625,3.83125
POST-VALIDATION DIAGNOSTIC — NOT CONFIRMATORY,DEVELOPMENT,MNQ_ORB_V01_CAND_003,EXECUTED_TRADE,2024-11-12T00:00:00,2024-11-12_30m_PRINT_SHORT_1009,-1.0,1,-0.041666666666666664,0.035,2024-11,20,0.1915625,3.83125
POST-VALIDATION DIAGNOSTIC — NOT CONFIRMATORY,DEVELOPMENT,MNQ_ORB_V01_CAND_003,EXECUTED_TRADE,2024-11-13T00:00:00,2024-11-13_30m_PRINT_SHORT_1001,-1.0,1,-0.1375,-0.0225,2024-11,20,0.1915625,3.83125
POST-VALIDATION DIAGNOSTIC — NOT CONFIRMATORY,DEVELOPMENT,MNQ_ORB_V01_CAND_003,EXECUTED_TRADE,2024-11-14T00:00:00,2024-11-14_30m_PRINT_SHORT_1020,-1.0,1,-0.23333333333333334,-0.08,2024-11,20,0.1915625,3.83125
POST-VALIDATION DIAGNOSTIC — NOT CONFIRMATORY,DEVELOPMENT,MNQ_ORB_V01_CAND_003,EXECUTED_TRADE,2024-11-15T00:00:00,2024-11-15_30m_PRINT_SHORT_1002,1.875,1,-0.1375,-0.0225,2024-11,20,0.1915625,3.83125
POST-VALIDATION DIAGNOSTIC — NOT CONFIRMATORY,DEVELOPMENT,MNQ_ORB_V01_CAND_003,EXECUTED_TRADE,2024-11-18T00:00:00,2024-11-18_30m_PRINT_LONG_1005,1.875,1,-0.041666666666666664,0.035,2024-11,20,0.1915625,3.83125
POST-VALIDATION DIAGNOSTIC — NOT CONFIRMATORY,DEVELOPMENT,MNQ_ORB_V01_CAND_003,EXECUTED_TRADE,2024-11-19T00:00:00,2024-11-19_30m_PRINT_LONG_1030,1.875,1,0.05416666666666667,0.0925,2024-11,20,0.1915625,3.83125
POST-VALIDATION DIAGNOSTIC — NOT CONFIRMATORY,DEVELOPMENT,MNQ_ORB_V01_CAND_003,EXECUTED_TRADE,2024-11-20T00:00:00,2024-11-20_30m_PRINT_SHORT_1003,1.875,1,0.05416666666666667,0.15,2024-11,20,0.1915625,3.83125
POST-VALIDATION DIAGNOSTIC — NOT CONFIRMATORY,DEVELOPMENT,MNQ_ORB_V01_CAND_003,EXECUTED_TRADE,2024-11-21T00:00:00,2024-11-21_30m_PRINT_SHORT_1002,-1.0,1,-0.041666666666666664,0.15,2024-11,20,0.1915625,3.83125
POST-VALIDATION DIAGNOSTIC — NOT CONFIRMATORY,DEVELOPMENT,MNQ_ORB_V01_CAND_003,EXECUTED_TRADE,2024-11-22T00:00:00,2024-11-22_30m_PRINT_SHORT_1011,-1.0,1,-0.1375,0.0925,2024-11,20,0.1915625,3.83125
POST-VALIDATION DIAGNOSTIC — NOT CONFIRMATORY,DEVELOPMENT,MNQ_ORB_V01_CAND_003,EXECUTED_TRADE,2024-11-25T00:00:00,2024-11-25_30m_PRINT_SHORT_1001,-1.0,1,-0.23333333333333334,0.0925,2024-11,20,0.1915625,3.83125
POST-VALIDATION DIAGNOSTIC — NOT CONFIRMATORY,DEVELOPMENT,MNQ_ORB_V01_CAND_003,EXECUTED_TRADE,2024-11-27T00:00:00,2024-11-27_30m_PRINT_SHORT_1002,1.875,1,-0.1375,0.15,2024-11,20,0.1915625,3.83125
POST-VALIDATION DIAGNOSTIC — NOT CONFIRMATORY,DEVELOPMENT,MNQ_ORB_V01_CAND_003,EXECUTED_TRADE,2024-11-28T00:00:00,2024-11-28_30m_PRINT_LONG_1019,-0.16875,1,-0.205625,0.16662500000000002,2024-11,20,0.1915625,3.83125
POST-VALIDATION DIAGNOSTIC — NOT CONFIRMATORY,DEVELOPMENT,MNQ_ORB_V01_CAND_003,EXECUTED_TRADE,2024-11-29T00:00:00,2024-11-29_30m_PRINT_LONG_1001,1.875,1,-0.10979166666666668,0.22412500000000002,2024-11,20,0.1915625,3.83125
POST-VALIDATION DIAGNOSTIC — NOT CONFIRMATORY,DEVELOPMENT,MNQ_ORB_V01_CAND_003,EXECUTED_TRADE,2024-12-02T00:00:00,2024-12-02_30m_PRINT_LONG_1001,1.875,1,-0.013958333333333331,0.22412500000000002,2024-12,16,0.2578125,4.125
POST-VALIDATION DIAGNOSTIC — NOT CONFIRMATORY,DEVELOPMENT,MNQ_ORB_V01_CAND_003,EXECUTED_TRADE,2024-12-03T00:00:00,2024-12-03_30m_PRINT_LONG_1001,-1.0,1,-0.013958333333333331,0.16662500000000002,2024-12,16,0.2578125,4.125
POST-VALIDATION DIAGNOSTIC — NOT CONFIRMATORY,DEVELOPMENT,MNQ_ORB_V01_CAND_003,EXECUTED_TRADE,2024-12-04T00:00:00,2024-12-04_30m_PRINT_LONG_1008,1.875,1,0.08187499999999999,0.22412500000000002,2024-12,16,0.2578125,4.125
POST-VALIDATION DIAGNOSTIC — NOT CONFIRMATORY,DEVELOPMENT,MNQ_ORB_V01_CAND_003,EXECUTED_TRADE,2024-12-05T00:00:00,2024-12-05_30m_PRINT_SHORT_1051,-1.0,1,0.08187499999999999,0.16662500000000002,2024-12,16,0.2578125,4.125
POST-VALIDATION DIAGNOSTIC — NOT CONFIRMATORY,DEVELOPMENT,MNQ_ORB_V01_CAND_003,EXECUTED_TRADE,2024-12-06T00:00:00,2024-12-06_30m_PRINT_LONG_1001,-1.0,1,0.08187499999999999,0.16662500000000002,2024-12,16,0.2578125,4.125
POST-VALIDATION DIAGNOSTIC — NOT CONFIRMATORY,DEVELOPMENT,MNQ_ORB_V01_CAND_003,EXECUTED_TRADE,2024-12-09T00:00:00,2024-12-09_30m_PRINT_SHORT_1027,1.875,1,0.17770833333333333,0.16662500000000002,2024-12,16,0.2578125,4.125
POST-VALIDATION DIAGNOSTIC — NOT CONFIRMATORY,DEVELOPMENT,MNQ_ORB_V01_CAND_003,EXECUTED_TRADE,2024-12-10T00:00:00,2024-12-10_30m_PRINT_LONG_1008,-1.0,1,0.17770833333333333,0.109125,2024-12,16,0.2578125,4.125
POST-VALIDATION DIAGNOSTIC — NOT CONFIRMATORY,DEVELOPMENT,MNQ_ORB_V01_CAND_003,EXECUTED_TRADE,2024-12-11T00:00:00,2024-12-11_30m_PRINT_LONG_1001,1.875,1,0.17770833333333333,0.16662500000000002,2024-12,16,0.2578125,4.125
POST-VALIDATION DIAGNOSTIC — NOT CONFIRMATORY,DEVELOPMENT,MNQ_ORB_V01_CAND_003,EXECUTED_TRADE,2024-12-12T00:00:00,2024-12-12_30m_PRINT_SHORT_1003,-1.0,1,0.17770833333333333,0.109125,2024-12,16,0.2578125,4.125
POST-VALIDATION DIAGNOSTIC — NOT CONFIRMATORY,DEVELOPMENT,MNQ_ORB_V01_CAND_003,EXECUTED_TRADE,2024-12-13T00:00:00,2024-12-13_30m_PRINT_SHORT_1041,1.875,1,0.2735416666666667,0.109125,2024-12,16,0.2578125,4.125
POST-VALIDATION DIAGNOSTIC — NOT CONFIRMATORY,DEVELOPMENT,MNQ_ORB_V01_CAND_003,EXECUTED_TRADE,2024-12-20T00:00:00,2024-12-20_30m_PRINT_LONG_1006,-1.0,1,0.2735416666666667,0.109125,2024-12,16,0.2578125,4.125
POST-VALIDATION DIAGNOSTIC — NOT CONFIRMATORY,DEVELOPMENT,MNQ_ORB_V01_CAND_003,EXECUTED_TRADE,2024-12-24T00:00:00,2024-12-24_30m_PRINT_LONG_1001,1.875,1,0.2735416666666667,0.16662500000000002,2024-12,16,0.2578125,4.125
POST-VALIDATION DIAGNOSTIC — NOT CONFIRMATORY,DEVELOPMENT,MNQ_ORB_V01_CAND_003,EXECUTED_TRADE,2024-12-26T00:00:00,2024-12-26_30m_PRINT_LONG_1039,-1.0,1,0.2735416666666667,0.16662500000000002,2024-12,16,0.2578125,4.125
POST-VALIDATION DIAGNOSTIC — NOT CONFIRMATORY,DEVELOPMENT,MNQ_ORB_V01_CAND_003,EXECUTED_TRADE,2024-12-27T00:00:00,2024-12-27_30m_PRINT_SHORT_1001,1.875,1,0.369375,0.16662500000000002,2024-12,16,0.2578125,4.125
POST-VALIDATION DIAGNOSTIC — NOT CONFIRMATORY,DEVELOPMENT,MNQ_ORB_V01_CAND_003,EXECUTED_TRADE,2024-12-30T00:00:00,2024-12-30_30m_PRINT_SHORT_1001,-1.0,1,0.2735416666666667,0.109125,2024-12,16,0.2578125,4.125
POST-VALIDATION DIAGNOSTIC — NOT CONFIRMATORY,DEVELOPMENT,MNQ_ORB_V01_CAND_003,EXECUTED_TRADE,2024-12-31T00:00:00,2024-12-31_30m_PRINT_SHORT_1008,-1.0,1,0.2735416666666667,0.051625,2024-12,16,0.2578125,4.125
POST-VALIDATION DIAGNOSTIC — NOT CONFIRMATORY,DEVELOPMENT,MNQ_ORB_V01_CAND_003,EXECUTED_TRADE,2025-01-02T00:00:00,2025-01-02_30m_PRINT_LONG_1001,-1.0,1,0.2735416666666667,-0.005874999999999999,2025-01,19,0.05921052631578947,1.125
POST-VALIDATION DIAGNOSTIC — NOT CONFIRMATORY,DEVELOPMENT,MNQ_ORB_V01_CAND_003,EXECUTED_TRADE,2025-01-03T00:00:00,2025-01-03_30m_PRINT_LONG_1006,-1.0,1,0.2735416666666667,-0.005874999999999999,2025-01,19,0.05921052631578947,1.125
POST-VALIDATION DIAGNOSTIC — NOT CONFIRMATORY,DEVELOPMENT,MNQ_ORB_V01_CAND_003,EXECUTED_TRADE,2025-01-06T00:00:00,2025-01-06_30m_PRINT_LONG_1015,-1.0,1,0.2735416666666667,-0.063375,2025-01,19,0.05921052631578947,1.125
POST-VALIDATION DIAGNOSTIC — NOT CONFIRMATORY,DEVELOPMENT,MNQ_ORB_V01_CAND_003,EXECUTED_TRADE,2025-01-07T00:00:00,2025-01-07_30m_PRINT_SHORT_1001,1.875,1,0.369375,-0.0058750000000000035,2025-01,19,0.05921052631578947,1.125
POST-VALIDATION DIAGNOSTIC — NOT CONFIRMATORY,DEVELOPMENT,MNQ_ORB_V01_CAND_003,EXECUTED_TRADE,2025-01-08T00:00:00,2025-01-08_30m_PRINT_LONG_1003,-1.0,1,0.2735416666666667,-0.005874999999999999,2025-01,19,0.05921052631578947,1.125
POST-VALIDATION DIAGNOSTIC — NOT CONFIRMATORY,DEVELOPMENT,MNQ_ORB_V01_CAND_003,EXECUTED_TRADE,2025-01-13T00:00:00,2025-01-13_30m_PRINT_LONG_1007,-1.0,1,0.17770833333333333,-0.005874999999999999,2025-01,19,0.05921052631578947,1.125
POST-VALIDATION DIAGNOSTIC — NOT CONFIRMATORY,DEVELOPMENT,MNQ_ORB_V01_CAND_003,EXECUTED_TRADE,2025-01-14T00:00:00,2025-01-14_30m_PRINT_SHORT_1039,-1.0,1,0.08187499999999999,-0.005874999999999999,2025-01,19,0.05921052631578947,1.125
POST-VALIDATION DIAGNOSTIC — NOT CONFIRMATORY,DEVELOPMENT,MNQ_ORB_V01_CAND_003,EXECUTED_TRADE,2025-01-15T00:00:00,2025-01-15_30m_PRINT_LONG_1001,-1.0,1,-0.013958333333333331,-0.005874999999999999,2025-01,19,0.05921052631578947,1.125
POST-VALIDATION DIAGNOSTIC — NOT CONFIRMATORY,DEVELOPMENT,MNQ_ORB_V01_CAND_003,EXECUTED_TRADE,2025-01-16T00:00:00,2025-01-16_30m_PRINT_SHORT_1001,-1.0,1,-0.013958333333333331,-0.005874999999999999,2025-01,19,0.05921052631578947,1.125
POST-VALIDATION DIAGNOSTIC — NOT CONFIRMATORY,DEVELOPMENT,MNQ_ORB_V01_CAND_003,EXECUTED_TRADE,2025-01-17T00:00:00,2025-01-17_30m_PRINT_SHORT_1027,-1.0,1,-0.013958333333333331,-0.005874999999999999,2025-01,19,0.05921052631578947,1.125
POST-VALIDATION DIAGNOSTIC — NOT CONFIRMATORY,DEVELOPMENT,MNQ_ORB_V01_CAND_003,EXECUTED_TRADE,2025-01-20T00:00:00,2025-01-20_30m_PRINT_SHORT_1012,1.875,1,0.08187499999999999,0.051625,2025-01,19,0.05921052631578947,1.125
POST-VALIDATION DIAGNOSTIC — NOT CONFIRMATORY,DEVELOPMENT,MNQ_ORB_V01_CAND_003,EXECUTED_TRADE,2025-01-21T00:00:00,2025-01-21_30m_PRINT_SHORT_1012,-1.0,1,-0.013958333333333331,-0.005874999999999999,2025-01,19,0.05921052631578947,1.125
POST-VALIDATION DIAGNOSTIC — NOT CONFIRMATORY,DEVELOPMENT,MNQ_ORB_V01_CAND_003,EXECUTED_TRADE,2025-01-22T00:00:00,2025-01-22_30m_PRINT_LONG_1012,-1.0,1,-0.041666666666666664,-0.005874999999999999,2025-01,19,0.05921052631578947,1.125
POST-VALIDATION DIAGNOSTIC — NOT CONFIRMATORY,DEVELOPMENT,MNQ_ORB_V01_CAND_003,EXECUTED_TRADE,2025-01-23T00:00:00,2025-01-23_30m_PRINT_LONG_1035,1.875,1,-0.041666666666666664,0.051625,2025-01,19,0.05921052631578947,1.125
POST-VALIDATION DIAGNOSTIC — NOT CONFIRMATORY,DEVELOPMENT,MNQ_ORB_V01_CAND_003,EXECUTED_TRADE,2025-01-24T00:00:00,2025-01-24_30m_PRINT_SHORT_1017,1.875,1,-0.041666666666666664,0.109125,2025-01,19,0.05921052631578947,1.125
POST-VALIDATION DIAGNOSTIC — NOT CONFIRMATORY,DEVELOPMENT,MNQ_ORB_V01_CAND_003,EXECUTED_TRADE,2025-01-27T00:00:00,2025-01-27_30m_PRINT_LONG_1029,1.875,1,0.05416666666666667,0.109125,2025-01,19,0.05921052631578947,1.125
POST-VALIDATION DIAGNOSTIC — NOT CONFIRMATORY,DEVELOPMENT,MNQ_ORB_V01_CAND_003,EXECUTED_TRADE,2025-01-28T00:00:00,2025-01-28_30m_PRINT_LONG_1002,1.875,1,0.05416666666666667,0.16662500000000002,2025-01,19,0.05921052631578947,1.125
POST-VALIDATION DIAGNOSTIC — NOT CONFIRMATORY,DEVELOPMENT,MNQ_ORB_V01_CAND_003,EXECUTED_TRADE,2025-01-29T00:00:00,2025-01-29_30m_PRINT_SHORT_1027,-1.0,1,0.05416666666666667,0.16662500000000002,2025-01,19,0.05921052631578947,1.125
POST-VALIDATION DIAGNOSTIC — NOT CONFIRMATORY,DEVELOPMENT,MNQ_ORB_V01_CAND_003,EXECUTED_TRADE,2025-01-31T00:00:00,2025-01-31_30m_PRINT_LONG_1001,1.875,1,0.15,0.16662500000000002,2025-01,19,0.05921052631578947,1.125
POST-VALIDATION DIAGNOSTIC — NOT CONFIRMATORY,DEVELOPMENT,MNQ_ORB_V01_CAND_003,EXECUTED_TRADE,2025-02-04T00:00:00,2025-02-04_30m_PRINT_LONG_1001,1.875,1,0.15,0.22412500000000002,2025-02,17,0.06360294117647058,1.08125
POST-VALIDATION DIAGNOSTIC — NOT CONFIRMATORY,DEVELOPMENT,MNQ_ORB_V01_CAND_003,EXECUTED_TRADE,2025-02-05T00:00:00,2025-02-05_30m_PRINT_LONG_1001,-1.0,1,0.15,0.22412500000000002,2025-02,17,0.06360294117647058,1.08125
POST-VALIDATION DIAGNOSTIC — NOT CONFIRMATORY,DEVELOPMENT,MNQ_ORB_V01_CAND_003,EXECUTED_TRADE,2025-02-06T00:00:00,2025-02-06_30m_PRINT_LONG_1012,-1.0,1,0.05416666666666667,0.22412500000000002,2025-02,17,0.06360294117647058,1.08125
POST-VALIDATION DIAGNOSTIC — NOT CONFIRMATORY,DEVELOPMENT,MNQ_ORB_V01_CAND_003,EXECUTED_TRADE,2025-02-07T00:00:00,2025-02-07_30m_PRINT_SHORT_1001,1.875,1,0.15,0.281625,2025-02,17,0.06360294117647058,1.08125
POST-VALIDATION DIAGNOSTIC — NOT CONFIRMATORY,DEVELOPMENT,MNQ_ORB_V01_CAND_003,EXECUTED_TRADE,2025-02-10T00:00:00,2025-02-10_30m_PRINT_LONG_1002,1.875,1,0.15,0.339125,2025-02,17,0.06360294117647058,1.08125
POST-VALIDATION DIAGNOSTIC — NOT CONFIRMATORY,DEVELOPMENT,MNQ_ORB_V01_CAND_003,EXECUTED_TRADE,2025-02-12T00:00:00,2025-02-12_30m_PRINT_LONG_1023,-1.0,1,0.15,0.281625,2025-02,17,0.06360294117647058,1.08125
POST-VALIDATION DIAGNOSTIC — NOT CONFIRMATORY,DEVELOPMENT,MNQ_ORB_V01_CAND_003,EXECUTED_TRADE,2025-02-13T00:00:00,2025-02-13_30m_PRINT_LONG_1003,-1.0,1,0.05416666666666667,0.22412500000000002,2025-02,17,0.06360294117647058,1.08125
POST-VALIDATION DIAGNOSTIC — NOT CONFIRMATORY,DEVELOPMENT,MNQ_ORB_V01_CAND_003,EXECUTED_TRADE,2025-02-14T00:00:00,2025-02-14_30m_PRINT_LONG_1008,-1.0,1,0.05416666666666667,0.16662500000000002,2025-02,17,0.06360294117647058,1.08125
POST-VALIDATION DIAGNOSTIC — NOT CONFIRMATORY,DEVELOPMENT,MNQ_ORB_V01_CAND_003,EXECUTED_TRADE,2025-02-17T00:00:00,2025-02-17_30m_PRINT_LONG_1103,-0.16875,1,-0.013958333333333333,0.12575,2025-02,17,0.06360294117647058,1.08125
POST-VALIDATION DIAGNOSTIC — NOT CONFIRMATORY,DEVELOPMENT,MNQ_ORB_V01_CAND_003,EXECUTED_TRADE,2025-02-18T00:00:00,2025-02-18_30m_PRINT_SHORT_1002,-1.0,1,-0.013958333333333331,0.12575,2025-02,17,0.06360294117647058,1.08125
POST-VALIDATION DIAGNOSTIC — NOT CONFIRMATORY,DEVELOPMENT,MNQ_ORB_V01_CAND_003,EXECUTED_TRADE,2025-02-19T00:00:00,2025-02-19_30m_PRINT_SHORT_1003,-1.0,1,-0.013958333333333331,0.12575,2025-02,17,0.06360294117647058,1.08125
POST-VALIDATION DIAGNOSTIC — NOT CONFIRMATORY,DEVELOPMENT,MNQ_ORB_V01_CAND_003,EXECUTED_TRADE,2025-02-20T00:00:00,2025-02-20_30m_PRINT_SHORT_1001,-1.0,1,-0.013958333333333331,0.12575,2025-02,17,0.06360294117647058,1.08125
POST-VALIDATION DIAGNOSTIC — NOT CONFIRMATORY,DEVELOPMENT,MNQ_ORB_V01_CAND_003,EXECUTED_TRADE,2025-02-21T00:00:00,2025-02-21_30m_PRINT_SHORT_1001,1.875,1,0.08187499999999999,0.12575,2025-02,17,0.06360294117647058,1.08125
POST-VALIDATION DIAGNOSTIC — NOT CONFIRMATORY,DEVELOPMENT,MNQ_ORB_V01_CAND_003,EXECUTED_TRADE,2025-02-24T00:00:00,2025-02-24_30m_PRINT_SHORT_1002,1.875,1,0.17770833333333333,0.16662500000000002,2025-02,17,0.06360294117647058,1.08125
POST-VALIDATION DIAGNOSTIC — NOT CONFIRMATORY,DEVELOPMENT,MNQ_ORB_V01_CAND_003,EXECUTED_TRADE,2025-02-26T00:00:00,2025-02-26_30m_PRINT_LONG_1002,-1.0,1,0.08187499999999999,0.10912500000000001,2025-02,17,0.06360294117647058,1.08125
POST-VALIDATION DIAGNOSTIC — NOT CONFIRMATORY,DEVELOPMENT,MNQ_ORB_V01_CAND_003,EXECUTED_TRADE,2025-02-27T00:00:00,2025-02-27_30m_PRINT_SHORT_1001,1.875,1,0.17770833333333333,0.10912500000000001,2025-02,17,0.06360294117647058,1.08125
POST-VALIDATION DIAGNOSTIC — NOT CONFIRMATORY,DEVELOPMENT,MNQ_ORB_V01_CAND_003,EXECUTED_TRADE,2025-02-28T00:00:00,2025-02-28_30m_PRINT_LONG_1003,-1.0,1,0.17770833333333333,0.10912500000000001,2025-02,17,0.06360294117647058,1.08125
POST-VALIDATION DIAGNOSTIC — NOT CONFIRMATORY,DEVELOPMENT,MNQ_ORB_V01_CAND_003,EXECUTED_TRADE,2025-03-03T00:00:00,2025-03-03_30m_PRINT_SHORT_1001,-1.0,1,0.17770833333333333,0.051625000000000004,2025-03,13,0.6793269230769231,8.83125
POST-VALIDATION DIAGNOSTIC — NOT CONFIRMATORY,DEVELOPMENT,MNQ_ORB_V01_CAND_003,EXECUTED_TRADE,2025-03-04T00:00:00,2025-03-04_30m_PRINT_SHORT_1001,1.875,1,0.2735416666666667,0.109125,2025-03,13,0.6793269230769231,8.83125
POST-VALIDATION DIAGNOSTIC — NOT CONFIRMATORY,DEVELOPMENT,MNQ_ORB_V01_CAND_003,EXECUTED_TRADE,2025-03-06T00:00:00,2025-03-06_30m_PRINT_LONG_1004,1.875,1,0.369375,0.16662500000000002,2025-03,13,0.6793269230769231,8.83125
POST-VALIDATION DIAGNOSTIC — NOT CONFIRMATORY,DEVELOPMENT,MNQ_ORB_V01_CAND_003,EXECUTED_TRADE,2025-03-07T00:00:00,2025-03-07_30m_PRINT_SHORT_1032,1.875,1,0.46520833333333333,0.16662500000000002,2025-03,13,0.6793269230769231,8.83125
POST-VALIDATION DIAGNOSTIC — NOT CONFIRMATORY,DEVELOPMENT,MNQ_ORB_V01_CAND_003,EXECUTED_TRADE,2025-03-13T00:00:00,2025-03-13_30m_PRINT_SHORT_1001,-1.0,1,0.369375,0.16662500000000002,2025-03,13,0.6793269230769231,8.83125
POST-VALIDATION DIAGNOSTIC — NOT CONFIRMATORY,DEVELOPMENT,MNQ_ORB_V01_CAND_003,EXECUTED_TRADE,2025-03-14T00:00:00,2025-03-14_30m_PRINT_LONG_1101,1.875,1,0.46520833333333333,0.16662500000000002,2025-03,13,0.6793269230769231,8.83125
POST-VALIDATION DIAGNOSTIC — NOT CONFIRMATORY,DEVELOPMENT,MNQ_ORB_V01_CAND_003,EXECUTED_TRADE,2025-03-21T00:00:00,2025-03-21_30m_PRINT_LONG_1024,-1.0,1,0.46520833333333333,0.16662500000000002,2025-03,13,0.6793269230769231,8.83125
POST-VALIDATION DIAGNOSTIC — NOT CONFIRMATORY,DEVELOPMENT,MNQ_ORB_V01_CAND_003,EXECUTED_TRADE,2025-03-24T00:00:00,2025-03-24_30m_PRINT_LONG_1022,0.70625,1,0.42624999999999996,0.14325,2025-03,13,0.6793269230769231,8.83125
POST-VALIDATION DIAGNOSTIC — NOT CONFIRMATORY,DEVELOPMENT,MNQ_ORB_V01_CAND_003,EXECUTED_TRADE,2025-03-25T00:00:00,2025-03-25_30m_PRINT_LONG_1001,-1.0,1,0.33041666666666664,0.14325,2025-03,13,0.6793269230769231,8.83125
POST-VALIDATION DIAGNOSTIC — NOT CONFIRMATORY,DEVELOPMENT,MNQ_ORB_V01_CAND_003,EXECUTED_TRADE,2025-03-26T00:00:00,2025-03-26_30m_PRINT_SHORT_1010,1.875,1,0.33041666666666664,0.14325,2025-03,13,0.6793269230769231,8.83125
POST-VALIDATION DIAGNOSTIC — NOT CONFIRMATORY,DEVELOPMENT,MNQ_ORB_V01_CAND_003,EXECUTED_TRADE,2025-03-27T00:00:00,2025-03-27_30m_PRINT_LONG_1001,-1.0,1,0.2345833333333333,0.14325,2025-03,13,0.6793269230769231,8.83125
POST-VALIDATION DIAGNOSTIC — NOT CONFIRMATORY,DEVELOPMENT,MNQ_ORB_V01_CAND_003,EXECUTED_TRADE,2025-03-28T00:00:00,2025-03-28_30m_PRINT_SHORT_1001,1.875,1,0.33041666666666664,0.14325,2025-03,13,0.6793269230769231,8.83125
POST-VALIDATION DIAGNOSTIC — NOT CONFIRMATORY,DEVELOPMENT,MNQ_ORB_V01_CAND_003,EXECUTED_TRADE,2025-03-31T00:00:00,2025-03-31_30m_PRINT_LONG_1123,1.875,1,0.33041666666666664,0.20074999999999998,2025-03,13,0.6793269230769231,8.83125
POST-VALIDATION DIAGNOSTIC — NOT CONFIRMATORY,DEVELOPMENT,MNQ_ORB_V01_CAND_003,EXECUTED_TRADE,2025-04-01T00:00:00,2025-04-01_30m_PRINT_SHORT_1008,1.875,1,0.33041666666666664,0.25825,2025-04,16,0.6171875,9.875
POST-VALIDATION DIAGNOSTIC — NOT CONFIRMATORY,DEVELOPMENT,MNQ_ORB_V01_CAND_003,EXECUTED_TRADE,2025-04-02T00:00:00,2025-04-02_30m_PRINT_LONG_1002,-1.0,1,0.33041666666666664,0.25825,2025-04,16,0.6171875,9.875
POST-VALIDATION DIAGNOSTIC — NOT CONFIRMATORY,DEVELOPMENT,MNQ_ORB_V01_CAND_003,EXECUTED_TRADE,2025-04-03T00:00:00,2025-04-03_30m_PRINT_SHORT_1005,-1.0,1,0.33041666666666664,0.25825,2025-04,16,0.6171875,9.875
POST-VALIDATION DIAGNOSTIC — NOT CONFIRMATORY,DEVELOPMENT,MNQ_ORB_V01_CAND_003,EXECUTED_TRADE,2025-04-08T00:00:00,2025-04-08_30m_PRINT_SHORT_1113,1.875,1,0.33041666666666664,0.31575,2025-04,16,0.6171875,9.875
POST-VALIDATION DIAGNOSTIC — NOT CONFIRMATORY,DEVELOPMENT,MNQ_ORB_V01_CAND_003,EXECUTED_TRADE,2025-04-11T00:00:00,2025-04-11_30m_PRINT_SHORT_1022,1.875,1,0.33041666666666664,0.31575,2025-04,16,0.6171875,9.875
POST-VALIDATION DIAGNOSTIC — NOT CONFIRMATORY,DEVELOPMENT,MNQ_ORB_V01_CAND_003,EXECUTED_TRADE,2025-04-14T00:00:00,2025-04-14_30m_PRINT_SHORT_1128,1.875,1,0.42624999999999996,0.37325,2025-04,16,0.6171875,9.875
POST-VALIDATION DIAGNOSTIC — NOT CONFIRMATORY,DEVELOPMENT,MNQ_ORB_V01_CAND_003,EXECUTED_TRADE,2025-04-15T00:00:00,2025-04-15_30m_PRINT_LONG_1012,-1.0,1,0.42624999999999996,0.37325,2025-04,16,0.6171875,9.875
POST-VALIDATION DIAGNOSTIC — NOT CONFIRMATORY,DEVELOPMENT,MNQ_ORB_V01_CAND_003,EXECUTED_TRADE,2025-04-16T00:00:00,2025-04-16_30m_PRINT_SHORT_1001,-1.0,1,0.42624999999999996,0.37325,2025-04,16,0.6171875,9.875
POST-VALIDATION DIAGNOSTIC — NOT CONFIRMATORY,DEVELOPMENT,MNQ_ORB_V01_CAND_003,EXECUTED_TRADE,2025-04-17T00:00:00,2025-04-17_30m_PRINT_SHORT_1020,1.875,1,0.49437499999999995,0.43075,2025-04,16,0.6171875,9.875
POST-VALIDATION DIAGNOSTIC — NOT CONFIRMATORY,DEVELOPMENT,MNQ_ORB_V01_CAND_003,EXECUTED_TRADE,2025-04-21T00:00:00,2025-04-21_30m_PRINT_SHORT_1001,1.875,1,0.5902083333333333,0.48825,2025-04,16,0.6171875,9.875
POST-VALIDATION DIAGNOSTIC — NOT CONFIRMATORY,DEVELOPMENT,MNQ_ORB_V01_CAND_003,EXECUTED_TRADE,2025-04-22T00:00:00,2025-04-22_30m_PRINT_LONG_1001,1.875,1,0.6860416666666667,0.5457500000000001,2025-04,16,0.6171875,9.875
POST-VALIDATION DIAGNOSTIC — NOT CONFIRMATORY,DEVELOPMENT,MNQ_ORB_V01_CAND_003,EXECUTED_TRADE,2025-04-24T00:00:00,2025-04-24_30m_PRINT_LONG_1001,1.875,1,0.781875,0.5457500000000001,2025-04,16,0.6171875,9.875
POST-VALIDATION DIAGNOSTIC — NOT CONFIRMATORY,DEVELOPMENT,MNQ_ORB_V01_CAND_003,EXECUTED_TRADE,2025-04-25T00:00:00,2025-04-25_30m_PRINT_LONG_1010,-1.0,1,0.6860416666666667,0.5457500000000001,2025-04,16,0.6171875,9.875
POST-VALIDATION DIAGNOSTIC — NOT CONFIRMATORY,DEVELOPMENT,MNQ_ORB_V01_CAND_003,EXECUTED_TRADE,2025-04-28T00:00:00,2025-04-28_30m_PRINT_SHORT_1001,-1.0,1,0.5902083333333333,0.5457500000000001,2025-04,16,0.6171875,9.875
POST-VALIDATION DIAGNOSTIC — NOT CONFIRMATORY,DEVELOPMENT,MNQ_ORB_V01_CAND_003,EXECUTED_TRADE,2025-04-29T00:00:00,2025-04-29_30m_PRINT_LONG_1006,-1.0,1,0.5902083333333333,0.48825,2025-04,16,0.6171875,9.875
POST-VALIDATION DIAGNOSTIC — NOT CONFIRMATORY,DEVELOPMENT,MNQ_ORB_V01_CAND_003,EXECUTED_TRADE,2025-04-30T00:00:00,2025-04-30_30m_PRINT_LONG_1030,1.875,1,0.5902083333333333,0.48825,2025-04,16,0.6171875,9.875
POST-VALIDATION DIAGNOSTIC — NOT CONFIRMATORY,DEVELOPMENT,MNQ_ORB_V01_CAND_003,EXECUTED_TRADE,2025-05-01T00:00:00,2025-05-01_30m_PRINT_LONG_1029,1.875,1,0.6860416666666667,0.48825,2025-05,20,0.024062499999999997,0.48124999999999996
POST-VALIDATION DIAGNOSTIC — NOT CONFIRMATORY,DEVELOPMENT,MNQ_ORB_V01_CAND_003,EXECUTED_TRADE,2025-05-02T00:00:00,2025-05-02_30m_PRINT_LONG_1004,1.875,1,0.781875,0.48825,2025-05,20,0.024062499999999997,0.48124999999999996
POST-VALIDATION DIAGNOSTIC — NOT CONFIRMATORY,DEVELOPMENT,MNQ_ORB_V01_CAND_003,EXECUTED_TRADE,2025-05-05T00:00:00,2025-05-05_30m_PRINT_LONG_1001,-1.0,1,0.6860416666666667,0.48825,2025-05,20,0.024062499999999997,0.48124999999999996
POST-VALIDATION DIAGNOSTIC — NOT CONFIRMATORY,DEVELOPMENT,MNQ_ORB_V01_CAND_003,EXECUTED_TRADE,2025-05-06T00:00:00,2025-05-06_30m_PRINT_SHORT_1001,-1.0,1,0.5902083333333333,0.43075,2025-05,20,0.024062499999999997,0.48124999999999996
POST-VALIDATION DIAGNOSTIC — NOT CONFIRMATORY,DEVELOPMENT,MNQ_ORB_V01_CAND_003,EXECUTED_TRADE,2025-05-07T00:00:00,2025-05-07_30m_PRINT_LONG_1008,-1.0,1,0.49437499999999995,0.37325,2025-05,20,0.024062499999999997,0.48124999999999996
POST-VALIDATION DIAGNOSTIC — NOT CONFIRMATORY,DEVELOPMENT,MNQ_ORB_V01_CAND_003,EXECUTED_TRADE,2025-05-08T00:00:00,2025-05-08_30m_PRINT_SHORT_1009,-1.0,1,0.49437499999999995,0.37325,2025-05,20,0.024062499999999997,0.48124999999999996
POST-VALIDATION DIAGNOSTIC — NOT CONFIRMATORY,DEVELOPMENT,MNQ_ORB_V01_CAND_003,EXECUTED_TRADE,2025-05-09T00:00:00,2025-05-09_30m_PRINT_SHORT_1020,1.875,1,0.49437499999999995,0.43075,2025-05,20,0.024062499999999997,0.48124999999999996
POST-VALIDATION DIAGNOSTIC — NOT CONFIRMATORY,DEVELOPMENT,MNQ_ORB_V01_CAND_003,EXECUTED_TRADE,2025-05-12T00:00:00,2025-05-12_30m_PRINT_SHORT_1029,-1.0,1,0.49437499999999995,0.37325,2025-05,20,0.024062499999999997,0.48124999999999996
POST-VALIDATION DIAGNOSTIC — NOT CONFIRMATORY,DEVELOPMENT,MNQ_ORB_V01_CAND_003,EXECUTED_TRADE,2025-05-13T00:00:00,2025-05-13_30m_PRINT_LONG_1002,1.875,1,0.5333333333333333,0.37325,2025-05,20,0.024062499999999997,0.48124999999999996
POST-VALIDATION DIAGNOSTIC — NOT CONFIRMATORY,DEVELOPMENT,MNQ_ORB_V01_CAND_003,EXECUTED_TRADE,2025-05-15T00:00:00,2025-05-15_30m_PRINT_LONG_1002,-1.0,1,0.5333333333333333,0.37325,2025-05,20,0.024062499999999997,0.48124999999999996
POST-VALIDATION DIAGNOSTIC — NOT CONFIRMATORY,DEVELOPMENT,MNQ_ORB_V01_CAND_003,EXECUTED_TRADE,2025-05-16T00:00:00,2025-05-16_30m_PRINT_SHORT_1035,-1.0,1,0.4375,0.37325,2025-05,20,0.024062499999999997,0.48124999999999996
POST-VALIDATION DIAGNOSTIC — NOT CONFIRMATORY,DEVELOPMENT,MNQ_ORB_V01_CAND_003,EXECUTED_TRADE,2025-05-19T00:00:00,2025-05-19_30m_PRINT_LONG_1002,1.875,1,0.5333333333333333,0.43075,2025-05,20,0.024062499999999997,0.48124999999999996
POST-VALIDATION DIAGNOSTIC — NOT CONFIRMATORY,DEVELOPMENT,MNQ_ORB_V01_CAND_003,EXECUTED_TRADE,2025-05-20T00:00:00,2025-05-20_30m_PRINT_LONG_1040,-1.0,1,0.4375,0.414125,2025-05,20,0.024062499999999997,0.48124999999999996
POST-VALIDATION DIAGNOSTIC — NOT CONFIRMATORY,DEVELOPMENT,MNQ_ORB_V01_CAND_003,EXECUTED_TRADE,2025-05-22T00:00:00,2025-05-22_30m_PRINT_LONG_1001,-1.0,1,0.3416666666666667,0.414125,2025-05,20,0.024062499999999997,0.48124999999999996
POST-VALIDATION DIAGNOSTIC — NOT CONFIRMATORY,DEVELOPMENT,MNQ_ORB_V01_CAND_003,EXECUTED_TRADE,2025-05-23T00:00:00,2025-05-23_30m_PRINT_LONG_1013,-1.0,1,0.24583333333333332,0.414125,2025-05,20,0.024062499999999997,0.48124999999999996
POST-VALIDATION DIAGNOSTIC — NOT CONFIRMATORY,DEVELOPMENT,MNQ_ORB_V01_CAND_003,EXECUTED_TRADE,2025-05-26T00:00:00,2025-05-26_30m_PRINT_SHORT_1022,-0.64375,1,0.2577083333333333,0.42125,2025-05,20,0.024062499999999997,0.48124999999999996
POST-VALIDATION DIAGNOSTIC — NOT CONFIRMATORY,DEVELOPMENT,MNQ_ORB_V01_CAND_003,EXECUTED_TRADE,2025-05-27T00:00:00,2025-05-27_30m_PRINT_LONG_1001,1.875,1,0.35354166666666664,0.42125,2025-05,20,0.024062499999999997,0.48124999999999996
POST-VALIDATION DIAGNOSTIC — NOT CONFIRMATORY,DEVELOPMENT,MNQ_ORB_V01_CAND_003,EXECUTED_TRADE,2025-05-28T00:00:00,2025-05-28_30m_PRINT_SHORT_1022,-1.0,1,0.2577083333333333,0.36375,2025-05,20,0.024062499999999997,0.48124999999999996
POST-VALIDATION DIAGNOSTIC — NOT CONFIRMATORY,DEVELOPMENT,MNQ_ORB_V01_CAND_003,EXECUTED_TRADE,2025-05-29T00:00:00,2025-05-29_30m_PRINT_SHORT_1006,1.875,1,0.2577083333333333,0.42125,2025-05,20,0.024062499999999997,0.48124999999999996
POST-VALIDATION DIAGNOSTIC — NOT CONFIRMATORY,DEVELOPMENT,MNQ_ORB_V01_CAND_003,EXECUTED_TRADE,2025-05-30T00:00:00,2025-05-30_30m_PRINT_LONG_1029,-1.0,1,0.16187499999999996,0.36375,2025-05,20,0.024062499999999997,0.48124999999999996
POST-VALIDATION DIAGNOSTIC — NOT CONFIRMATORY,DEVELOPMENT,MNQ_ORB_V01_CAND_003,EXECUTED_TRADE,2025-06-02T00:00:00,2025-06-02_30m_PRINT_SHORT_1001,-1.0,1,0.16187499999999996,0.36375,2025-06,15,0.5975,8.9625
POST-VALIDATION DIAGNOSTIC — NOT CONFIRMATORY,DEVELOPMENT,MNQ_ORB_V01_CAND_003,EXECUTED_TRADE,2025-06-03T00:00:00,2025-06-03_30m_PRINT_LONG_1001,-1.0,1,0.16187499999999996,0.36375,2025-06,15,0.5975,8.9625
POST-VALIDATION DIAGNOSTIC — NOT CONFIRMATORY,DEVELOPMENT,MNQ_ORB_V01_CAND_003,EXECUTED_TRADE,2025-06-04T00:00:00,2025-06-04_30m_PRINT_SHORT_1001,1.875,1,0.16187500000000002,0.36375,2025-06,15,0.5975,8.9625
POST-VALIDATION DIAGNOSTIC — NOT CONFIRMATORY,DEVELOPMENT,MNQ_ORB_V01_CAND_003,EXECUTED_TRADE,2025-06-05T00:00:00,2025-06-05_30m_PRINT_LONG_1043,1.875,1,0.16187500000000002,0.36375,2025-06,15,0.5975,8.9625
POST-VALIDATION DIAGNOSTIC — NOT CONFIRMATORY,DEVELOPMENT,MNQ_ORB_V01_CAND_003,EXECUTED_TRADE,2025-06-06T00:00:00,2025-06-06_30m_PRINT_SHORT_1033,-1.0,1,0.06604166666666667,0.30625,2025-06,15,0.5975,8.9625
POST-VALIDATION DIAGNOSTIC — NOT CONFIRMATORY,DEVELOPMENT,MNQ_ORB_V01_CAND_003,EXECUTED_TRADE,2025-06-09T00:00:00,2025-06-09_30m_PRINT_LONG_1010,-0.0375,1,0.002291666666666665,0.32550000000000007,2025-06,15,0.5975,8.9625
POST-VALIDATION DIAGNOSTIC — NOT CONFIRMATORY,DEVELOPMENT,MNQ_ORB_V01_CAND_003,EXECUTED_TRADE,2025-06-11T00:00:00,2025-06-11_30m_PRINT_LONG_1023,-1.0,1,0.0022916666666666623,0.268,2025-06,15,0.5975,8.9625
POST-VALIDATION DIAGNOSTIC — NOT CONFIRMATORY,DEVELOPMENT,MNQ_ORB_V01_CAND_003,EXECUTED_TRADE,2025-06-12T00:00:00,2025-06-12_30m_PRINT_LONG_1008,1.875,1,0.09812499999999999,0.32549999999999996,2025-06,15,0.5975,8.9625
POST-VALIDATION DIAGNOSTIC — NOT CONFIRMATORY,DEVELOPMENT,MNQ_ORB_V01_CAND_003,EXECUTED_TRADE,2025-06-13T00:00:00,2025-06-13_30m_PRINT_SHORT_1021,-1.0,1,0.09812499999999999,0.291375,2025-06,15,0.5975,8.9625
POST-VALIDATION DIAGNOSTIC — NOT CONFIRMATORY,DEVELOPMENT,MNQ_ORB_V01_CAND_003,EXECUTED_TRADE,2025-06-20T00:00:00,2025-06-20_30m_PRINT_SHORT_1001,1.875,1,0.09812499999999999,0.34887500000000005,2025-06,15,0.5975,8.9625
POST-VALIDATION DIAGNOSTIC — NOT CONFIRMATORY,DEVELOPMENT,MNQ_ORB_V01_CAND_003,EXECUTED_TRADE,2025-06-23T00:00:00,2025-06-23_30m_PRINT_LONG_1001,1.875,1,0.09812499999999999,0.34887500000000005,2025-06,15,0.5975,8.9625
POST-VALIDATION DIAGNOSTIC — NOT CONFIRMATORY,DEVELOPMENT,MNQ_ORB_V01_CAND_003,EXECUTED_TRADE,2025-06-24T00:00:00,2025-06-24_30m_PRINT_LONG_1042,1.875,1,0.09812499999999999,0.40637500000000004,2025-06,15,0.5975,8.9625
POST-VALIDATION DIAGNOSTIC — NOT CONFIRMATORY,DEVELOPMENT,MNQ_ORB_V01_CAND_003,EXECUTED_TRADE,2025-06-25T00:00:00,2025-06-25_30m_PRINT_SHORT_1012,1.875,1,0.19395833333333332,0.40637500000000004,2025-06,15,0.5975,8.9625
POST-VALIDATION DIAGNOSTIC — NOT CONFIRMATORY,DEVELOPMENT,MNQ_ORB_V01_CAND_003,EXECUTED_TRADE,2025-06-26T00:00:00,2025-06-26_30m_PRINT_LONG_1001,1.875,1,0.28979166666666667,0.40637500000000004,2025-06,15,0.5975,8.9625
POST-VALIDATION DIAGNOSTIC — NOT CONFIRMATORY,DEVELOPMENT,MNQ_ORB_V01_CAND_003,EXECUTED_TRADE,2025-06-27T00:00:00,2025-06-27_30m_PRINT_LONG_1001,-1.0,1,0.28979166666666667,0.34887500000000005,2025-06,15,0.5975,8.9625
POST-VALIDATION DIAGNOSTIC — NOT CONFIRMATORY,DEVELOPMENT,REGION_15M_FIXED50,SESSION_REGION_CENTROID,2024-06-21T00:00:00,REGION_15M_FIXED50_20240621,-1.0,3,,,2024-06,6,0.20055555555555557,1.2033333333333334
POST-VALIDATION DIAGNOSTIC — NOT CONFIRMATORY,DEVELOPMENT,REGION_15M_FIXED50,SESSION_REGION_CENTROID,2024-06-24T00:00:00,REGION_15M_FIXED50_20240624,-1.0,3,,,2024-06,6,0.20055555555555557,1.2033333333333334
POST-VALIDATION DIAGNOSTIC — NOT CONFIRMATORY,DEVELOPMENT,REGION_15M_FIXED50,SESSION_REGION_CENTROID,2024-06-25T00:00:00,REGION_15M_FIXED50_20240625,1.5666666666666667,3,,,2024-06,6,0.20055555555555557,1.2033333333333334
POST-VALIDATION DIAGNOSTIC — NOT CONFIRMATORY,DEVELOPMENT,REGION_15M_FIXED50,SESSION_REGION_CENTROID,2024-06-26T00:00:00,REGION_15M_FIXED50_20240626,1.07,3,,,2024-06,6,0.20055555555555557,1.2033333333333334
POST-VALIDATION DIAGNOSTIC — NOT CONFIRMATORY,DEVELOPMENT,REGION_15M_FIXED50,SESSION_REGION_CENTROID,2024-06-27T00:00:00,REGION_15M_FIXED50_20240627,-1.0,3,,,2024-06,6,0.20055555555555557,1.2033333333333334
POST-VALIDATION DIAGNOSTIC — NOT CONFIRMATORY,DEVELOPMENT,REGION_15M_FIXED50,SESSION_REGION_CENTROID,2024-06-28T00:00:00,REGION_15M_FIXED50_20240628,1.5666666666666667,3,,,2024-06,6,0.20055555555555557,1.2033333333333334
POST-VALIDATION DIAGNOSTIC — NOT CONFIRMATORY,DEVELOPMENT,REGION_15M_FIXED50,SESSION_REGION_CENTROID,2024-07-01T00:00:00,REGION_15M_FIXED50_20240701,1.5666666666666667,3,,,2024-07,23,0.276231884057971,6.3533333333333335
POST-VALIDATION DIAGNOSTIC — NOT CONFIRMATORY,DEVELOPMENT,REGION_15M_FIXED50,SESSION_REGION_CENTROID,2024-07-02T00:00:00,REGION_15M_FIXED50_20240702,-1.0,3,,,2024-07,23,0.276231884057971,6.3533333333333335
POST-VALIDATION DIAGNOSTIC — NOT CONFIRMATORY,DEVELOPMENT,REGION_15M_FIXED50,SESSION_REGION_CENTROID,2024-07-03T00:00:00,REGION_15M_FIXED50_20240703,1.5666666666666667,3,,,2024-07,23,0.276231884057971,6.3533333333333335
POST-VALIDATION DIAGNOSTIC — NOT CONFIRMATORY,DEVELOPMENT,REGION_15M_FIXED50,SESSION_REGION_CENTROID,2024-07-04T00:00:00,REGION_15M_FIXED50_20240704,0.12,3,,,2024-07,23,0.276231884057971,6.3533333333333335
POST-VALIDATION DIAGNOSTIC — NOT CONFIRMATORY,DEVELOPMENT,REGION_15M_FIXED50,SESSION_REGION_CENTROID,2024-07-05T00:00:00,REGION_15M_FIXED50_20240705,-1.0,3,,,2024-07,23,0.276231884057971,6.3533333333333335
POST-VALIDATION DIAGNOSTIC — NOT CONFIRMATORY,DEVELOPMENT,REGION_15M_FIXED50,SESSION_REGION_CENTROID,2024-07-08T00:00:00,REGION_15M_FIXED50_20240708,-1.0,3,,,2024-07,23,0.276231884057971,6.3533333333333335
POST-VALIDATION DIAGNOSTIC — NOT CONFIRMATORY,DEVELOPMENT,REGION_15M_FIXED50,SESSION_REGION_CENTROID,2024-07-09T00:00:00,REGION_15M_FIXED50_20240709,-1.0,3,,,2024-07,23,0.276231884057971,6.3533333333333335
POST-VALIDATION DIAGNOSTIC — NOT CONFIRMATORY,DEVELOPMENT,REGION_15M_FIXED50,SESSION_REGION_CENTROID,2024-07-10T00:00:00,REGION_15M_FIXED50_20240710,-1.0,3,,,2024-07,23,0.276231884057971,6.3533333333333335
POST-VALIDATION DIAGNOSTIC — NOT CONFIRMATORY,DEVELOPMENT,REGION_15M_FIXED50,SESSION_REGION_CENTROID,2024-07-11T00:00:00,REGION_15M_FIXED50_20240711,1.5666666666666667,3,,,2024-07,23,0.276231884057971,6.3533333333333335
POST-VALIDATION DIAGNOSTIC — NOT CONFIRMATORY,DEVELOPMENT,REGION_15M_FIXED50,SESSION_REGION_CENTROID,2024-07-12T00:00:00,REGION_15M_FIXED50_20240712,1.5666666666666667,3,,,2024-07,23,0.276231884057971,6.3533333333333335
POST-VALIDATION DIAGNOSTIC — NOT CONFIRMATORY,DEVELOPMENT,REGION_15M_FIXED50,SESSION_REGION_CENTROID,2024-07-15T00:00:00,REGION_15M_FIXED50_20240715,-1.0,3,,,2024-07,23,0.276231884057971,6.3533333333333335
POST-VALIDATION DIAGNOSTIC — NOT CONFIRMATORY,DEVELOPMENT,REGION_15M_FIXED50,SESSION_REGION_CENTROID,2024-07-16T00:00:00,REGION_15M_FIXED50_20240716,1.5666666666666667,3,,,2024-07,23,0.276231884057971,6.3533333333333335
POST-VALIDATION DIAGNOSTIC — NOT CONFIRMATORY,DEVELOPMENT,REGION_15M_FIXED50,SESSION_REGION_CENTROID,2024-07-17T00:00:00,REGION_15M_FIXED50_20240717,1.5666666666666667,3,,,2024-07,23,0.276231884057971,6.3533333333333335
POST-VALIDATION DIAGNOSTIC — NOT CONFIRMATORY,DEVELOPMENT,REGION_15M_FIXED50,SESSION_REGION_CENTROID,2024-07-18T00:00:00,REGION_15M_FIXED50_20240718,-1.0,3,,,2024-07,23,0.276231884057971,6.3533333333333335
POST-VALIDATION DIAGNOSTIC — NOT CONFIRMATORY,DEVELOPMENT,REGION_15M_FIXED50,SESSION_REGION_CENTROID,2024-07-19T00:00:00,REGION_15M_FIXED50_20240719,1.5666666666666667,3,,,2024-07,23,0.276231884057971,6.3533333333333335
POST-VALIDATION DIAGNOSTIC — NOT CONFIRMATORY,DEVELOPMENT,REGION_15M_FIXED50,SESSION_REGION_CENTROID,2024-07-22T00:00:00,REGION_15M_FIXED50_20240722,-1.0,3,,,2024-07,23,0.276231884057971,6.3533333333333335
POST-VALIDATION DIAGNOSTIC — NOT CONFIRMATORY,DEVELOPMENT,REGION_15M_FIXED50,SESSION_REGION_CENTROID,2024-07-23T00:00:00,REGION_15M_FIXED50_20240723,-1.0,3,,,2024-07,23,0.276231884057971,6.3533333333333335
POST-VALIDATION DIAGNOSTIC — NOT CONFIRMATORY,DEVELOPMENT,REGION_15M_FIXED50,SESSION_REGION_CENTROID,2024-07-24T00:00:00,REGION_15M_FIXED50_20240724,1.5666666666666667,3,,,2024-07,23,0.276231884057971,6.3533333333333335
POST-VALIDATION DIAGNOSTIC — NOT CONFIRMATORY,DEVELOPMENT,REGION_15M_FIXED50,SESSION_REGION_CENTROID,2024-07-25T00:00:00,REGION_15M_FIXED50_20240725,1.5666666666666667,3,,,2024-07,23,0.276231884057971,6.3533333333333335
POST-VALIDATION DIAGNOSTIC — NOT CONFIRMATORY,DEVELOPMENT,REGION_15M_FIXED50,SESSION_REGION_CENTROID,2024-07-26T00:00:00,REGION_15M_FIXED50_20240726,-1.0,3,,,2024-07,23,0.276231884057971,6.3533333333333335
POST-VALIDATION DIAGNOSTIC — NOT CONFIRMATORY,DEVELOPMENT,REGION_15M_FIXED50,SESSION_REGION_CENTROID,2024-07-29T00:00:00,REGION_15M_FIXED50_20240729,-1.0,3,,,2024-07,23,0.276231884057971,6.3533333333333335
POST-VALIDATION DIAGNOSTIC — NOT CONFIRMATORY,DEVELOPMENT,REGION_15M_FIXED50,SESSION_REGION_CENTROID,2024-07-30T00:00:00,REGION_15M_FIXED50_20240730,1.5666666666666667,3,,,2024-07,23,0.276231884057971,6.3533333333333335
POST-VALIDATION DIAGNOSTIC — NOT CONFIRMATORY,DEVELOPMENT,REGION_15M_FIXED50,SESSION_REGION_CENTROID,2024-07-31T00:00:00,REGION_15M_FIXED50_20240731,1.5666666666666667,3,,,2024-07,23,0.276231884057971,6.3533333333333335
POST-VALIDATION DIAGNOSTIC — NOT CONFIRMATORY,DEVELOPMENT,REGION_15M_FIXED50,SESSION_REGION_CENTROID,2024-08-01T00:00:00,REGION_15M_FIXED50_20240801,-1.0,3,0.21855555555555556,,2024-08,22,0.31666666666666665,6.966666666666667
POST-VALIDATION DIAGNOSTIC — NOT CONFIRMATORY,DEVELOPMENT,REGION_15M_FIXED50,SESSION_REGION_CENTROID,2024-08-02T00:00:00,REGION_15M_FIXED50_20240802,1.5666666666666667,3,0.3041111111111111,,2024-08,22,0.31666666666666665,6.966666666666667
POST-VALIDATION DIAGNOSTIC — NOT CONFIRMATORY,DEVELOPMENT,REGION_15M_FIXED50,SESSION_REGION_CENTROID,2024-08-05T00:00:00,REGION_15M_FIXED50_20240805,1.5666666666666667,3,0.38966666666666666,,2024-08,22,0.31666666666666665,6.966666666666667
POST-VALIDATION DIAGNOSTIC — NOT CONFIRMATORY,DEVELOPMENT,REGION_15M_FIXED50,SESSION_REGION_CENTROID,2024-08-06T00:00:00,REGION_15M_FIXED50_20240806,-1.0,3,0.3041111111111111,,2024-08,22,0.31666666666666665,6.966666666666667
POST-VALIDATION DIAGNOSTIC — NOT CONFIRMATORY,DEVELOPMENT,REGION_15M_FIXED50,SESSION_REGION_CENTROID,2024-08-07T00:00:00,REGION_15M_FIXED50_20240807,-1.0,3,0.2351111111111111,,2024-08,22,0.31666666666666665,6.966666666666667
POST-VALIDATION DIAGNOSTIC — NOT CONFIRMATORY,DEVELOPMENT,REGION_15M_FIXED50,SESSION_REGION_CENTROID,2024-08-08T00:00:00,REGION_15M_FIXED50_20240808,-0.26666666666666666,3,0.25955555555555554,,2024-08,22,0.31666666666666665,6.966666666666667
POST-VALIDATION DIAGNOSTIC — NOT CONFIRMATORY,DEVELOPMENT,REGION_15M_FIXED50,SESSION_REGION_CENTROID,2024-08-09T00:00:00,REGION_15M_FIXED50_20240809,-1.0,3,0.174,,2024-08,22,0.31666666666666665,6.966666666666667
POST-VALIDATION DIAGNOSTIC — NOT CONFIRMATORY,DEVELOPMENT,REGION_15M_FIXED50,SESSION_REGION_CENTROID,2024-08-12T00:00:00,REGION_15M_FIXED50_20240812,-1.0,3,0.08844444444444445,,2024-08,22,0.31666666666666665,6.966666666666667
POST-VALIDATION DIAGNOSTIC — NOT CONFIRMATORY,DEVELOPMENT,REGION_15M_FIXED50,SESSION_REGION_CENTROID,2024-08-13T00:00:00,REGION_15M_FIXED50_20240813,1.5666666666666667,3,0.174,,2024-08,22,0.31666666666666665,6.966666666666667
POST-VALIDATION DIAGNOSTIC — NOT CONFIRMATORY,DEVELOPMENT,REGION_15M_FIXED50,SESSION_REGION_CENTROID,2024-08-14T00:00:00,REGION_15M_FIXED50_20240814,1.5666666666666667,3,0.174,,2024-08,22,0.31666666666666665,6.966666666666667
POST-VALIDATION DIAGNOSTIC — NOT CONFIRMATORY,DEVELOPMENT,REGION_15M_FIXED50,SESSION_REGION_CENTROID,2024-08-15T00:00:00,REGION_15M_FIXED50_20240815,1.5666666666666667,3,0.2222222222222222,,2024-08,22,0.31666666666666665,6.966666666666667
POST-VALIDATION DIAGNOSTIC — NOT CONFIRMATORY,DEVELOPMENT,REGION_15M_FIXED50,SESSION_REGION_CENTROID,2024-08-16T00:00:00,REGION_15M_FIXED50_20240816,1.5666666666666667,3,0.30777777777777776,,2024-08,22,0.31666666666666665,6.966666666666667
POST-VALIDATION DIAGNOSTIC — NOT CONFIRMATORY,DEVELOPMENT,REGION_15M_FIXED50,SESSION_REGION_CENTROID,2024-08-19T00:00:00,REGION_15M_FIXED50_20240819,-1.0,3,0.30777777777777776,,2024-08,22,0.31666666666666665,6.966666666666667
POST-VALIDATION DIAGNOSTIC — NOT CONFIRMATORY,DEVELOPMENT,REGION_15M_FIXED50,SESSION_REGION_CENTROID,2024-08-20T00:00:00,REGION_15M_FIXED50_20240820,-1.0,3,0.30777777777777776,,2024-08,22,0.31666666666666665,6.966666666666667
POST-VALIDATION DIAGNOSTIC — NOT CONFIRMATORY,DEVELOPMENT,REGION_15M_FIXED50,SESSION_REGION_CENTROID,2024-08-21T00:00:00,REGION_15M_FIXED50_20240821,1.5666666666666667,3,0.39333333333333337,,2024-08,22,0.31666666666666665,6.966666666666667
POST-VALIDATION DIAGNOSTIC — NOT CONFIRMATORY,DEVELOPMENT,REGION_15M_FIXED50,SESSION_REGION_CENTROID,2024-08-22T00:00:00,REGION_15M_FIXED50_20240822,1.5666666666666667,3,0.39333333333333337,,2024-08,22,0.31666666666666665,6.966666666666667
POST-VALIDATION DIAGNOSTIC — NOT CONFIRMATORY,DEVELOPMENT,REGION_15M_FIXED50,SESSION_REGION_CENTROID,2024-08-23T00:00:00,REGION_15M_FIXED50_20240823,1.5666666666666667,3,0.39333333333333337,,2024-08,22,0.31666666666666665,6.966666666666667
POST-VALIDATION DIAGNOSTIC — NOT CONFIRMATORY,DEVELOPMENT,REGION_15M_FIXED50,SESSION_REGION_CENTROID,2024-08-26T00:00:00,REGION_15M_FIXED50_20240826,1.5666666666666667,3,0.4788888888888889,,2024-08,22,0.31666666666666665,6.966666666666667
POST-VALIDATION DIAGNOSTIC — NOT CONFIRMATORY,DEVELOPMENT,REGION_15M_FIXED50,SESSION_REGION_CENTROID,2024-08-27T00:00:00,REGION_15M_FIXED50_20240827,-1.0,3,0.39333333333333337,,2024-08,22,0.31666666666666665,6.966666666666667
POST-VALIDATION DIAGNOSTIC — NOT CONFIRMATORY,DEVELOPMENT,REGION_15M_FIXED50,SESSION_REGION_CENTROID,2024-08-28T00:00:00,REGION_15M_FIXED50_20240828,1.5666666666666667,3,0.3933333333333333,,2024-08,22,0.31666666666666665,6.966666666666667
POST-VALIDATION DIAGNOSTIC — NOT CONFIRMATORY,DEVELOPMENT,REGION_15M_FIXED50,SESSION_REGION_CENTROID,2024-08-29T00:00:00,REGION_15M_FIXED50_20240829,-1.0,3,0.3933333333333333,0.31046666666666667,2024-08,22,0.31666666666666665,6.966666666666667
POST-VALIDATION DIAGNOSTIC — NOT CONFIRMATORY,DEVELOPMENT,REGION_15M_FIXED50,SESSION_REGION_CENTROID,2024-08-30T00:00:00,REGION_15M_FIXED50_20240830,-1.0,3,0.30777777777777776,0.31046666666666667,2024-08,22,0.31666666666666665,6.966666666666667
POST-VALIDATION DIAGNOSTIC — NOT CONFIRMATORY,DEVELOPMENT,REGION_15M_FIXED50,SESSION_REGION_CENTROID,2024-09-02T00:00:00,REGION_15M_FIXED50_20240902,-1.0,3,0.30777777777777776,0.31046666666666667,2024-09,16,0.16875,2.7
POST-VALIDATION DIAGNOSTIC — NOT CONFIRMATORY,DEVELOPMENT,REGION_15M_FIXED50,SESSION_REGION_CENTROID,2024-09-03T00:00:00,REGION_15M_FIXED50_20240903,1.5666666666666667,3,0.3933333333333333,0.31046666666666667,2024-09,16,0.16875,2.7
POST-VALIDATION DIAGNOSTIC — NOT CONFIRMATORY,DEVELOPMENT,REGION_15M_FIXED50,SESSION_REGION_CENTROID,2024-09-04T00:00:00,REGION_15M_FIXED50_20240904,-1.0,3,0.30777777777777776,0.2690666666666667,2024-09,16,0.16875,2.7
POST-VALIDATION DIAGNOSTIC — NOT CONFIRMATORY,DEVELOPMENT,REGION_15M_FIXED50,SESSION_REGION_CENTROID,2024-09-05T00:00:00,REGION_15M_FIXED50_20240905,-1.0,3,0.2222222222222222,0.2690666666666667,2024-09,16,0.16875,2.7
POST-VALIDATION DIAGNOSTIC — NOT CONFIRMATORY,DEVELOPMENT,REGION_15M_FIXED50,SESSION_REGION_CENTROID,2024-09-06T00:00:00,REGION_15M_FIXED50_20240906,1.5666666666666667,3,0.30777777777777776,0.2690666666666667,2024-09,16,0.16875,2.7
POST-VALIDATION DIAGNOSTIC — NOT CONFIRMATORY,DEVELOPMENT,REGION_15M_FIXED50,SESSION_REGION_CENTROID,2024-09-09T00:00:00,REGION_15M_FIXED50_20240909,-1.0,3,0.30777777777777776,0.21773333333333333,2024-09,16,0.16875,2.7
POST-VALIDATION DIAGNOSTIC — NOT CONFIRMATORY,DEVELOPMENT,REGION_15M_FIXED50,SESSION_REGION_CENTROID,2024-09-10T00:00:00,REGION_15M_FIXED50_20240910,-1.0,3,0.2222222222222222,0.21773333333333333,2024-09,16,0.16875,2.7
POST-VALIDATION DIAGNOSTIC — NOT CONFIRMATORY,DEVELOPMENT,REGION_15M_FIXED50,SESSION_REGION_CENTROID,2024-09-11T00:00:00,REGION_15M_FIXED50_20240911,1.5666666666666667,3,0.22222222222222224,0.21773333333333333,2024-09,16,0.16875,2.7
POST-VALIDATION DIAGNOSTIC — NOT CONFIRMATORY,DEVELOPMENT,REGION_15M_FIXED50,SESSION_REGION_CENTROID,2024-09-12T00:00:00,REGION_15M_FIXED50_20240912,-1.0,3,0.2222222222222222,0.1953333333333333,2024-09,16,0.16875,2.7
POST-VALIDATION DIAGNOSTIC — NOT CONFIRMATORY,DEVELOPMENT,REGION_15M_FIXED50,SESSION_REGION_CENTROID,2024-09-20T00:00:00,REGION_15M_FIXED50_20240920,1.5666666666666667,3,0.2222222222222222,0.24666666666666665,2024-09,16,0.16875,2.7
POST-VALIDATION DIAGNOSTIC — NOT CONFIRMATORY,DEVELOPMENT,REGION_15M_FIXED50,SESSION_REGION_CENTROID,2024-09-23T00:00:00,REGION_15M_FIXED50_20240923,-1.0,3,0.13666666666666666,0.24666666666666665,2024-09,16,0.16875,2.7
POST-VALIDATION DIAGNOSTIC — NOT CONFIRMATORY,DEVELOPMENT,REGION_15M_FIXED50,SESSION_REGION_CENTROID,2024-09-24T00:00:00,REGION_15M_FIXED50_20240924,1.5666666666666667,3,0.2222222222222222,0.298,2024-09,16,0.16875,2.7
POST-VALIDATION DIAGNOSTIC — NOT CONFIRMATORY,DEVELOPMENT,REGION_15M_FIXED50,SESSION_REGION_CENTROID,2024-09-25T00:00:00,REGION_15M_FIXED50_20240925,-0.26666666666666666,3,0.24666666666666665,0.31266666666666665,2024-09,16,0.16875,2.7
POST-VALIDATION DIAGNOSTIC — NOT CONFIRMATORY,DEVELOPMENT,REGION_15M_FIXED50,SESSION_REGION_CENTROID,2024-09-26T00:00:00,REGION_15M_FIXED50_20240926,1.5666666666666667,3,0.30777777777777776,0.31266666666666665,2024-09,16,0.16875,2.7
POST-VALIDATION DIAGNOSTIC — NOT CONFIRMATORY,DEVELOPMENT,REGION_15M_FIXED50,SESSION_REGION_CENTROID,2024-09-27T00:00:00,REGION_15M_FIXED50_20240927,1.5666666666666667,3,0.3933333333333333,0.31266666666666665,2024-09,16,0.16875,2.7
POST-VALIDATION DIAGNOSTIC — NOT CONFIRMATORY,DEVELOPMENT,REGION_15M_FIXED50,SESSION_REGION_CENTROID,2024-09-30T00:00:00,REGION_15M_FIXED50_20240930,-1.0,3,0.3933333333333333,0.31266666666666665,2024-09,16,0.16875,2.7
POST-VALIDATION DIAGNOSTIC — NOT CONFIRMATORY,DEVELOPMENT,REGION_15M_FIXED50,SESSION_REGION_CENTROID,2024-10-01T00:00:00,REGION_15M_FIXED50_20241001,1.5666666666666667,3,0.39333333333333337,0.31266666666666665,2024-10,23,0.32318840579710145,7.433333333333334
POST-VALIDATION DIAGNOSTIC — NOT CONFIRMATORY,DEVELOPMENT,REGION_15M_FIXED50,SESSION_REGION_CENTROID,2024-10-02T00:00:00,REGION_15M_FIXED50_20241002,-1.0,3,0.3077777777777778,0.2613333333333333,2024-10,23,0.32318840579710145,7.433333333333334
POST-VALIDATION DIAGNOSTIC — NOT CONFIRMATORY,DEVELOPMENT,REGION_15M_FIXED50,SESSION_REGION_CENTROID,2024-10-03T00:00:00,REGION_15M_FIXED50_20241003,1.5666666666666667,3,0.30777777777777776,0.31266666666666665,2024-10,23,0.32318840579710145,7.433333333333334
POST-VALIDATION DIAGNOSTIC — NOT CONFIRMATORY,DEVELOPMENT,REGION_15M_FIXED50,SESSION_REGION_CENTROID,2024-10-04T00:00:00,REGION_15M_FIXED50_20241004,1.5666666666666667,3,0.30777777777777776,0.31266666666666665,2024-10,23,0.32318840579710145,7.433333333333334
POST-VALIDATION DIAGNOSTIC — NOT CONFIRMATORY,DEVELOPMENT,REGION_15M_FIXED50,SESSION_REGION_CENTROID,2024-10-07T00:00:00,REGION_15M_FIXED50_20241007,-1.0,3,0.30777777777777776,0.31266666666666665,2024-10,23,0.32318840579710145,7.433333333333334
POST-VALIDATION DIAGNOSTIC — NOT CONFIRMATORY,DEVELOPMENT,REGION_15M_FIXED50,SESSION_REGION_CENTROID,2024-10-08T00:00:00,REGION_15M_FIXED50_20241008,1.5666666666666667,3,0.3933333333333333,0.364,2024-10,23,0.32318840579710145,7.433333333333334
POST-VALIDATION DIAGNOSTIC — NOT CONFIRMATORY,DEVELOPMENT,REGION_15M_FIXED50,SESSION_REGION_CENTROID,2024-10-09T00:00:00,REGION_15M_FIXED50_20241009,1.5666666666666667,3,0.39333333333333337,0.364,2024-10,23,0.32318840579710145,7.433333333333334
POST-VALIDATION DIAGNOSTIC — NOT CONFIRMATORY,DEVELOPMENT,REGION_15M_FIXED50,SESSION_REGION_CENTROID,2024-10-10T00:00:00,REGION_15M_FIXED50_20241010,-1.0,3,0.3077777777777778,0.3126666666666667,2024-10,23,0.32318840579710145,7.433333333333334
POST-VALIDATION DIAGNOSTIC — NOT CONFIRMATORY,DEVELOPMENT,REGION_15M_FIXED50,SESSION_REGION_CENTROID,2024-10-11T00:00:00,REGION_15M_FIXED50_20241011,1.5666666666666667,3,0.30777777777777776,0.364,2024-10,23,0.32318840579710145,7.433333333333334
POST-VALIDATION DIAGNOSTIC — NOT CONFIRMATORY,DEVELOPMENT,REGION_15M_FIXED50,SESSION_REGION_CENTROID,2024-10-14T00:00:00,REGION_15M_FIXED50_20241014,-0.26666666666666666,3,0.24666666666666665,0.37866666666666665,2024-10,23,0.32318840579710145,7.433333333333334
POST-VALIDATION DIAGNOSTIC — NOT CONFIRMATORY,DEVELOPMENT,REGION_15M_FIXED50,SESSION_REGION_CENTROID,2024-10-15T00:00:00,REGION_15M_FIXED50_20241015,1.5666666666666667,3,0.33222222222222214,0.37866666666666665,2024-10,23,0.32318840579710145,7.433333333333334
POST-VALIDATION DIAGNOSTIC — NOT CONFIRMATORY,DEVELOPMENT,REGION_15M_FIXED50,SESSION_REGION_CENTROID,2024-10-16T00:00:00,REGION_15M_FIXED50_20241016,-1.0,3,0.24666666666666662,0.32733333333333337,2024-10,23,0.32318840579710145,7.433333333333334
POST-VALIDATION DIAGNOSTIC — NOT CONFIRMATORY,DEVELOPMENT,REGION_15M_FIXED50,SESSION_REGION_CENTROID,2024-10-17T00:00:00,REGION_15M_FIXED50_20241017,-1.0,3,0.24666666666666662,0.32733333333333337,2024-10,23,0.32318840579710145,7.433333333333334
POST-VALIDATION DIAGNOSTIC — NOT CONFIRMATORY,DEVELOPMENT,REGION_15M_FIXED50,SESSION_REGION_CENTROID,2024-10-18T00:00:00,REGION_15M_FIXED50_20241018,-1.0,3,0.24666666666666662,0.276,2024-10,23,0.32318840579710145,7.433333333333334
POST-VALIDATION DIAGNOSTIC — NOT CONFIRMATORY,DEVELOPMENT,REGION_15M_FIXED50,SESSION_REGION_CENTROID,2024-10-21T00:00:00,REGION_15M_FIXED50_20241021,-0.26666666666666666,3,0.2711111111111111,0.23933333333333334,2024-10,23,0.32318840579710145,7.433333333333334
POST-VALIDATION DIAGNOSTIC — NOT CONFIRMATORY,DEVELOPMENT,REGION_15M_FIXED50,SESSION_REGION_CENTROID,2024-10-22T00:00:00,REGION_15M_FIXED50_20241022,1.5666666666666667,3,0.2711111111111111,0.2906666666666667,2024-10,23,0.32318840579710145,7.433333333333334
POST-VALIDATION DIAGNOSTIC — NOT CONFIRMATORY,DEVELOPMENT,REGION_15M_FIXED50,SESSION_REGION_CENTROID,2024-10-23T00:00:00,REGION_15M_FIXED50_20241023,-0.26666666666666666,3,0.2955555555555555,0.30533333333333335,2024-10,23,0.32318840579710145,7.433333333333334
POST-VALIDATION DIAGNOSTIC — NOT CONFIRMATORY,DEVELOPMENT,REGION_15M_FIXED50,SESSION_REGION_CENTROID,2024-10-24T00:00:00,REGION_15M_FIXED50_20241024,-1.0,3,0.2955555555555555,0.2906666666666667,2024-10,23,0.32318840579710145,7.433333333333334
POST-VALIDATION DIAGNOSTIC — NOT CONFIRMATORY,DEVELOPMENT,REGION_15M_FIXED50,SESSION_REGION_CENTROID,2024-10-25T00:00:00,REGION_15M_FIXED50_20241025,1.5666666666666667,3,0.29555555555555557,0.34199999999999997,2024-10,23,0.32318840579710145,7.433333333333334
POST-VALIDATION DIAGNOSTIC — NOT CONFIRMATORY,DEVELOPMENT,REGION_15M_FIXED50,SESSION_REGION_CENTROID,2024-10-28T00:00:00,REGION_15M_FIXED50_20241028,-1.0,3,0.29555555555555557,0.34199999999999997,2024-10,23,0.32318840579710145,7.433333333333334
POST-VALIDATION DIAGNOSTIC — NOT CONFIRMATORY,DEVELOPMENT,REGION_15M_FIXED50,SESSION_REGION_CENTROID,2024-10-29T00:00:00,REGION_15M_FIXED50_20241029,1.5666666666666667,3,0.3811111111111111,0.34199999999999997,2024-10,23,0.32318840579710145,7.433333333333334
POST-VALIDATION DIAGNOSTIC — NOT CONFIRMATORY,DEVELOPMENT,REGION_15M_FIXED50,SESSION_REGION_CENTROID,2024-10-30T00:00:00,REGION_15M_FIXED50_20241030,-1.0,3,0.29555555555555557,0.2906666666666667,2024-10,23,0.32318840579710145,7.433333333333334
POST-VALIDATION DIAGNOSTIC — NOT CONFIRMATORY,DEVELOPMENT,REGION_15M_FIXED50,SESSION_REGION_CENTROID,2024-10-31T00:00:00,REGION_15M_FIXED50_20241031,1.5666666666666667,3,0.3811111111111111,0.2906666666666667,2024-10,23,0.32318840579710145,7.433333333333334
POST-VALIDATION DIAGNOSTIC — NOT CONFIRMATORY,DEVELOPMENT,REGION_15M_FIXED50,SESSION_REGION_CENTROID,2024-11-01T00:00:00,REGION_15M_FIXED50_20241101,1.5666666666666667,3,0.3811111111111111,0.2906666666666667,2024-11,21,0.4161904761904762,8.74
POST-VALIDATION DIAGNOSTIC — NOT CONFIRMATORY,DEVELOPMENT,REGION_15M_FIXED50,SESSION_REGION_CENTROID,2024-11-04T00:00:00,REGION_15M_FIXED50_20241104,0.5666666666666667,3,0.43333333333333335,0.322,2024-11,21,0.4161904761904762,8.74
POST-VALIDATION DIAGNOSTIC — NOT CONFIRMATORY,DEVELOPMENT,REGION_15M_FIXED50,SESSION_REGION_CENTROID,2024-11-05T00:00:00,REGION_15M_FIXED50_20241105,1.5666666666666667,3,0.43333333333333335,0.37333333333333335,2024-11,21,0.4161904761904762,8.74
POST-VALIDATION DIAGNOSTIC — NOT CONFIRMATORY,DEVELOPMENT,REGION_15M_FIXED50,SESSION_REGION_CENTROID,2024-11-06T00:00:00,REGION_15M_FIXED50_20241106,-1.0,3,0.40888888888888886,0.322,2024-11,21,0.4161904761904762,8.74
POST-VALIDATION DIAGNOSTIC — NOT CONFIRMATORY,DEVELOPMENT,REGION_15M_FIXED50,SESSION_REGION_CENTROID,2024-11-07T00:00:00,REGION_15M_FIXED50_20241107,1.5666666666666667,3,0.40888888888888886,0.322,2024-11,21,0.4161904761904762,8.74
POST-VALIDATION DIAGNOSTIC — NOT CONFIRMATORY,DEVELOPMENT,REGION_15M_FIXED50,SESSION_REGION_CENTROID,2024-11-08T00:00:00,REGION_15M_FIXED50_20241108,-1.0,3,0.3233333333333333,0.2706666666666667,2024-11,21,0.4161904761904762,8.74
POST-VALIDATION DIAGNOSTIC — NOT CONFIRMATORY,DEVELOPMENT,REGION_15M_FIXED50,SESSION_REGION_CENTROID,2024-11-11T00:00:00,REGION_15M_FIXED50_20241111,1.5666666666666667,3,0.40888888888888886,0.27066666666666667,2024-11,21,0.4161904761904762,8.74
POST-VALIDATION DIAGNOSTIC — NOT CONFIRMATORY,DEVELOPMENT,REGION_15M_FIXED50,SESSION_REGION_CENTROID,2024-11-12T00:00:00,REGION_15M_FIXED50_20241112,-1.0,3,0.3233333333333333,0.27066666666666667,2024-11,21,0.4161904761904762,8.74
POST-VALIDATION DIAGNOSTIC — NOT CONFIRMATORY,DEVELOPMENT,REGION_15M_FIXED50,SESSION_REGION_CENTROID,2024-11-13T00:00:00,REGION_15M_FIXED50_20241113,0.5666666666666667,3,0.37555555555555553,0.25066666666666665,2024-11,21,0.4161904761904762,8.74
POST-VALIDATION DIAGNOSTIC — NOT CONFIRMATORY,DEVELOPMENT,REGION_15M_FIXED50,SESSION_REGION_CENTROID,2024-11-14T00:00:00,REGION_15M_FIXED50_20241114,-1.0,3,0.29,0.25066666666666665,2024-11,21,0.4161904761904762,8.74
POST-VALIDATION DIAGNOSTIC — NOT CONFIRMATORY,DEVELOPMENT,REGION_15M_FIXED50,SESSION_REGION_CENTROID,2024-11-15T00:00:00,REGION_15M_FIXED50_20241115,1.5666666666666667,3,0.29,0.302,2024-11,21,0.4161904761904762,8.74
POST-VALIDATION DIAGNOSTIC — NOT CONFIRMATORY,DEVELOPMENT,REGION_15M_FIXED50,SESSION_REGION_CENTROID,2024-11-18T00:00:00,REGION_15M_FIXED50_20241118,-1.0,3,0.29,0.30200000000000005,2024-11,21,0.4161904761904762,8.74
POST-VALIDATION DIAGNOSTIC — NOT CONFIRMATORY,DEVELOPMENT,REGION_15M_FIXED50,SESSION_REGION_CENTROID,2024-11-19T00:00:00,REGION_15M_FIXED50_20241119,1.5666666666666667,3,0.29,0.302,2024-11,21,0.4161904761904762,8.74
POST-VALIDATION DIAGNOSTIC — NOT CONFIRMATORY,DEVELOPMENT,REGION_15M_FIXED50,SESSION_REGION_CENTROID,2024-11-20T00:00:00,REGION_15M_FIXED50_20241120,1.5666666666666667,3,0.29,0.35333333333333333,2024-11,21,0.4161904761904762,8.74
POST-VALIDATION DIAGNOSTIC — NOT CONFIRMATORY,DEVELOPMENT,REGION_15M_FIXED50,SESSION_REGION_CENTROID,2024-11-21T00:00:00,REGION_15M_FIXED50_20241121,-1.0,3,0.29,0.35333333333333333,2024-11,21,0.4161904761904762,8.74
POST-VALIDATION DIAGNOSTIC — NOT CONFIRMATORY,DEVELOPMENT,REGION_15M_FIXED50,SESSION_REGION_CENTROID,2024-11-22T00:00:00,REGION_15M_FIXED50_20241122,-1.0,3,0.20444444444444446,0.30200000000000005,2024-11,21,0.4161904761904762,8.74
POST-VALIDATION DIAGNOSTIC — NOT CONFIRMATORY,DEVELOPMENT,REGION_15M_FIXED50,SESSION_REGION_CENTROID,2024-11-25T00:00:00,REGION_15M_FIXED50_20241125,1.5666666666666667,3,0.26555555555555554,0.35333333333333333,2024-11,21,0.4161904761904762,8.74
POST-VALIDATION DIAGNOSTIC — NOT CONFIRMATORY,DEVELOPMENT,REGION_15M_FIXED50,SESSION_REGION_CENTROID,2024-11-26T00:00:00,REGION_15M_FIXED50_20241126,-1.0,3,0.18,0.3533333333333333,2024-11,21,0.4161904761904762,8.74
POST-VALIDATION DIAGNOSTIC — NOT CONFIRMATORY,DEVELOPMENT,REGION_15M_FIXED50,SESSION_REGION_CENTROID,2024-11-27T00:00:00,REGION_15M_FIXED50_20241127,1.5666666666666667,3,0.26555555555555554,0.3533333333333333,2024-11,21,0.4161904761904762,8.74
POST-VALIDATION DIAGNOSTIC — NOT CONFIRMATORY,DEVELOPMENT,REGION_15M_FIXED50,SESSION_REGION_CENTROID,2024-11-28T00:00:00,REGION_15M_FIXED50_20241128,-0.06,3,0.29688888888888887,0.3721333333333333,2024-11,21,0.4161904761904762,8.74
POST-VALIDATION DIAGNOSTIC — NOT CONFIRMATORY,DEVELOPMENT,REGION_15M_FIXED50,SESSION_REGION_CENTROID,2024-11-29T00:00:00,REGION_15M_FIXED50_20241129,1.5666666666666667,3,0.3824444444444444,0.3721333333333333,2024-11,21,0.4161904761904762,8.74
POST-VALIDATION DIAGNOSTIC — NOT CONFIRMATORY,DEVELOPMENT,REGION_15M_FIXED50,SESSION_REGION_CENTROID,2024-12-02T00:00:00,REGION_15M_FIXED50_20241202,1.5666666666666667,3,0.44355555555555554,0.42346666666666666,2024-12,17,0.24872549019607845,4.2283333333333335
POST-VALIDATION DIAGNOSTIC — NOT CONFIRMATORY,DEVELOPMENT,REGION_15M_FIXED50,SESSION_REGION_CENTROID,2024-12-03T00:00:00,REGION_15M_FIXED50_20241203,1.4016666666666666,3,0.43805555555555553,0.42016666666666663,2024-12,17,0.24872549019607845,4.2283333333333335
POST-VALIDATION DIAGNOSTIC — NOT CONFIRMATORY,DEVELOPMENT,REGION_15M_FIXED50,SESSION_REGION_CENTROID,2024-12-04T00:00:00,REGION_15M_FIXED50_20241204,1.5666666666666667,3,0.49916666666666665,0.45683333333333337,2024-12,17,0.24872549019607845,4.2283333333333335
POST-VALIDATION DIAGNOSTIC — NOT CONFIRMATORY,DEVELOPMENT,REGION_15M_FIXED50,SESSION_REGION_CENTROID,2024-12-05T00:00:00,REGION_15M_FIXED50_20241205,0.86,3,0.5611666666666666,0.4427,2024-12,17,0.24872549019607845,4.2283333333333335
POST-VALIDATION DIAGNOSTIC — NOT CONFIRMATORY,DEVELOPMENT,REGION_15M_FIXED50,SESSION_REGION_CENTROID,2024-12-06T00:00:00,REGION_15M_FIXED50_20241206,1.5666666666666667,3,0.5611666666666666,0.4427,2024-12,17,0.24872549019607845,4.2283333333333335
POST-VALIDATION DIAGNOSTIC — NOT CONFIRMATORY,DEVELOPMENT,REGION_15M_FIXED50,SESSION_REGION_CENTROID,2024-12-09T00:00:00,REGION_15M_FIXED50_20241209,-1.0,3,0.5611666666666666,0.4427,2024-12,17,0.24872549019607845,4.2283333333333335
POST-VALIDATION DIAGNOSTIC — NOT CONFIRMATORY,DEVELOPMENT,REGION_15M_FIXED50,SESSION_REGION_CENTROID,2024-12-10T00:00:00,REGION_15M_FIXED50_20241210,-1.0,3,0.4756111111111111,0.39136666666666664,2024-12,17,0.24872549019607845,4.2283333333333335
POST-VALIDATION DIAGNOSTIC — NOT CONFIRMATORY,DEVELOPMENT,REGION_15M_FIXED50,SESSION_REGION_CENTROID,2024-12-11T00:00:00,REGION_15M_FIXED50_20241211,1.5666666666666667,3,0.5611666666666666,0.4427,2024-12,17,0.24872549019607845,4.2283333333333335
POST-VALIDATION DIAGNOSTIC — NOT CONFIRMATORY,DEVELOPMENT,REGION_15M_FIXED50,SESSION_REGION_CENTROID,2024-12-12T00:00:00,REGION_15M_FIXED50_20241212,-1.0,3,0.4756111111111111,0.39136666666666664,2024-12,17,0.24872549019607845,4.2283333333333335
POST-VALIDATION DIAGNOSTIC — NOT CONFIRMATORY,DEVELOPMENT,REGION_15M_FIXED50,SESSION_REGION_CENTROID,2024-12-13T00:00:00,REGION_15M_FIXED50_20241213,-1.0,3,0.39005555555555554,0.3400333333333333,2024-12,17,0.24872549019607845,4.2283333333333335
POST-VALIDATION DIAGNOSTIC — NOT CONFIRMATORY,DEVELOPMENT,REGION_15M_FIXED50,SESSION_REGION_CENTROID,2024-12-20T00:00:00,REGION_15M_FIXED50_20241220,-1.0,3,0.3378333333333333,0.3400333333333333,2024-12,17,0.24872549019607845,4.2283333333333335
POST-VALIDATION DIAGNOSTIC — NOT CONFIRMATORY,DEVELOPMENT,REGION_15M_FIXED50,SESSION_REGION_CENTROID,2024-12-23T00:00:00,REGION_15M_FIXED50_20241223,1.5666666666666667,3,0.3378333333333333,0.3400333333333333,2024-12,17,0.24872549019607845,4.2283333333333335
POST-VALIDATION DIAGNOSTIC — NOT CONFIRMATORY,DEVELOPMENT,REGION_15M_FIXED50,SESSION_REGION_CENTROID,2024-12-24T00:00:00,REGION_15M_FIXED50_20241224,1.5666666666666667,3,0.42338888888888887,0.3400333333333333,2024-12,17,0.24872549019607845,4.2283333333333335
POST-VALIDATION DIAGNOSTIC — NOT CONFIRMATORY,DEVELOPMENT,REGION_15M_FIXED50,SESSION_REGION_CENTROID,2024-12-26T00:00:00,REGION_15M_FIXED50_20241226,0.5666666666666667,3,0.39005555555555554,0.3713666666666666,2024-12,17,0.24872549019607845,4.2283333333333335
POST-VALIDATION DIAGNOSTIC — NOT CONFIRMATORY,DEVELOPMENT,REGION_15M_FIXED50,SESSION_REGION_CENTROID,2024-12-27T00:00:00,REGION_15M_FIXED50_20241227,-1.0,3,0.39005555555555554,0.3200333333333333,2024-12,17,0.24872549019607845,4.2283333333333335
POST-VALIDATION DIAGNOSTIC — NOT CONFIRMATORY,DEVELOPMENT,REGION_15M_FIXED50,SESSION_REGION_CENTROID,2024-12-30T00:00:00,REGION_15M_FIXED50_20241230,-1.0,3,0.30449999999999994,0.3053666666666666,2024-12,17,0.24872549019607845,4.2283333333333335
POST-VALIDATION DIAGNOSTIC — NOT CONFIRMATORY,DEVELOPMENT,REGION_15M_FIXED50,SESSION_REGION_CENTROID,2024-12-31T00:00:00,REGION_15M_FIXED50_20241231,-1.0,3,0.30449999999999994,0.2540333333333333,2024-12,17,0.24872549019607845,4.2283333333333335
POST-VALIDATION DIAGNOSTIC — NOT CONFIRMATORY,DEVELOPMENT,REGION_15M_FIXED50,SESSION_REGION_CENTROID,2025-01-02T00:00:00,REGION_15M_FIXED50_20250102,-0.26666666666666666,3,0.2767222222222222,0.2687,2025-01,20,0.009250000000000013,0.18500000000000028
POST-VALIDATION DIAGNOSTIC — NOT CONFIRMATORY,DEVELOPMENT,REGION_15M_FIXED50,SESSION_REGION_CENTROID,2025-01-03T00:00:00,REGION_15M_FIXED50_20250103,-1.0,3,0.2767222222222222,0.2687,2025-01,20,0.009250000000000013,0.18500000000000028
POST-VALIDATION DIAGNOSTIC — NOT CONFIRMATORY,DEVELOPMENT,REGION_15M_FIXED50,SESSION_REGION_CENTROID,2025-01-06T00:00:00,REGION_15M_FIXED50_20250106,-0.26666666666666666,3,0.21561111111111106,0.2833666666666666,2025-01,20,0.009250000000000013,0.18500000000000028
POST-VALIDATION DIAGNOSTIC — NOT CONFIRMATORY,DEVELOPMENT,REGION_15M_FIXED50,SESSION_REGION_CENTROID,2025-01-07T00:00:00,REGION_15M_FIXED50_20250107,1.5666666666666667,3,0.30116666666666664,0.3200333333333333,2025-01,20,0.009250000000000013,0.18500000000000028
POST-VALIDATION DIAGNOSTIC — NOT CONFIRMATORY,DEVELOPMENT,REGION_15M_FIXED50,SESSION_REGION_CENTROID,2025-01-08T00:00:00,REGION_15M_FIXED50_20250108,-1.0,3,0.2156111111111111,0.2687,2025-01,20,0.009250000000000013,0.18500000000000028
POST-VALIDATION DIAGNOSTIC — NOT CONFIRMATORY,DEVELOPMENT,REGION_15M_FIXED50,SESSION_REGION_CENTROID,2025-01-13T00:00:00,REGION_15M_FIXED50_20250113,-0.26666666666666666,3,0.1545,0.2687,2025-01,20,0.009250000000000013,0.18500000000000028
POST-VALIDATION DIAGNOSTIC — NOT CONFIRMATORY,DEVELOPMENT,REGION_15M_FIXED50,SESSION_REGION_CENTROID,2025-01-14T00:00:00,REGION_15M_FIXED50_20250114,-1.0,3,0.1545,0.2687,2025-01,20,0.009250000000000013,0.18500000000000028
POST-VALIDATION DIAGNOSTIC — NOT CONFIRMATORY,DEVELOPMENT,REGION_15M_FIXED50,SESSION_REGION_CENTROID,2025-01-15T00:00:00,REGION_15M_FIXED50_20250115,1.5666666666666667,3,0.24005555555555555,0.2687,2025-01,20,0.009250000000000013,0.18500000000000028
POST-VALIDATION DIAGNOSTIC — NOT CONFIRMATORY,DEVELOPMENT,REGION_15M_FIXED50,SESSION_REGION_CENTROID,2025-01-16T00:00:00,REGION_15M_FIXED50_20250116,-0.26666666666666666,3,0.17894444444444443,0.28336666666666666,2025-01,20,0.009250000000000013,0.18500000000000028
POST-VALIDATION DIAGNOSTIC — NOT CONFIRMATORY,DEVELOPMENT,REGION_15M_FIXED50,SESSION_REGION_CENTROID,2025-01-17T00:00:00,REGION_15M_FIXED50_20250117,-1.0,3,0.17894444444444443,0.23203333333333334,2025-01,20,0.009250000000000013,0.18500000000000028
POST-VALIDATION DIAGNOSTIC — NOT CONFIRMATORY,DEVELOPMENT,REGION_15M_FIXED50,SESSION_REGION_CENTROID,2025-01-20T00:00:00,REGION_15M_FIXED50_20250120,1.1183333333333334,3,0.164,0.2744,2025-01,20,0.009250000000000013,0.18500000000000028
POST-VALIDATION DIAGNOSTIC — NOT CONFIRMATORY,DEVELOPMENT,REGION_15M_FIXED50,SESSION_REGION_CENTROID,2025-01-21T00:00:00,REGION_15M_FIXED50_20250121,-0.26666666666666666,3,0.1571111111111111,0.23773333333333332,2025-01,20,0.009250000000000013,0.18500000000000028
POST-VALIDATION DIAGNOSTIC — NOT CONFIRMATORY,DEVELOPMENT,REGION_15M_FIXED50,SESSION_REGION_CENTROID,2025-01-22T00:00:00,REGION_15M_FIXED50_20250122,1.5666666666666667,3,0.1571111111111111,0.23773333333333332,2025-01,20,0.009250000000000013,0.18500000000000028
POST-VALIDATION DIAGNOSTIC — NOT CONFIRMATORY,DEVELOPMENT,REGION_15M_FIXED50,SESSION_REGION_CENTROID,2025-01-23T00:00:00,REGION_15M_FIXED50_20250123,1.5666666666666667,3,0.1571111111111111,0.2577333333333333,2025-01,20,0.009250000000000013,0.18500000000000028
POST-VALIDATION DIAGNOSTIC — NOT CONFIRMATORY,DEVELOPMENT,REGION_15M_FIXED50,SESSION_REGION_CENTROID,2025-01-24T00:00:00,REGION_15M_FIXED50_20250124,-1.0,3,0.07705555555555556,0.2064,2025-01,20,0.009250000000000013,0.18500000000000028
POST-VALIDATION DIAGNOSTIC — NOT CONFIRMATORY,DEVELOPMENT,REGION_15M_FIXED50,SESSION_REGION_CENTROID,2025-01-27T00:00:00,REGION_15M_FIXED50_20250127,-1.0,3,-0.008500000000000004,0.2064,2025-01,20,0.009250000000000013,0.18500000000000028
POST-VALIDATION DIAGNOSTIC — NOT CONFIRMATORY,DEVELOPMENT,REGION_15M_FIXED50,SESSION_REGION_CENTROID,2025-01-28T00:00:00,REGION_15M_FIXED50_20250128,-1.0,3,-0.07050000000000001,0.15506666666666669,2025-01,20,0.009250000000000013,0.18500000000000028
POST-VALIDATION DIAGNOSTIC — NOT CONFIRMATORY,DEVELOPMENT,REGION_15M_FIXED50,SESSION_REGION_CENTROID,2025-01-29T00:00:00,REGION_15M_FIXED50_20250129,-1.0,3,-0.15605555555555556,0.15506666666666669,2025-01,20,0.009250000000000013,0.18500000000000028
POST-VALIDATION DIAGNOSTIC — NOT CONFIRMATORY,DEVELOPMENT,REGION_15M_FIXED50,SESSION_REGION_CENTROID,2025-01-30T00:00:00,REGION_15M_FIXED50_20250130,0.5666666666666667,3,-0.10383333333333335,0.13506666666666667,2025-01,20,0.009250000000000013,0.18500000000000028
POST-VALIDATION DIAGNOSTIC — NOT CONFIRMATORY,DEVELOPMENT,REGION_15M_FIXED50,SESSION_REGION_CENTROID,2025-01-31T00:00:00,REGION_15M_FIXED50_20250131,1.5666666666666667,3,-0.018277777777777778,0.1864,2025-01,20,0.009250000000000013,0.18500000000000028
POST-VALIDATION DIAGNOSTIC — NOT CONFIRMATORY,DEVELOPMENT,REGION_15M_FIXED50,SESSION_REGION_CENTROID,2025-02-03T00:00:00,REGION_15M_FIXED50_20250203,-1.0,3,-0.10383333333333335,0.15506666666666669,2025-02,20,0.34875,6.975
POST-VALIDATION DIAGNOSTIC — NOT CONFIRMATORY,DEVELOPMENT,REGION_15M_FIXED50,SESSION_REGION_CENTROID,2025-02-04T00:00:00,REGION_15M_FIXED50_20250204,1.5666666666666667,3,-0.018277777777777785,0.2064,2025-02,20,0.34875,6.975
POST-VALIDATION DIAGNOSTIC — NOT CONFIRMATORY,DEVELOPMENT,REGION_15M_FIXED50,SESSION_REGION_CENTROID,2025-02-05T00:00:00,REGION_15M_FIXED50_20250205,-1.0,3,-0.018277777777777778,0.15506666666666669,2025-02,20,0.34875,6.975
POST-VALIDATION DIAGNOSTIC — NOT CONFIRMATORY,DEVELOPMENT,REGION_15M_FIXED50,SESSION_REGION_CENTROID,2025-02-06T00:00:00,REGION_15M_FIXED50_20250206,-1.0,3,-0.018277777777777778,0.15506666666666669,2025-02,20,0.34875,6.975
POST-VALIDATION DIAGNOSTIC — NOT CONFIRMATORY,DEVELOPMENT,REGION_15M_FIXED50,SESSION_REGION_CENTROID,2025-02-07T00:00:00,REGION_15M_FIXED50_20250207,1.5666666666666667,3,-0.018277777777777785,0.15506666666666666,2025-02,20,0.34875,6.975
POST-VALIDATION DIAGNOSTIC — NOT CONFIRMATORY,DEVELOPMENT,REGION_15M_FIXED50,SESSION_REGION_CENTROID,2025-02-10T00:00:00,REGION_15M_FIXED50_20250210,-1.0,3,-0.10383333333333335,0.10373333333333333,2025-02,20,0.34875,6.975
POST-VALIDATION DIAGNOSTIC — NOT CONFIRMATORY,DEVELOPMENT,REGION_15M_FIXED50,SESSION_REGION_CENTROID,2025-02-11T00:00:00,REGION_15M_FIXED50_20250211,-0.26666666666666666,3,-0.1316111111111111,0.1184,2025-02,20,0.34875,6.975
POST-VALIDATION DIAGNOSTIC — NOT CONFIRMATORY,DEVELOPMENT,REGION_15M_FIXED50,SESSION_REGION_CENTROID,2025-02-12T00:00:00,REGION_15M_FIXED50_20250212,-1.0,3,-0.1316111111111111,0.1184,2025-02,20,0.34875,6.975
POST-VALIDATION DIAGNOSTIC — NOT CONFIRMATORY,DEVELOPMENT,REGION_15M_FIXED50,SESSION_REGION_CENTROID,2025-02-13T00:00:00,REGION_15M_FIXED50_20250213,-1.0,3,-0.1316111111111111,0.06706666666666666,2025-02,20,0.34875,6.975
POST-VALIDATION DIAGNOSTIC — NOT CONFIRMATORY,DEVELOPMENT,REGION_15M_FIXED50,SESSION_REGION_CENTROID,2025-02-14T00:00:00,REGION_15M_FIXED50_20250214,1.2766666666666666,3,-0.05572222222222222,0.11260000000000002,2025-02,20,0.34875,6.975
POST-VALIDATION DIAGNOSTIC — NOT CONFIRMATORY,DEVELOPMENT,REGION_15M_FIXED50,SESSION_REGION_CENTROID,2025-02-17T00:00:00,REGION_15M_FIXED50_20250217,-0.135,3,-0.051333333333333335,0.07856666666666666,2025-02,20,0.34875,6.975
POST-VALIDATION DIAGNOSTIC — NOT CONFIRMATORY,DEVELOPMENT,REGION_15M_FIXED50,SESSION_REGION_CENTROID,2025-02-18T00:00:00,REGION_15M_FIXED50_20250218,1.5666666666666667,3,0.03422222222222222,0.11109999999999999,2025-02,20,0.34875,6.975
POST-VALIDATION DIAGNOSTIC — NOT CONFIRMATORY,DEVELOPMENT,REGION_15M_FIXED50,SESSION_REGION_CENTROID,2025-02-19T00:00:00,REGION_15M_FIXED50_20250219,-1.0,3,0.009777777777777774,0.05976666666666666,2025-02,20,0.34875,6.975
POST-VALIDATION DIAGNOSTIC — NOT CONFIRMATORY,DEVELOPMENT,REGION_15M_FIXED50,SESSION_REGION_CENTROID,2025-02-20T00:00:00,REGION_15M_FIXED50_20250220,1.5666666666666667,3,0.009777777777777774,0.05976666666666666,2025-02,20,0.34875,6.975
POST-VALIDATION DIAGNOSTIC — NOT CONFIRMATORY,DEVELOPMENT,REGION_15M_FIXED50,SESSION_REGION_CENTROID,2025-02-21T00:00:00,REGION_15M_FIXED50_20250221,1.5666666666666667,3,0.09533333333333333,0.06306666666666666,2025-02,20,0.34875,6.975
POST-VALIDATION DIAGNOSTIC — NOT CONFIRMATORY,DEVELOPMENT,REGION_15M_FIXED50,SESSION_REGION_CENTROID,2025-02-24T00:00:00,REGION_15M_FIXED50_20250224,1.5666666666666667,3,0.15644444444444444,0.06306666666666666,2025-02,20,0.34875,6.975
POST-VALIDATION DIAGNOSTIC — NOT CONFIRMATORY,DEVELOPMENT,REGION_15M_FIXED50,SESSION_REGION_CENTROID,2025-02-25T00:00:00,REGION_15M_FIXED50_20250225,1.5666666666666667,3,0.242,0.0772,2025-02,20,0.34875,6.975
POST-VALIDATION DIAGNOSTIC — NOT CONFIRMATORY,DEVELOPMENT,REGION_15M_FIXED50,SESSION_REGION_CENTROID,2025-02-26T00:00:00,REGION_15M_FIXED50_20250226,1.5666666666666667,3,0.242,0.07719999999999999,2025-02,20,0.34875,6.975
POST-VALIDATION DIAGNOSTIC — NOT CONFIRMATORY,DEVELOPMENT,REGION_15M_FIXED50,SESSION_REGION_CENTROID,2025-02-27T00:00:00,REGION_15M_FIXED50_20250227,1.5666666666666667,3,0.3031111111111111,0.1285333333333333,2025-02,20,0.34875,6.975
POST-VALIDATION DIAGNOSTIC — NOT CONFIRMATORY,DEVELOPMENT,REGION_15M_FIXED50,SESSION_REGION_CENTROID,2025-02-28T00:00:00,REGION_15M_FIXED50_20250228,-1.0,3,0.3031111111111111,0.1285333333333333,2025-02,20,0.34875,6.975
POST-VALIDATION DIAGNOSTIC — NOT CONFIRMATORY,DEVELOPMENT,REGION_15M_FIXED50,SESSION_REGION_CENTROID,2025-03-03T00:00:00,REGION_15M_FIXED50_20250303,-1.0,3,0.23249999999999998,0.07719999999999999,2025-03,16,0.12291666666666666,1.9666666666666666
POST-VALIDATION DIAGNOSTIC — NOT CONFIRMATORY,DEVELOPMENT,REGION_15M_FIXED50,SESSION_REGION_CENTROID,2025-03-05T00:00:00,REGION_15M_FIXED50_20250305,-1.0,3,0.20805555555555558,0.07719999999999999,2025-03,16,0.12291666666666666,1.9666666666666666
POST-VALIDATION DIAGNOSTIC — NOT CONFIRMATORY,DEVELOPMENT,REGION_15M_FIXED50,SESSION_REGION_CENTROID,2025-03-06T00:00:00,REGION_15M_FIXED50_20250306,-1.0,3,0.12249999999999998,0.07719999999999999,2025-03,16,0.12291666666666666,1.9666666666666666
POST-VALIDATION DIAGNOSTIC — NOT CONFIRMATORY,DEVELOPMENT,REGION_15M_FIXED50,SESSION_REGION_CENTROID,2025-03-07T00:00:00,REGION_15M_FIXED50_20250307,-1.0,3,0.03694444444444443,0.07719999999999999,2025-03,16,0.12291666666666666,1.9666666666666666
POST-VALIDATION DIAGNOSTIC — NOT CONFIRMATORY,DEVELOPMENT,REGION_15M_FIXED50,SESSION_REGION_CENTROID,2025-03-10T00:00:00,REGION_15M_FIXED50_20250310,1.5666666666666667,3,0.1225,0.07719999999999999,2025-03,16,0.12291666666666666,1.9666666666666666
POST-VALIDATION DIAGNOSTIC — NOT CONFIRMATORY,DEVELOPMENT,REGION_15M_FIXED50,SESSION_REGION_CENTROID,2025-03-11T00:00:00,REGION_15M_FIXED50_20250311,-1.0,3,0.1225,0.02586666666666666,2025-03,16,0.12291666666666666,1.9666666666666666
POST-VALIDATION DIAGNOSTIC — NOT CONFIRMATORY,DEVELOPMENT,REGION_15M_FIXED50,SESSION_REGION_CENTROID,2025-03-12T00:00:00,REGION_15M_FIXED50_20250312,-1.0,3,0.1225,-0.005466666666666668,2025-03,16,0.12291666666666666,1.9666666666666666
POST-VALIDATION DIAGNOSTIC — NOT CONFIRMATORY,DEVELOPMENT,REGION_15M_FIXED50,SESSION_REGION_CENTROID,2025-03-13T00:00:00,REGION_15M_FIXED50_20250313,1.5666666666666667,3,0.20805555555555555,0.04586666666666666,2025-03,16,0.12291666666666666,1.9666666666666666
POST-VALIDATION DIAGNOSTIC — NOT CONFIRMATORY,DEVELOPMENT,REGION_15M_FIXED50,SESSION_REGION_CENTROID,2025-03-14T00:00:00,REGION_15M_FIXED50_20250314,-1.0,3,0.15583333333333332,0.04586666666666666,2025-03,16,0.12291666666666666,1.9666666666666666
POST-VALIDATION DIAGNOSTIC — NOT CONFIRMATORY,DEVELOPMENT,REGION_15M_FIXED50,SESSION_REGION_CENTROID,2025-03-21T00:00:00,REGION_15M_FIXED50_20250321,1.5666666666666667,3,0.15583333333333332,0.0972,2025-03,16,0.12291666666666666,1.9666666666666666
POST-VALIDATION DIAGNOSTIC — NOT CONFIRMATORY,DEVELOPMENT,REGION_15M_FIXED50,SESSION_REGION_CENTROID,2025-03-24T00:00:00,REGION_15M_FIXED50_20250324,1.5666666666666667,3,0.24138888888888888,0.13386666666666666,2025-03,16,0.12291666666666666,1.9666666666666666
POST-VALIDATION DIAGNOSTIC — NOT CONFIRMATORY,DEVELOPMENT,REGION_15M_FIXED50,SESSION_REGION_CENTROID,2025-03-25T00:00:00,REGION_15M_FIXED50_20250325,-1.0,3,0.15583333333333332,0.13386666666666666,2025-03,16,0.12291666666666666,1.9666666666666666
POST-VALIDATION DIAGNOSTIC — NOT CONFIRMATORY,DEVELOPMENT,REGION_15M_FIXED50,SESSION_REGION_CENTROID,2025-03-26T00:00:00,REGION_15M_FIXED50_20250326,1.5666666666666667,3,0.24138888888888888,0.17053333333333334,2025-03,16,0.12291666666666666,1.9666666666666666
POST-VALIDATION DIAGNOSTIC — NOT CONFIRMATORY,DEVELOPMENT,REGION_15M_FIXED50,SESSION_REGION_CENTROID,2025-03-27T00:00:00,REGION_15M_FIXED50_20250327,1.5666666666666667,3,0.32694444444444437,0.17053333333333334,2025-03,16,0.12291666666666666,1.9666666666666666
POST-VALIDATION DIAGNOSTIC — NOT CONFIRMATORY,DEVELOPMENT,REGION_15M_FIXED50,SESSION_REGION_CENTROID,2025-03-28T00:00:00,REGION_15M_FIXED50_20250328,1.5666666666666667,3,0.32694444444444437,0.22186666666666668,2025-03,16,0.12291666666666666,1.9666666666666666
POST-VALIDATION DIAGNOSTIC — NOT CONFIRMATORY,DEVELOPMENT,REGION_15M_FIXED50,SESSION_REGION_CENTROID,2025-03-31T00:00:00,REGION_15M_FIXED50_20250331,-1.0,3,0.32694444444444437,0.2072,2025-03,16,0.12291666666666666,1.9666666666666666
POST-VALIDATION DIAGNOSTIC — NOT CONFIRMATORY,DEVELOPMENT,REGION_15M_FIXED50,SESSION_REGION_CENTROID,2025-04-01T00:00:00,REGION_15M_FIXED50_20250401,-1.0,3,0.3025,0.2072,2025-04,18,-0.01666666666666667,-0.30000000000000004
POST-VALIDATION DIAGNOSTIC — NOT CONFIRMATORY,DEVELOPMENT,REGION_15M_FIXED50,SESSION_REGION_CENTROID,2025-04-02T00:00:00,REGION_15M_FIXED50_20250402,1.5666666666666667,3,0.38805555555555554,0.2072,2025-04,18,-0.01666666666666667,-0.30000000000000004
POST-VALIDATION DIAGNOSTIC — NOT CONFIRMATORY,DEVELOPMENT,REGION_15M_FIXED50,SESSION_REGION_CENTROID,2025-04-03T00:00:00,REGION_15M_FIXED50_20250403,1.5666666666666667,3,0.47361111111111115,0.24386666666666668,2025-04,18,-0.01666666666666667,-0.30000000000000004
POST-VALIDATION DIAGNOSTIC — NOT CONFIRMATORY,DEVELOPMENT,REGION_15M_FIXED50,SESSION_REGION_CENTROID,2025-04-08T00:00:00,REGION_15M_FIXED50_20250408,-1.0,3,0.3977222222222222,0.24386666666666668,2025-04,18,-0.01666666666666667,-0.30000000000000004
POST-VALIDATION DIAGNOSTIC — NOT CONFIRMATORY,DEVELOPMENT,REGION_15M_FIXED50,SESSION_REGION_CENTROID,2025-04-10T00:00:00,REGION_15M_FIXED50_20250410,1.5666666666666667,3,0.45444444444444443,0.2528333333333333,2025-04,18,-0.01666666666666667,-0.30000000000000004
POST-VALIDATION DIAGNOSTIC — NOT CONFIRMATORY,DEVELOPMENT,REGION_15M_FIXED50,SESSION_REGION_CENTROID,2025-04-11T00:00:00,REGION_15M_FIXED50_20250411,0.5666666666666667,3,0.4211111111111111,0.2695,2025-04,18,-0.01666666666666667,-0.30000000000000004
POST-VALIDATION DIAGNOSTIC — NOT CONFIRMATORY,DEVELOPMENT,REGION_15M_FIXED50,SESSION_REGION_CENTROID,2025-04-14T00:00:00,REGION_15M_FIXED50_20250414,-1.0,3,0.4211111111111111,0.21816666666666662,2025-04,18,-0.01666666666666667,-0.30000000000000004
POST-VALIDATION DIAGNOSTIC — NOT CONFIRMATORY,DEVELOPMENT,REGION_15M_FIXED50,SESSION_REGION_CENTROID,2025-04-15T00:00:00,REGION_15M_FIXED50_20250415,-1.0,3,0.33555555555555555,0.1668333333333333,2025-04,18,-0.01666666666666667,-0.30000000000000004
POST-VALIDATION DIAGNOSTIC — NOT CONFIRMATORY,DEVELOPMENT,REGION_15M_FIXED50,SESSION_REGION_CENTROID,2025-04-16T00:00:00,REGION_15M_FIXED50_20250416,-0.26666666666666666,3,0.27444444444444444,0.1815,2025-04,18,-0.01666666666666667,-0.30000000000000004
POST-VALIDATION DIAGNOSTIC — NOT CONFIRMATORY,DEVELOPMENT,REGION_15M_FIXED50,SESSION_REGION_CENTROID,2025-04-17T00:00:00,REGION_15M_FIXED50_20250417,-1.0,3,0.1888888888888889,0.1815,2025-04,18,-0.01666666666666667,-0.30000000000000004
POST-VALIDATION DIAGNOSTIC — NOT CONFIRMATORY,DEVELOPMENT,REGION_15M_FIXED50,SESSION_REGION_CENTROID,2025-04-21T00:00:00,REGION_15M_FIXED50_20250421,-1.0,3,0.10333333333333332,0.1815,2025-04,18,-0.01666666666666667,-0.30000000000000004
POST-VALIDATION DIAGNOSTIC — NOT CONFIRMATORY,DEVELOPMENT,REGION_15M_FIXED50,SESSION_REGION_CENTROID,2025-04-22T00:00:00,REGION_15M_FIXED50_20250422,1.5666666666666667,3,0.10333333333333332,0.2328333333333333,2025-04,18,-0.01666666666666667,-0.30000000000000004
POST-VALIDATION DIAGNOSTIC — NOT CONFIRMATORY,DEVELOPMENT,REGION_15M_FIXED50,SESSION_REGION_CENTROID,2025-04-23T00:00:00,REGION_15M_FIXED50_20250423,-1.0,3,0.017777777777777767,0.20149999999999998,2025-04,18,-0.01666666666666667,-0.30000000000000004
POST-VALIDATION DIAGNOSTIC — NOT CONFIRMATORY,DEVELOPMENT,REGION_15M_FIXED50,SESSION_REGION_CENTROID,2025-04-24T00:00:00,REGION_15M_FIXED50_20250424,1.5666666666666667,3,0.10333333333333332,0.20149999999999998,2025-04,18,-0.01666666666666667,-0.30000000000000004
POST-VALIDATION DIAGNOSTIC — NOT CONFIRMATORY,DEVELOPMENT,REGION_15M_FIXED50,SESSION_REGION_CENTROID,2025-04-25T00:00:00,REGION_15M_FIXED50_20250425,-1.0,3,0.10333333333333332,0.20149999999999998,2025-04,18,-0.01666666666666667,-0.30000000000000004
POST-VALIDATION DIAGNOSTIC — NOT CONFIRMATORY,DEVELOPMENT,REGION_15M_FIXED50,SESSION_REGION_CENTROID,2025-04-28T00:00:00,REGION_15M_FIXED50_20250428,-1.0,3,0.10333333333333332,0.15016666666666667,2025-04,18,-0.01666666666666667,-0.30000000000000004
POST-VALIDATION DIAGNOSTIC — NOT CONFIRMATORY,DEVELOPMENT,REGION_15M_FIXED50,SESSION_REGION_CENTROID,2025-04-29T00:00:00,REGION_15M_FIXED50_20250429,1.5666666666666667,3,0.18888888888888886,0.20149999999999998,2025-04,18,-0.01666666666666667,-0.30000000000000004
POST-VALIDATION DIAGNOSTIC — NOT CONFIRMATORY,DEVELOPMENT,REGION_15M_FIXED50,SESSION_REGION_CENTROID,2025-04-30T00:00:00,REGION_15M_FIXED50_20250430,-1.0,3,0.18888888888888886,0.20149999999999998,2025-04,18,-0.01666666666666667,-0.30000000000000004
POST-VALIDATION DIAGNOSTIC — NOT CONFIRMATORY,DEVELOPMENT,REGION_15M_FIXED50,SESSION_REGION_CENTROID,2025-05-01T00:00:00,REGION_15M_FIXED50_20250501,-1.0,3,0.10333333333333332,0.15016666666666667,2025-05,22,0.25537878787878787,5.618333333333333
POST-VALIDATION DIAGNOSTIC — NOT CONFIRMATORY,DEVELOPMENT,REGION_15M_FIXED50,SESSION_REGION_CENTROID,2025-05-02T00:00:00,REGION_15M_FIXED50_20250502,1.5666666666666667,3,0.18888888888888886,0.20149999999999998,2025-05,22,0.25537878787878787,5.618333333333333
POST-VALIDATION DIAGNOSTIC — NOT CONFIRMATORY,DEVELOPMENT,REGION_15M_FIXED50,SESSION_REGION_CENTROID,2025-05-05T00:00:00,REGION_15M_FIXED50_20250505,1.5666666666666667,3,0.27444444444444444,0.23816666666666664,2025-05,22,0.25537878787878787,5.618333333333333
POST-VALIDATION DIAGNOSTIC — NOT CONFIRMATORY,DEVELOPMENT,REGION_15M_FIXED50,SESSION_REGION_CENTROID,2025-05-06T00:00:00,REGION_15M_FIXED50_20250506,-1.0,3,0.1888888888888889,0.23816666666666664,2025-05,22,0.25537878787878787,5.618333333333333
POST-VALIDATION DIAGNOSTIC — NOT CONFIRMATORY,DEVELOPMENT,REGION_15M_FIXED50,SESSION_REGION_CENTROID,2025-05-07T00:00:00,REGION_15M_FIXED50_20250507,-1.0,3,0.18888888888888886,0.23816666666666664,2025-05,22,0.25537878787878787,5.618333333333333
POST-VALIDATION DIAGNOSTIC — NOT CONFIRMATORY,DEVELOPMENT,REGION_15M_FIXED50,SESSION_REGION_CENTROID,2025-05-08T00:00:00,REGION_15M_FIXED50_20250508,1.5666666666666667,3,0.18888888888888886,0.2439666666666667,2025-05,22,0.25537878787878787,5.618333333333333
POST-VALIDATION DIAGNOSTIC — NOT CONFIRMATORY,DEVELOPMENT,REGION_15M_FIXED50,SESSION_REGION_CENTROID,2025-05-09T00:00:00,REGION_15M_FIXED50_20250509,-1.0,3,0.10333333333333332,0.22666666666666666,2025-05,22,0.25537878787878787,5.618333333333333
POST-VALIDATION DIAGNOSTIC — NOT CONFIRMATORY,DEVELOPMENT,REGION_15M_FIXED50,SESSION_REGION_CENTROID,2025-05-12T00:00:00,REGION_15M_FIXED50_20250512,-1.0,3,0.10333333333333332,0.1753333333333333,2025-05,22,0.25537878787878787,5.618333333333333
POST-VALIDATION DIAGNOSTIC — NOT CONFIRMATORY,DEVELOPMENT,REGION_15M_FIXED50,SESSION_REGION_CENTROID,2025-05-13T00:00:00,REGION_15M_FIXED50_20250513,1.5666666666666667,3,0.10333333333333332,0.22666666666666668,2025-05,22,0.25537878787878787,5.618333333333333
POST-VALIDATION DIAGNOSTIC — NOT CONFIRMATORY,DEVELOPMENT,REGION_15M_FIXED50,SESSION_REGION_CENTROID,2025-05-14T00:00:00,REGION_15M_FIXED50_20250514,-1.0,3,0.017777777777777767,0.17533333333333334,2025-05,22,0.25537878787878787,5.618333333333333
POST-VALIDATION DIAGNOSTIC — NOT CONFIRMATORY,DEVELOPMENT,REGION_15M_FIXED50,SESSION_REGION_CENTROID,2025-05-15T00:00:00,REGION_15M_FIXED50_20250515,-1.0,3,-0.06777777777777778,0.12399999999999999,2025-05,22,0.25537878787878787,5.618333333333333
POST-VALIDATION DIAGNOSTIC — NOT CONFIRMATORY,DEVELOPMENT,REGION_15M_FIXED50,SESSION_REGION_CENTROID,2025-05-16T00:00:00,REGION_15M_FIXED50_20250516,-0.26666666666666666,3,-0.04333333333333334,0.08733333333333332,2025-05,22,0.25537878787878787,5.618333333333333
POST-VALIDATION DIAGNOSTIC — NOT CONFIRMATORY,DEVELOPMENT,REGION_15M_FIXED50,SESSION_REGION_CENTROID,2025-05-19T00:00:00,REGION_15M_FIXED50_20250519,1.5666666666666667,3,0.04222222222222221,0.08733333333333332,2025-05,22,0.25537878787878787,5.618333333333333
POST-VALIDATION DIAGNOSTIC — NOT CONFIRMATORY,DEVELOPMENT,REGION_15M_FIXED50,SESSION_REGION_CENTROID,2025-05-20T00:00:00,REGION_15M_FIXED50_20250520,-1.0,3,-0.04333333333333334,0.036,2025-05,22,0.25537878787878787,5.618333333333333
POST-VALIDATION DIAGNOSTIC — NOT CONFIRMATORY,DEVELOPMENT,REGION_15M_FIXED50,SESSION_REGION_CENTROID,2025-05-21T00:00:00,REGION_15M_FIXED50_20250521,1.5666666666666667,3,-0.04333333333333335,0.03599999999999999,2025-05,22,0.25537878787878787,5.618333333333333
POST-VALIDATION DIAGNOSTIC — NOT CONFIRMATORY,DEVELOPMENT,REGION_15M_FIXED50,SESSION_REGION_CENTROID,2025-05-22T00:00:00,REGION_15M_FIXED50_20250522,1.5666666666666667,3,0.04222222222222221,0.08733333333333332,2025-05,22,0.25537878787878787,5.618333333333333
POST-VALIDATION DIAGNOSTIC — NOT CONFIRMATORY,DEVELOPMENT,REGION_15M_FIXED50,SESSION_REGION_CENTROID,2025-05-23T00:00:00,REGION_15M_FIXED50_20250523,-1.0,3,-0.04333333333333334,0.08733333333333332,2025-05,22,0.25537878787878787,5.618333333333333
POST-VALIDATION DIAGNOSTIC — NOT CONFIRMATORY,DEVELOPMENT,REGION_15M_FIXED50,SESSION_REGION_CENTROID,2025-05-26T00:00:00,REGION_15M_FIXED50_20250526,-0.515,3,-0.0793888888888889,0.09703333333333333,2025-05,22,0.25537878787878787,5.618333333333333
POST-VALIDATION DIAGNOSTIC — NOT CONFIRMATORY,DEVELOPMENT,REGION_15M_FIXED50,SESSION_REGION_CENTROID,2025-05-27T00:00:00,REGION_15M_FIXED50_20250527,1.5666666666666667,3,0.006166666666666654,0.14836666666666665,2025-05,22,0.25537878787878787,5.618333333333333
POST-VALIDATION DIAGNOSTIC — NOT CONFIRMATORY,DEVELOPMENT,REGION_15M_FIXED50,SESSION_REGION_CENTROID,2025-05-28T00:00:00,REGION_15M_FIXED50_20250528,1.5666666666666667,3,0.0917222222222222,0.1997,2025-05,22,0.25537878787878787,5.618333333333333
POST-VALIDATION DIAGNOSTIC — NOT CONFIRMATORY,DEVELOPMENT,REGION_15M_FIXED50,SESSION_REGION_CENTROID,2025-05-29T00:00:00,REGION_15M_FIXED50_20250529,1.5666666666666667,3,0.1528333333333333,0.1997,2025-05,22,0.25537878787878787,5.618333333333333
POST-VALIDATION DIAGNOSTIC — NOT CONFIRMATORY,DEVELOPMENT,REGION_15M_FIXED50,SESSION_REGION_CENTROID,2025-05-30T00:00:00,REGION_15M_FIXED50_20250530,-0.26666666666666666,3,0.17727777777777776,0.21436666666666668,2025-05,22,0.25537878787878787,5.618333333333333
POST-VALIDATION DIAGNOSTIC — NOT CONFIRMATORY,DEVELOPMENT,REGION_15M_FIXED50,SESSION_REGION_CENTROID,2025-06-02T00:00:00,REGION_15M_FIXED50_20250602,-1.0,3,0.17727777777777778,0.21436666666666668,2025-06,17,0.033529411764705884,0.5700000000000001
POST-VALIDATION DIAGNOSTIC — NOT CONFIRMATORY,DEVELOPMENT,REGION_15M_FIXED50,SESSION_REGION_CENTROID,2025-06-03T00:00:00,REGION_15M_FIXED50_20250603,1.5666666666666667,3,0.17727777777777778,0.21436666666666668,2025-06,17,0.033529411764705884,0.5700000000000001
POST-VALIDATION DIAGNOSTIC — NOT CONFIRMATORY,DEVELOPMENT,REGION_15M_FIXED50,SESSION_REGION_CENTROID,2025-06-04T00:00:00,REGION_15M_FIXED50_20250604,0.5666666666666667,3,0.22949999999999998,0.2457,2025-06,17,0.033529411764705884,0.5700000000000001
POST-VALIDATION DIAGNOSTIC — NOT CONFIRMATORY,DEVELOPMENT,REGION_15M_FIXED50,SESSION_REGION_CENTROID,2025-06-05T00:00:00,REGION_15M_FIXED50_20250605,-1.0,3,0.14394444444444446,0.1943666666666667,2025-06,17,0.033529411764705884,0.5700000000000001
POST-VALIDATION DIAGNOSTIC — NOT CONFIRMATORY,DEVELOPMENT,REGION_15M_FIXED50,SESSION_REGION_CENTROID,2025-06-06T00:00:00,REGION_15M_FIXED50_20250606,-1.0,3,0.14394444444444446,0.14303333333333332,2025-06,17,0.033529411764705884,0.5700000000000001
POST-VALIDATION DIAGNOSTIC — NOT CONFIRMATORY,DEVELOPMENT,REGION_15M_FIXED50,SESSION_REGION_CENTROID,2025-06-09T00:00:00,REGION_15M_FIXED50_20250609,0.9233333333333333,3,0.20805555555555558,0.1815,2025-06,17,0.033529411764705884,0.5700000000000001
POST-VALIDATION DIAGNOSTIC — NOT CONFIRMATORY,DEVELOPMENT,REGION_15M_FIXED50,SESSION_REGION_CENTROID,2025-06-10T00:00:00,REGION_15M_FIXED50_20250610,-1.0,3,0.12249999999999998,0.13016666666666665,2025-06,17,0.033529411764705884,0.5700000000000001
POST-VALIDATION DIAGNOSTIC — NOT CONFIRMATORY,DEVELOPMENT,REGION_15M_FIXED50,SESSION_REGION_CENTROID,2025-06-11T00:00:00,REGION_15M_FIXED50_20250611,-1.0,3,0.1225,0.07883333333333332,2025-06,17,0.033529411764705884,0.5700000000000001
POST-VALIDATION DIAGNOSTIC — NOT CONFIRMATORY,DEVELOPMENT,REGION_15M_FIXED50,SESSION_REGION_CENTROID,2025-06-12T00:00:00,REGION_15M_FIXED50_20250612,1.2466666666666668,3,0.1973888888888889,0.07243333333333332,2025-06,17,0.033529411764705884,0.5700000000000001
POST-VALIDATION DIAGNOSTIC — NOT CONFIRMATORY,DEVELOPMENT,REGION_15M_FIXED50,SESSION_REGION_CENTROID,2025-06-13T00:00:00,REGION_15M_FIXED50_20250613,-1.0,3,0.11183333333333335,0.07243333333333332,2025-06,17,0.033529411764705884,0.5700000000000001
POST-VALIDATION DIAGNOSTIC — NOT CONFIRMATORY,DEVELOPMENT,REGION_15M_FIXED50,SESSION_REGION_CENTROID,2025-06-20T00:00:00,REGION_15M_FIXED50_20250620,1.5666666666666667,3,0.11183333333333331,0.12376666666666665,2025-06,17,0.033529411764705884,0.5700000000000001
POST-VALIDATION DIAGNOSTIC — NOT CONFIRMATORY,DEVELOPMENT,REGION_15M_FIXED50,SESSION_REGION_CENTROID,2025-06-23T00:00:00,REGION_15M_FIXED50_20250623,1.5666666666666667,3,0.1973888888888889,0.12376666666666666,2025-06,17,0.033529411764705884,0.5700000000000001
POST-VALIDATION DIAGNOSTIC — NOT CONFIRMATORY,DEVELOPMENT,REGION_15M_FIXED50,SESSION_REGION_CENTROID,2025-06-24T00:00:00,REGION_15M_FIXED50_20250624,-1.0,3,0.1973888888888889,0.07243333333333332,2025-06,17,0.033529411764705884,0.5700000000000001
POST-VALIDATION DIAGNOSTIC — NOT CONFIRMATORY,DEVELOPMENT,REGION_15M_FIXED50,SESSION_REGION_CENTROID,2025-06-25T00:00:00,REGION_15M_FIXED50_20250625,1.5666666666666667,3,0.1973888888888889,0.12376666666666665,2025-06,17,0.033529411764705884,0.5700000000000001
POST-VALIDATION DIAGNOSTIC — NOT CONFIRMATORY,DEVELOPMENT,REGION_15M_FIXED50,SESSION_REGION_CENTROID,2025-06-26T00:00:00,REGION_15M_FIXED50_20250626,-1.0,3,0.1973888888888889,0.07243333333333332,2025-06,17,0.033529411764705884,0.5700000000000001
POST-VALIDATION DIAGNOSTIC — NOT CONFIRMATORY,DEVELOPMENT,REGION_15M_FIXED50,SESSION_REGION_CENTROID,2025-06-27T00:00:00,REGION_15M_FIXED50_20250627,0.5666666666666667,3,0.24961111111111112,0.07243333333333332,2025-06,17,0.033529411764705884,0.5700000000000001
POST-VALIDATION DIAGNOSTIC — NOT CONFIRMATORY,DEVELOPMENT,REGION_15M_FIXED50,SESSION_REGION_CENTROID,2025-06-30T00:00:00,REGION_15M_FIXED50_20250630,-1.0,3,0.16405555555555557,0.07243333333333332,2025-06,17,0.033529411764705884,0.5700000000000001
POST-VALIDATION DIAGNOSTIC — NOT CONFIRMATORY,DEVELOPMENT,REGION_20M_MIDPOINT,SESSION_REGION_CENTROID,2024-06-21T00:00:00,REGION_20M_MIDPOINT_20240621,-1.0,3,,,2024-06,6,0.06864623243933592,0.41187739463601547
POST-VALIDATION DIAGNOSTIC — NOT CONFIRMATORY,DEVELOPMENT,REGION_20M_MIDPOINT,SESSION_REGION_CENTROID,2024-06-24T00:00:00,REGION_20M_MIDPOINT_20240624,-1.0,3,,,2024-06,6,0.06864623243933592,0.41187739463601547
POST-VALIDATION DIAGNOSTIC — NOT CONFIRMATORY,DEVELOPMENT,REGION_20M_MIDPOINT,SESSION_REGION_CENTROID,2024-06-25T00:00:00,REGION_20M_MIDPOINT_20240625,2.611111111111111,3,,,2024-06,6,0.06864623243933592,0.41187739463601547
POST-VALIDATION DIAGNOSTIC — NOT CONFIRMATORY,DEVELOPMENT,REGION_20M_MIDPOINT,SESSION_REGION_CENTROID,2024-06-26T00:00:00,REGION_20M_MIDPOINT_20240626,-1.0,3,,,2024-06,6,0.06864623243933592,0.41187739463601547
POST-VALIDATION DIAGNOSTIC — NOT CONFIRMATORY,DEVELOPMENT,REGION_20M_MIDPOINT,SESSION_REGION_CENTROID,2024-06-27T00:00:00,REGION_20M_MIDPOINT_20240627,-1.0,3,,,2024-06,6,0.06864623243933592,0.41187739463601547
POST-VALIDATION DIAGNOSTIC — NOT CONFIRMATORY,DEVELOPMENT,REGION_20M_MIDPOINT,SESSION_REGION_CENTROID,2024-06-28T00:00:00,REGION_20M_MIDPOINT_20240628,1.8007662835249043,3,,,2024-06,6,0.06864623243933592,0.41187739463601547
POST-VALIDATION DIAGNOSTIC — NOT CONFIRMATORY,DEVELOPMENT,REGION_20M_MIDPOINT,SESSION_REGION_CENTROID,2024-07-01T00:00:00,REGION_20M_MIDPOINT_20240701,-1.0,3,,,2024-07,23,0.5293752395205661,12.17563050897302
POST-VALIDATION DIAGNOSTIC — NOT CONFIRMATORY,DEVELOPMENT,REGION_20M_MIDPOINT,SESSION_REGION_CENTROID,2024-07-02T00:00:00,REGION_20M_MIDPOINT_20240702,1.3055555555555556,3,,,2024-07,23,0.5293752395205661,12.17563050897302
POST-VALIDATION DIAGNOSTIC — NOT CONFIRMATORY,DEVELOPMENT,REGION_20M_MIDPOINT,SESSION_REGION_CENTROID,2024-07-03T00:00:00,REGION_20M_MIDPOINT_20240703,-1.0,3,,,2024-07,23,0.5293752395205661,12.17563050897302
POST-VALIDATION DIAGNOSTIC — NOT CONFIRMATORY,DEVELOPMENT,REGION_20M_MIDPOINT,SESSION_REGION_CENTROID,2024-07-04T00:00:00,REGION_20M_MIDPOINT_20240704,0.4390243902439024,3,,,2024-07,23,0.5293752395205661,12.17563050897302
POST-VALIDATION DIAGNOSTIC — NOT CONFIRMATORY,DEVELOPMENT,REGION_20M_MIDPOINT,SESSION_REGION_CENTROID,2024-07-05T00:00:00,REGION_20M_MIDPOINT_20240705,2.3558897243107766,3,,,2024-07,23,0.5293752395205661,12.17563050897302
POST-VALIDATION DIAGNOSTIC — NOT CONFIRMATORY,DEVELOPMENT,REGION_20M_MIDPOINT,SESSION_REGION_CENTROID,2024-07-08T00:00:00,REGION_20M_MIDPOINT_20240708,-1.0,3,,,2024-07,23,0.5293752395205661,12.17563050897302
POST-VALIDATION DIAGNOSTIC — NOT CONFIRMATORY,DEVELOPMENT,REGION_20M_MIDPOINT,SESSION_REGION_CENTROID,2024-07-09T00:00:00,REGION_20M_MIDPOINT_20240709,-1.0,3,,,2024-07,23,0.5293752395205661,12.17563050897302
POST-VALIDATION DIAGNOSTIC — NOT CONFIRMATORY,DEVELOPMENT,REGION_20M_MIDPOINT,SESSION_REGION_CENTROID,2024-07-10T00:00:00,REGION_20M_MIDPOINT_20240710,-1.0,3,,,2024-07,23,0.5293752395205661,12.17563050897302
POST-VALIDATION DIAGNOSTIC — NOT CONFIRMATORY,DEVELOPMENT,REGION_20M_MIDPOINT,SESSION_REGION_CENTROID,2024-07-11T00:00:00,REGION_20M_MIDPOINT_20240711,3.1333333333333333,3,,,2024-07,23,0.5293752395205661,12.17563050897302
POST-VALIDATION DIAGNOSTIC — NOT CONFIRMATORY,DEVELOPMENT,REGION_20M_MIDPOINT,SESSION_REGION_CENTROID,2024-07-12T00:00:00,REGION_20M_MIDPOINT_20240712,2.238095238095238,3,,,2024-07,23,0.5293752395205661,12.17563050897302
POST-VALIDATION DIAGNOSTIC — NOT CONFIRMATORY,DEVELOPMENT,REGION_20M_MIDPOINT,SESSION_REGION_CENTROID,2024-07-15T00:00:00,REGION_20M_MIDPOINT_20240715,1.865079365079365,3,,,2024-07,23,0.5293752395205661,12.17563050897302
POST-VALIDATION DIAGNOSTIC — NOT CONFIRMATORY,DEVELOPMENT,REGION_20M_MIDPOINT,SESSION_REGION_CENTROID,2024-07-16T00:00:00,REGION_20M_MIDPOINT_20240716,1.8762475049900198,3,,,2024-07,23,0.5293752395205661,12.17563050897302
POST-VALIDATION DIAGNOSTIC — NOT CONFIRMATORY,DEVELOPMENT,REGION_20M_MIDPOINT,SESSION_REGION_CENTROID,2024-07-17T00:00:00,REGION_20M_MIDPOINT_20240717,2.088888888888889,3,,,2024-07,23,0.5293752395205661,12.17563050897302
POST-VALIDATION DIAGNOSTIC — NOT CONFIRMATORY,DEVELOPMENT,REGION_20M_MIDPOINT,SESSION_REGION_CENTROID,2024-07-18T00:00:00,REGION_20M_MIDPOINT_20240718,-1.0,3,,,2024-07,23,0.5293752395205661,12.17563050897302
POST-VALIDATION DIAGNOSTIC — NOT CONFIRMATORY,DEVELOPMENT,REGION_20M_MIDPOINT,SESSION_REGION_CENTROID,2024-07-19T00:00:00,REGION_20M_MIDPOINT_20240719,1.111111111111111,3,,,2024-07,23,0.5293752395205661,12.17563050897302
POST-VALIDATION DIAGNOSTIC — NOT CONFIRMATORY,DEVELOPMENT,REGION_20M_MIDPOINT,SESSION_REGION_CENTROID,2024-07-22T00:00:00,REGION_20M_MIDPOINT_20240722,-1.0,3,,,2024-07,23,0.5293752395205661,12.17563050897302
POST-VALIDATION DIAGNOSTIC — NOT CONFIRMATORY,DEVELOPMENT,REGION_20M_MIDPOINT,SESSION_REGION_CENTROID,2024-07-23T00:00:00,REGION_20M_MIDPOINT_20240723,-1.0,3,,,2024-07,23,0.5293752395205661,12.17563050897302
POST-VALIDATION DIAGNOSTIC — NOT CONFIRMATORY,DEVELOPMENT,REGION_20M_MIDPOINT,SESSION_REGION_CENTROID,2024-07-24T00:00:00,REGION_20M_MIDPOINT_20240724,1.1691542288557215,3,,,2024-07,23,0.5293752395205661,12.17563050897302
POST-VALIDATION DIAGNOSTIC — NOT CONFIRMATORY,DEVELOPMENT,REGION_20M_MIDPOINT,SESSION_REGION_CENTROID,2024-07-25T00:00:00,REGION_20M_MIDPOINT_20240725,1.289437585733882,3,,,2024-07,23,0.5293752395205661,12.17563050897302
POST-VALIDATION DIAGNOSTIC — NOT CONFIRMATORY,DEVELOPMENT,REGION_20M_MIDPOINT,SESSION_REGION_CENTROID,2024-07-26T00:00:00,REGION_20M_MIDPOINT_20240726,-1.0,3,,,2024-07,23,0.5293752395205661,12.17563050897302
POST-VALIDATION DIAGNOSTIC — NOT CONFIRMATORY,DEVELOPMENT,REGION_20M_MIDPOINT,SESSION_REGION_CENTROID,2024-07-29T00:00:00,REGION_20M_MIDPOINT_20240729,-1.0,3,,,2024-07,23,0.5293752395205661,12.17563050897302
POST-VALIDATION DIAGNOSTIC — NOT CONFIRMATORY,DEVELOPMENT,REGION_20M_MIDPOINT,SESSION_REGION_CENTROID,2024-07-30T00:00:00,REGION_20M_MIDPOINT_20240730,1.7602996254681649,3,,,2024-07,23,0.5293752395205661,12.17563050897302
POST-VALIDATION DIAGNOSTIC — NOT CONFIRMATORY,DEVELOPMENT,REGION_20M_MIDPOINT,SESSION_REGION_CENTROID,2024-07-31T00:00:00,REGION_20M_MIDPOINT_20240731,1.5435139573070609,3,,,2024-07,23,0.5293752395205661,12.17563050897302
POST-VALIDATION DIAGNOSTIC — NOT CONFIRMATORY,DEVELOPMENT,REGION_20M_MIDPOINT,SESSION_REGION_CENTROID,2024-08-01T00:00:00,REGION_20M_MIDPOINT_20240801,-1.0,3,0.3862502634536345,,2024-08,22,0.16275784174239416,3.5806725183326717
POST-VALIDATION DIAGNOSTIC — NOT CONFIRMATORY,DEVELOPMENT,REGION_20M_MIDPOINT,SESSION_REGION_CENTROID,2024-08-02T00:00:00,REGION_20M_MIDPOINT_20240802,0.7137433561123766,3,0.4433750419907137,,2024-08,22,0.16275784174239416,3.5806725183326717
POST-VALIDATION DIAGNOSTIC — NOT CONFIRMATORY,DEVELOPMENT,REGION_20M_MIDPOINT,SESSION_REGION_CENTROID,2024-08-05T00:00:00,REGION_20M_MIDPOINT_20240805,0.3651903651903652,3,0.4888813874970592,,2024-08,22,0.16275784174239416,3.5806725183326717
POST-VALIDATION DIAGNOSTIC — NOT CONFIRMATORY,DEVELOPMENT,REGION_20M_MIDPOINT,SESSION_REGION_CENTROID,2024-08-06T00:00:00,REGION_20M_MIDPOINT_20240806,0.7372549019607844,3,0.426419513858715,,2024-08,22,0.16275784174239416,3.5806725183326717
POST-VALIDATION DIAGNOSTIC — NOT CONFIRMATORY,DEVELOPMENT,REGION_20M_MIDPOINT,SESSION_REGION_CENTROID,2024-08-07T00:00:00,REGION_20M_MIDPOINT_20240807,-1.0,3,0.426419513858715,,2024-08,22,0.16275784174239416,3.5806725183326717
POST-VALIDATION DIAGNOSTIC — NOT CONFIRMATORY,DEVELOPMENT,REGION_20M_MIDPOINT,SESSION_REGION_CENTROID,2024-08-08T00:00:00,REGION_20M_MIDPOINT_20240808,-1.0,3,0.426419513858715,,2024-08,22,0.16275784174239416,3.5806725183326717
POST-VALIDATION DIAGNOSTIC — NOT CONFIRMATORY,DEVELOPMENT,REGION_20M_MIDPOINT,SESSION_REGION_CENTROID,2024-08-09T00:00:00,REGION_20M_MIDPOINT_20240809,-1.0,3,0.33306063774121825,,2024-08,22,0.16275784174239416,3.5806725183326717
POST-VALIDATION DIAGNOSTIC — NOT CONFIRMATORY,DEVELOPMENT,REGION_20M_MIDPOINT,SESSION_REGION_CENTROID,2024-08-12T00:00:00,REGION_20M_MIDPOINT_20240812,-1.0,3,0.33306063774121825,,2024-08,22,0.16275784174239416,3.5806725183326717
POST-VALIDATION DIAGNOSTIC — NOT CONFIRMATORY,DEVELOPMENT,REGION_20M_MIDPOINT,SESSION_REGION_CENTROID,2024-08-13T00:00:00,REGION_20M_MIDPOINT_20240813,-1.0,3,0.25620878588936635,,2024-08,22,0.16275784174239416,3.5806725183326717
POST-VALIDATION DIAGNOSTIC — NOT CONFIRMATORY,DEVELOPMENT,REGION_20M_MIDPOINT,SESSION_REGION_CENTROID,2024-08-14T00:00:00,REGION_20M_MIDPOINT_20240814,1.191381495564005,3,0.3292548357414999,,2024-08,22,0.16275784174239416,3.5806725183326717
POST-VALIDATION DIAGNOSTIC — NOT CONFIRMATORY,DEVELOPMENT,REGION_20M_MIDPOINT,SESSION_REGION_CENTROID,2024-08-15T00:00:00,REGION_20M_MIDPOINT_20240815,2.102908277404922,3,0.38471763198020054,,2024-08,22,0.16275784174239416,3.5806725183326717
POST-VALIDATION DIAGNOSTIC — NOT CONFIRMATORY,DEVELOPMENT,REGION_20M_MIDPOINT,SESSION_REGION_CENTROID,2024-08-16T00:00:00,REGION_20M_MIDPOINT_20240816,-1.0,3,0.27285464116984126,,2024-08,22,0.16275784174239416,3.5806725183326717
POST-VALIDATION DIAGNOSTIC — NOT CONFIRMATORY,DEVELOPMENT,REGION_20M_MIDPOINT,SESSION_REGION_CENTROID,2024-08-19T00:00:00,REGION_20M_MIDPOINT_20240819,-1.0,3,0.27285464116984126,,2024-08,22,0.16275784174239416,3.5806725183326717
POST-VALIDATION DIAGNOSTIC — NOT CONFIRMATORY,DEVELOPMENT,REGION_20M_MIDPOINT,SESSION_REGION_CENTROID,2024-08-20T00:00:00,REGION_20M_MIDPOINT_20240820,-1.0,3,0.27285464116984126,,2024-08,22,0.16275784174239416,3.5806725183326717
POST-VALIDATION DIAGNOSTIC — NOT CONFIRMATORY,DEVELOPMENT,REGION_20M_MIDPOINT,SESSION_REGION_CENTROID,2024-08-21T00:00:00,REGION_20M_MIDPOINT_20240821,-1.0,3,0.27285464116984126,,2024-08,22,0.16275784174239416,3.5806725183326717
POST-VALIDATION DIAGNOSTIC — NOT CONFIRMATORY,DEVELOPMENT,REGION_20M_MIDPOINT,SESSION_REGION_CENTROID,2024-08-22T00:00:00,REGION_20M_MIDPOINT_20240822,-1.0,3,0.13507686339206348,,2024-08,22,0.16275784174239416,3.5806725183326717
POST-VALIDATION DIAGNOSTIC — NOT CONFIRMATORY,DEVELOPMENT,REGION_20M_MIDPOINT,SESSION_REGION_CENTROID,2024-08-23T00:00:00,REGION_20M_MIDPOINT_20240823,2.7011494252873565,3,0.15051200296513415,,2024-08,22,0.16275784174239416,3.5806725183326717
POST-VALIDATION DIAGNOSTIC — NOT CONFIRMATORY,DEVELOPMENT,REGION_20M_MIDPOINT,SESSION_REGION_CENTROID,2024-08-26T00:00:00,REGION_20M_MIDPOINT_20240826,1.9583333333333333,3,0.15362046857359973,,2024-08,22,0.16275784174239416,3.5806725183326717
POST-VALIDATION DIAGNOSTIC — NOT CONFIRMATORY,DEVELOPMENT,REGION_20M_MIDPOINT,SESSION_REGION_CENTROID,2024-08-27T00:00:00,REGION_20M_MIDPOINT_20240827,1.6068376068376067,3,0.14464013863518596,,2024-08,22,0.16275784174239416,3.5806725183326717
POST-VALIDATION DIAGNOSTIC — NOT CONFIRMATORY,DEVELOPMENT,REGION_20M_MIDPOINT,SESSION_REGION_CENTROID,2024-08-28T00:00:00,REGION_20M_MIDPOINT_20240828,1.4177978883861238,3,0.12227043861842711,,2024-08,22,0.16275784174239416,3.5806725183326717
POST-VALIDATION DIAGNOSTIC — NOT CONFIRMATORY,DEVELOPMENT,REGION_20M_MIDPOINT,SESSION_REGION_CENTROID,2024-08-29T00:00:00,REGION_20M_MIDPOINT_20240829,-0.3898500576701269,3,0.14260877002942288,0.27984508992031565,2024-08,22,0.16275784174239416,3.5806725183326717
POST-VALIDATION DIAGNOSTIC — NOT CONFIRMATORY,DEVELOPMENT,REGION_20M_MIDPOINT,SESSION_REGION_CENTROID,2024-08-30T00:00:00,REGION_20M_MIDPOINT_20240830,2.175925925925926,3,0.17810259718991672,0.3433636084388341,2024-08,22,0.16275784174239416,3.5806725183326717
POST-VALIDATION DIAGNOSTIC — NOT CONFIRMATORY,DEVELOPMENT,REGION_20M_MIDPOINT,SESSION_REGION_CENTROID,2024-09-02T00:00:00,REGION_20M_MIDPOINT_20240902,-1.0,3,0.17810259718991672,0.3433636084388341,2024-09,16,0.5993015377206465,9.588824603530345
POST-VALIDATION DIAGNOSTIC — NOT CONFIRMATORY,DEVELOPMENT,REGION_20M_MIDPOINT,SESSION_REGION_CENTROID,2024-09-03T00:00:00,REGION_20M_MIDPOINT_20240903,1.2433862433862435,3,0.25288213863612485,0.3160091110843368,2024-09,16,0.5993015377206465,9.588824603530345
POST-VALIDATION DIAGNOSTIC — NOT CONFIRMATORY,DEVELOPMENT,REGION_20M_MIDPOINT,SESSION_REGION_CENTROID,2024-09-04T00:00:00,REGION_20M_MIDPOINT_20240904,-1.0,3,0.18057699767426746,0.31600911108433677,2024-09,16,0.5993015377206465,9.588824603530345
POST-VALIDATION DIAGNOSTIC — NOT CONFIRMATORY,DEVELOPMENT,REGION_20M_MIDPOINT,SESSION_REGION_CENTROID,2024-09-05T00:00:00,REGION_20M_MIDPOINT_20240905,1.010752688172043,3,0.17128750108887283,0.35622416484777764,2024-09,16,0.5993015377206465,9.588824603530345
POST-VALIDATION DIAGNOSTIC — NOT CONFIRMATORY,DEVELOPMENT,REGION_20M_MIDPOINT,SESSION_REGION_CENTROID,2024-09-06T00:00:00,REGION_20M_MIDPOINT_20240906,0.7794361525704808,3,0.23060203950788882,0.3357975622286892,2024-09,16,0.5993015377206465,9.588824603530345
POST-VALIDATION DIAGNOSTIC — NOT CONFIRMATORY,DEVELOPMENT,REGION_20M_MIDPOINT,SESSION_REGION_CENTROID,2024-09-09T00:00:00,REGION_20M_MIDPOINT_20240909,2.238095238095238,3,0.3385385474443968,0.4005594669905939,2024-09,16,0.5993015377206465,9.588824603530345
POST-VALIDATION DIAGNOSTIC — NOT CONFIRMATORY,DEVELOPMENT,REGION_20M_MIDPOINT,SESSION_REGION_CENTROID,2024-09-10T00:00:00,REGION_20M_MIDPOINT_20240910,-1.0,3,0.24652855992879133,0.3544483558794828,2024-09,16,0.5993015377206465,9.588824603530345
POST-VALIDATION DIAGNOSTIC — NOT CONFIRMATORY,DEVELOPMENT,REGION_20M_MIDPOINT,SESSION_REGION_CENTROID,2024-09-11T00:00:00,REGION_20M_MIDPOINT_20240911,1.2634408602150538,3,0.23719279002572438,0.39971717308378396,2024-09,16,0.5993015377206465,9.588824603530345
POST-VALIDATION DIAGNOSTIC — NOT CONFIRMATORY,DEVELOPMENT,REGION_20M_MIDPOINT,SESSION_REGION_CENTROID,2024-09-12T00:00:00,REGION_20M_MIDPOINT_20240912,-1.0,3,0.23719279002572435,0.37093668527890583,2024-09,16,0.5993015377206465,9.588824603530345
POST-VALIDATION DIAGNOSTIC — NOT CONFIRMATORY,DEVELOPMENT,REGION_20M_MIDPOINT,SESSION_REGION_CENTROID,2024-09-20T00:00:00,REGION_20M_MIDPOINT_20240920,2.984126984126984,3,0.31287224429287797,0.38350143047523005,2024-09,16,0.5993015377206465,9.588824603530345
POST-VALIDATION DIAGNOSTIC — NOT CONFIRMATORY,DEVELOPMENT,REGION_20M_MIDPOINT,SESSION_REGION_CENTROID,2024-09-23T00:00:00,REGION_20M_MIDPOINT_20240923,-1.0,3,0.26736589878653244,0.38350143047523005,2024-09,16,0.5993015377206465,9.588824603530345
POST-VALIDATION DIAGNOSTIC — NOT CONFIRMATORY,DEVELOPMENT,REGION_20M_MIDPOINT,SESSION_REGION_CENTROID,2024-09-24T00:00:00,REGION_20M_MIDPOINT_20240924,2.611111111111111,3,0.3298277724248767,0.45572365269745224,2024-09,16,0.5993015377206465,9.588824603530345
POST-VALIDATION DIAGNOSTIC — NOT CONFIRMATORY,DEVELOPMENT,REGION_20M_MIDPOINT,SESSION_REGION_CENTROID,2024-09-25T00:00:00,REGION_20M_MIDPOINT_20240925,-0.07407407407407411,3,0.3606919699557409,0.47424217121597073,2024-09,16,0.5993015377206465,9.588824603530345
POST-VALIDATION DIAGNOSTIC — NOT CONFIRMATORY,DEVELOPMENT,REGION_20M_MIDPOINT,SESSION_REGION_CENTROID,2024-09-26T00:00:00,REGION_20M_MIDPOINT_20240926,1.3864306784660767,3,0.44023965923794345,0.43930411811862563,2024-09,16,0.5993015377206465,9.588824603530345
POST-VALIDATION DIAGNOSTIC — NOT CONFIRMATORY,DEVELOPMENT,REGION_20M_MIDPOINT,SESSION_REGION_CENTROID,2024-09-27T00:00:00,REGION_20M_MIDPOINT_20240927,2.146118721461187,3,0.5451102832866497,0.4374645877859446,2024-09,16,0.5993015377206465,9.588824603530345
POST-VALIDATION DIAGNOSTIC — NOT CONFIRMATORY,DEVELOPMENT,REGION_20M_MIDPOINT,SESSION_REGION_CENTROID,2024-09-30T00:00:00,REGION_20M_MIDPOINT_20240930,-1.0,3,0.5451102832866497,0.3801630004843573,2024-09,16,0.5993015377206465,9.588824603530345
POST-VALIDATION DIAGNOSTIC — NOT CONFIRMATORY,DEVELOPMENT,REGION_20M_MIDPOINT,SESSION_REGION_CENTROID,2024-10-01T00:00:00,REGION_20M_MIDPOINT_20241001,0.6610407876230662,3,0.6004783095407519,0.3558588661370182,2024-10,23,0.40171075278997587,9.239347314169445
POST-VALIDATION DIAGNOSTIC — NOT CONFIRMATORY,DEVELOPMENT,REGION_20M_MIDPOINT,SESSION_REGION_CENTROID,2024-10-02T00:00:00,REGION_20M_MIDPOINT_20241002,1.1735330836454432,3,0.5998833624767997,0.3375517500321494,2024-10,23,0.40171075278997587,9.239347314169445
POST-VALIDATION DIAGNOSTIC — NOT CONFIRMATORY,DEVELOPMENT,REGION_20M_MIDPOINT,SESSION_REGION_CENTROID,2024-10-03T00:00:00,REGION_20M_MIDPOINT_20241003,1.4050822122571003,3,0.576622493638539,0.38565339427729134,2024-10,23,0.40171075278997587,9.239347314169445
POST-VALIDATION DIAGNOSTIC — NOT CONFIRMATORY,DEVELOPMENT,REGION_20M_MIDPOINT,SESSION_REGION_CENTROID,2024-10-04T00:00:00,REGION_20M_MIDPOINT_20241004,2.928348909657321,3,0.7075674572937831,0.4219981502482155,2024-10,23,0.40171075278997587,9.239347314169445
POST-VALIDATION DIAGNOSTIC — NOT CONFIRMATORY,DEVELOPMENT,REGION_20M_MIDPOINT,SESSION_REGION_CENTROID,2024-10-07T00:00:00,REGION_20M_MIDPOINT_20241007,-1.0,3,0.7075674572937831,0.4219981502482155,2024-10,23,0.40171075278997587,9.239347314169445
POST-VALIDATION DIAGNOSTIC — NOT CONFIRMATORY,DEVELOPMENT,REGION_20M_MIDPOINT,SESSION_REGION_CENTROID,2024-10-08T00:00:00,REGION_20M_MIDPOINT_20241008,3.4057971014492754,3,0.8544273606754256,0.5101140922772011,2024-10,23,0.40171075278997587,9.239347314169445
POST-VALIDATION DIAGNOSTIC — NOT CONFIRMATORY,DEVELOPMENT,REGION_20M_MIDPOINT,SESSION_REGION_CENTROID,2024-10-09T00:00:00,REGION_20M_MIDPOINT_20241009,2.568306010928962,3,0.9733708943730578,0.5380971279186658,2024-10,23,0.40171075278997587,9.239347314169445
POST-VALIDATION DIAGNOSTIC — NOT CONFIRMATORY,DEVELOPMENT,REGION_20M_MIDPOINT,SESSION_REGION_CENTROID,2024-10-10T00:00:00,REGION_20M_MIDPOINT_20241010,-1.0,3,0.9733708943730578,0.4923083762039882,2024-10,23,0.40171075278997587,9.239347314169445
POST-VALIDATION DIAGNOSTIC — NOT CONFIRMATORY,DEVELOPMENT,REGION_20M_MIDPOINT,SESSION_REGION_CENTROID,2024-10-11T00:00:00,REGION_20M_MIDPOINT_20241011,-1.0,3,0.8499992468634792,0.4923083762039882,2024-10,23,0.40171075278997587,9.239347314169445
POST-VALIDATION DIAGNOSTIC — NOT CONFIRMATORY,DEVELOPMENT,REGION_20M_MIDPOINT,SESSION_REGION_CENTROID,2024-10-14T00:00:00,REGION_20M_MIDPOINT_20241014,-1.0,3,0.7513881357523681,0.4923083762039882,2024-10,23,0.40171075278997587,9.239347314169445
POST-VALIDATION DIAGNOSTIC — NOT CONFIRMATORY,DEVELOPMENT,REGION_20M_MIDPOINT,SESSION_REGION_CENTROID,2024-10-15T00:00:00,REGION_20M_MIDPOINT_20241015,2.928348909657321,3,0.7954385125130252,0.5156693618877713,2024-10,23,0.40171075278997587,9.239347314169445
POST-VALIDATION DIAGNOSTIC — NOT CONFIRMATORY,DEVELOPMENT,REGION_20M_MIDPOINT,SESSION_REGION_CENTROID,2024-10-16T00:00:00,REGION_20M_MIDPOINT_20241016,-1.0,3,0.714845249566821,0.46479908274163007,2024-10,23,0.40171075278997587,9.239347314169445
POST-VALIDATION DIAGNOSTIC — NOT CONFIRMATORY,DEVELOPMENT,REGION_20M_MIDPOINT,SESSION_REGION_CENTROID,2024-10-17T00:00:00,REGION_20M_MIDPOINT_20241017,-1.0,3,0.6945069181558253,0.46479908274163007,2024-10,23,0.40171075278997587,9.239347314169445
POST-VALIDATION DIAGNOSTIC — NOT CONFIRMATORY,DEVELOPMENT,REGION_20M_MIDPOINT,SESSION_REGION_CENTROID,2024-10-18T00:00:00,REGION_20M_MIDPOINT_20241018,-1.0,3,0.5886427206249611,0.4305242156193826,2024-10,23,0.40171075278997587,9.239347314169445
POST-VALIDATION DIAGNOSTIC — NOT CONFIRMATORY,DEVELOPMENT,REGION_20M_MIDPOINT,SESSION_REGION_CENTROID,2024-10-21T00:00:00,REGION_20M_MIDPOINT_20241021,-0.09112709832134296,3,0.6189384840142497,0.42139786634914844,2024-10,23,0.40171075278997587,9.239347314169445
POST-VALIDATION DIAGNOSTIC — NOT CONFIRMATORY,DEVELOPMENT,REGION_20M_MIDPOINT,SESSION_REGION_CENTROID,2024-10-22T00:00:00,REGION_20M_MIDPOINT_20241022,1.4177978883861238,3,0.6247522055142458,0.43500872607765523,2024-10,23,0.40171075278997587,9.239347314169445
POST-VALIDATION DIAGNOSTIC — NOT CONFIRMATORY,DEVELOPMENT,REGION_20M_MIDPOINT,SESSION_REGION_CENTROID,2024-10-23T00:00:00,REGION_20M_MIDPOINT_20241023,0.047619047619047596,3,0.6596728404348807,0.4559611070300362,2024-10,23,0.40171075278997587,9.239347314169445
POST-VALIDATION DIAGNOSTIC — NOT CONFIRMATORY,DEVELOPMENT,REGION_20M_MIDPOINT,SESSION_REGION_CENTROID,2024-10-24T00:00:00,REGION_20M_MIDPOINT_20241024,-1.0,3,0.5926477508291459,0.4559611070300362,2024-10,23,0.40171075278997587,9.239347314169445
POST-VALIDATION DIAGNOSTIC — NOT CONFIRMATORY,DEVELOPMENT,REGION_20M_MIDPOINT,SESSION_REGION_CENTROID,2024-10-25T00:00:00,REGION_20M_MIDPOINT_20241025,0.3333333333333333,3,0.5777776568545742,0.4826277736967029,2024-10,23,0.40171075278997587,9.239347314169445
POST-VALIDATION DIAGNOSTIC — NOT CONFIRMATORY,DEVELOPMENT,REGION_20M_MIDPOINT,SESSION_REGION_CENTROID,2024-10-28T00:00:00,REGION_20M_MIDPOINT_20241028,-1.0,3,0.4698411489180663,0.4826277736967029,2024-10,23,0.40171075278997587,9.239347314169445
POST-VALIDATION DIAGNOSTIC — NOT CONFIRMATORY,DEVELOPMENT,REGION_20M_MIDPOINT,SESSION_REGION_CENTROID,2024-10-29T00:00:00,REGION_20M_MIDPOINT_20241029,1.657848324514991,3,0.558436093068566,0.5357847401870027,2024-10,23,0.40171075278997587,9.239347314169445
POST-VALIDATION DIAGNOSTIC — NOT CONFIRMATORY,DEVELOPMENT,REGION_20M_MIDPOINT,SESSION_REGION_CENTROID,2024-10-30T00:00:00,REGION_20M_MIDPOINT_20241030,-1.0,3,0.4829880643947309,0.4919571102757226,2024-10,23,0.40171075278997587,9.239347314169445
POST-VALIDATION DIAGNOSTIC — NOT CONFIRMATORY,DEVELOPMENT,REGION_20M_MIDPOINT,SESSION_REGION_CENTROID,2024-10-31T00:00:00,REGION_20M_MIDPOINT_20241031,0.8034188034188033,3,0.543102024508691,0.46596732079600023,2024-10,23,0.40171075278997587,9.239347314169445
POST-VALIDATION DIAGNOSTIC — NOT CONFIRMATORY,DEVELOPMENT,REGION_20M_MIDPOINT,SESSION_REGION_CENTROID,2024-11-01T00:00:00,REGION_20M_MIDPOINT_20241101,1.4573643410852712,3,0.4922099364073006,0.5151146076177057,2024-11,21,0.27496662640052627,5.774299154411052
POST-VALIDATION DIAGNOSTIC — NOT CONFIRMATORY,DEVELOPMENT,REGION_20M_MIDPOINT,SESSION_REGION_CENTROID,2024-11-04T00:00:00,REGION_20M_MIDPOINT_20241104,0.36705577172503245,3,0.5377784621314683,0.5424557230522062,2024-11,21,0.27496662640052627,5.774299154411052
POST-VALIDATION DIAGNOSTIC — NOT CONFIRMATORY,DEVELOPMENT,REGION_20M_MIDPOINT,SESSION_REGION_CENTROID,2024-11-05T00:00:00,REGION_20M_MIDPOINT_20241105,1.4710485133020343,3,0.49977637553783244,0.5918766933182469,2024-11,21,0.27496662640052627,5.774299154411052
POST-VALIDATION DIAGNOSTIC — NOT CONFIRMATORY,DEVELOPMENT,REGION_20M_MIDPOINT,SESSION_REGION_CENTROID,2024-11-06T00:00:00,REGION_20M_MIDPOINT_20241106,-1.0,3,0.4689121780069682,0.5918766933182469,2024-11,21,0.27496662640052627,5.774299154411052
POST-VALIDATION DIAGNOSTIC — NOT CONFIRMATORY,DEVELOPMENT,REGION_20M_MIDPOINT,SESSION_REGION_CENTROID,2024-11-07T00:00:00,REGION_20M_MIDPOINT_20241107,1.7904761904761903,3,0.4823803617406387,0.6476862171277707,2024-11,21,0.27496662640052627,5.774299154411052
POST-VALIDATION DIAGNOSTIC — NOT CONFIRMATORY,DEVELOPMENT,REGION_20M_MIDPOINT,SESSION_REGION_CENTROID,2024-11-08T00:00:00,REGION_20M_MIDPOINT_20241108,-1.0,3,0.3775097376919324,0.5736632286220236,2024-11,21,0.27496662640052627,5.774299154411052
POST-VALIDATION DIAGNOSTIC — NOT CONFIRMATORY,DEVELOPMENT,REGION_20M_MIDPOINT,SESSION_REGION_CENTROID,2024-11-11T00:00:00,REGION_20M_MIDPOINT_20241111,-1.0,3,0.3775097376919324,0.514496561955357,2024-11,21,0.27496662640052627,5.774299154411052
POST-VALIDATION DIAGNOSTIC — NOT CONFIRMATORY,DEVELOPMENT,REGION_20M_MIDPOINT,SESSION_REGION_CENTROID,2024-11-12T00:00:00,REGION_20M_MIDPOINT_20241112,-1.0,3,0.32214171143783027,0.4623598098186048,2024-11,21,0.27496662640052627,5.774299154411052
POST-VALIDATION DIAGNOSTIC — NOT CONFIRMATORY,DEVELOPMENT,REGION_20M_MIDPOINT,SESSION_REGION_CENTROID,2024-11-13T00:00:00,REGION_20M_MIDPOINT_20241113,-1.0,3,0.24969060864964882,0.41400385205088236,2024-11,21,0.27496662640052627,5.774299154411052
POST-VALIDATION DIAGNOSTIC — NOT CONFIRMATORY,DEVELOPMENT,REGION_20M_MIDPOINT,SESSION_REGION_CENTROID,2024-11-14T00:00:00,REGION_20M_MIDPOINT_20241114,-1.0,3,0.16952120157441217,0.4018008532042849,2024-11,21,0.27496662640052627,5.774299154411052
POST-VALIDATION DIAGNOSTIC — NOT CONFIRMATORY,DEVELOPMENT,REGION_20M_MIDPOINT,SESSION_REGION_CENTROID,2024-11-15T00:00:00,REGION_20M_MIDPOINT_20241115,1.8007662835249043,3,0.1319351140366649,0.39429766035626446,2024-11,21,0.27496662640052627,5.774299154411052
POST-VALIDATION DIAGNOSTIC — NOT CONFIRMATORY,DEVELOPMENT,REGION_20M_MIDPOINT,SESSION_REGION_CENTROID,2024-11-18T00:00:00,REGION_20M_MIDPOINT_20241118,-1.0,3,0.1319351140366649,0.39429766035626446,2024-11,21,0.27496662640052627,5.774299154411052
POST-VALIDATION DIAGNOSTIC — NOT CONFIRMATORY,DEVELOPMENT,REGION_20M_MIDPOINT,SESSION_REGION_CENTROID,2024-11-19T00:00:00,REGION_20M_MIDPOINT_20241119,1.970649895178197,3,0.08409687382762897,0.40884293339210354,2024-11,21,0.27496662640052627,5.774299154411052
POST-VALIDATION DIAGNOSTIC — NOT CONFIRMATORY,DEVELOPMENT,REGION_20M_MIDPOINT,SESSION_REGION_CENTROID,2024-11-20T00:00:00,REGION_20M_MIDPOINT_20241120,1.3055555555555556,3,0.04200519198184875,0.4549540445032146,2024-11,21,0.27496662640052627,5.774299154411052
POST-VALIDATION DIAGNOSTIC — NOT CONFIRMATORY,DEVELOPMENT,REGION_20M_MIDPOINT,SESSION_REGION_CENTROID,2024-11-21T00:00:00,REGION_20M_MIDPOINT_20241121,0.5615292712066905,3,0.09405616768873844,0.44596957616390753,2024-11,21,0.27496662640052627,5.774299154411052
POST-VALIDATION DIAGNOSTIC — NOT CONFIRMATORY,DEVELOPMENT,REGION_20M_MIDPOINT,SESSION_REGION_CENTROID,2024-11-22T00:00:00,REGION_20M_MIDPOINT_20241122,-1.0,3,0.09405616768873844,0.41038085311249795,2024-11,21,0.27496662640052627,5.774299154411052
POST-VALIDATION DIAGNOSTIC — NOT CONFIRMATORY,DEVELOPMENT,REGION_20M_MIDPOINT,SESSION_REGION_CENTROID,2024-11-25T00:00:00,REGION_20M_MIDPOINT_20241125,1.2533333333333332,3,0.16916727879984955,0.3906856150172599,2024-11,21,0.27496662640052627,5.774299154411052
POST-VALIDATION DIAGNOSTIC — NOT CONFIRMATORY,DEVELOPMENT,REGION_20M_MIDPOINT,SESSION_REGION_CENTROID,2024-11-26T00:00:00,REGION_20M_MIDPOINT_20241126,-1.0,3,0.03822231514460551,0.3906856150172599,2024-11,21,0.27496662640052627,5.774299154411052
POST-VALIDATION DIAGNOSTIC — NOT CONFIRMATORY,DEVELOPMENT,REGION_20M_MIDPOINT,SESSION_REGION_CENTROID,2024-11-27T00:00:00,REGION_20M_MIDPOINT_20241127,1.8007662835249043,3,0.13158119126210233,0.40143212348345686,2024-11,21,0.27496662640052627,5.774299154411052
POST-VALIDATION DIAGNOSTIC — NOT CONFIRMATORY,DEVELOPMENT,REGION_20M_MIDPOINT,SESSION_REGION_CENTROID,2024-11-28T00:00:00,REGION_20M_MIDPOINT_20241128,-1.0,3,0.13158119126210233,0.40143212348345686,2024-11,21,0.27496662640052627,5.774299154411052
POST-VALIDATION DIAGNOSTIC — NOT CONFIRMATORY,DEVELOPMENT,REGION_20M_MIDPOINT,SESSION_REGION_CENTROID,2024-11-29T00:00:00,REGION_20M_MIDPOINT_20241129,1.9957537154989382,3,0.23143964844540027,0.38166465811089595,2024-11,21,0.27496662640052627,5.774299154411052
POST-VALIDATION DIAGNOSTIC — NOT CONFIRMATORY,DEVELOPMENT,REGION_20M_MIDPOINT,SESSION_REGION_CENTROID,2024-12-02T00:00:00,REGION_20M_MIDPOINT_20241202,1.2737127371273713,3,0.2769343096270241,0.4271389128534434,2024-12,17,-0.05707408707884982,-0.970259480340447
POST-VALIDATION DIAGNOSTIC — NOT CONFIRMATORY,DEVELOPMENT,REGION_20M_MIDPOINT,SESSION_REGION_CENTROID,2024-12-03T00:00:00,REGION_20M_MIDPOINT_20241203,-1.0,3,0.19634104668081995,0.35491669063122117,2024-12,17,-0.05707408707884982,-0.970259480340447
POST-VALIDATION DIAGNOSTIC — NOT CONFIRMATORY,DEVELOPMENT,REGION_20M_MIDPOINT,SESSION_REGION_CENTROID,2024-12-04T00:00:00,REGION_20M_MIDPOINT_20241204,-1.0,3,0.16142041176018504,0.3363981721127027,2024-12,17,-0.05707408707884982,-0.970259480340447
POST-VALIDATION DIAGNOSTIC — NOT CONFIRMATORY,DEVELOPMENT,REGION_20M_MIDPOINT,SESSION_REGION_CENTROID,2024-12-05T00:00:00,REGION_20M_MIDPOINT_20241205,-1.0,3,0.16142041176018504,0.2886695585433811,2024-12,17,-0.05707408707884982,-0.970259480340447
POST-VALIDATION DIAGNOSTIC — NOT CONFIRMATORY,DEVELOPMENT,REGION_20M_MIDPOINT,SESSION_REGION_CENTROID,2024-12-06T00:00:00,REGION_20M_MIDPOINT_20241206,1.1031390134529147,3,0.1870806010975044,0.26780996438321564,2024-12,17,-0.05707408707884982,-0.970259480340447
POST-VALIDATION DIAGNOSTIC — NOT CONFIRMATORY,DEVELOPMENT,REGION_20M_MIDPOINT,SESSION_REGION_CENTROID,2024-12-09T00:00:00,REGION_20M_MIDPOINT_20241209,-1.0,3,0.1870806010975044,0.26780996438321564,2024-12,17,-0.05707408707884982,-0.970259480340447
POST-VALIDATION DIAGNOSTIC — NOT CONFIRMATORY,DEVELOPMENT,REGION_20M_MIDPOINT,SESSION_REGION_CENTROID,2024-12-10T00:00:00,REGION_20M_MIDPOINT_20241210,-1.0,3,0.0984856569470047,0.23458914863075436,2024-12,17,-0.05707408707884982,-0.970259480340447
POST-VALIDATION DIAGNOSTIC — NOT CONFIRMATORY,DEVELOPMENT,REGION_20M_MIDPOINT,SESSION_REGION_CENTROID,2024-12-11T00:00:00,REGION_20M_MIDPOINT_20241211,1.4992025518341308,3,0.18179240867480903,0.2411025379945281,2024-12,17,-0.05707408707884982,-0.970259480340447
POST-VALIDATION DIAGNOSTIC — NOT CONFIRMATORY,DEVELOPMENT,REGION_20M_MIDPOINT,SESSION_REGION_CENTROID,2024-12-12T00:00:00,REGION_20M_MIDPOINT_20241212,-1.0,3,0.12167844856084895,0.1930008937493861,2024-12,17,-0.05707408707884982,-0.970259480340447
POST-VALIDATION DIAGNOSTIC — NOT CONFIRMATORY,DEVELOPMENT,REGION_20M_MIDPOINT,SESSION_REGION_CENTROID,2024-12-13T00:00:00,REGION_20M_MIDPOINT_20241213,1.3276836158192091,3,0.11735575771864687,0.16098758787262382,2024-12,17,-0.05707408707884982,-0.970259480340447
POST-VALIDATION DIAGNOSTIC — NOT CONFIRMATORY,DEVELOPMENT,REGION_20M_MIDPOINT,SESSION_REGION_CENTROID,2024-12-20T00:00:00,REGION_20M_MIDPOINT_20241220,-1.0,3,0.07178723199447914,0.16098758787262382,2024-12,17,-0.05707408707884982,-0.970259480340447
POST-VALIDATION DIAGNOSTIC — NOT CONFIRMATORY,DEVELOPMENT,REGION_20M_MIDPOINT,SESSION_REGION_CENTROID,2024-12-23T00:00:00,REGION_20M_MIDPOINT_20241223,-1.0,3,-0.010581051782255347,0.07287164584363832,2024-12,17,-0.05707408707884982,-0.970259480340447
POST-VALIDATION DIAGNOSTIC — NOT CONFIRMATORY,DEVELOPMENT,REGION_20M_MIDPOINT,SESSION_REGION_CENTROID,2024-12-24T00:00:00,REGION_20M_MIDPOINT_20241224,1.8111753371868982,3,0.08312479279064126,0.057729032368797055,2024-12,17,-0.05707408707884982,-0.970259480340447
POST-VALIDATION DIAGNOSTIC — NOT CONFIRMATORY,DEVELOPMENT,REGION_20M_MIDPOINT,SESSION_REGION_CENTROID,2024-12-26T00:00:00,REGION_20M_MIDPOINT_20241226,1.1792717086834734,3,0.06275131006421736,0.10131446654246652,2024-12,17,-0.05707408707884982,-0.970259480340447
POST-VALIDATION DIAGNOSTIC — NOT CONFIRMATORY,DEVELOPMENT,REGION_20M_MIDPOINT,SESSION_REGION_CENTROID,2024-12-27T00:00:00,REGION_20M_MIDPOINT_20241227,0.8355555555555556,3,0.12393649524940255,0.13802557765357762,2024-12,17,-0.05707408707884982,-0.970259480340447
POST-VALIDATION DIAGNOSTIC — NOT CONFIRMATORY,DEVELOPMENT,REGION_20M_MIDPOINT,SESSION_REGION_CENTROID,2024-12-30T00:00:00,REGION_20M_MIDPOINT_20241230,-1.0,3,0.12393649524940255,0.13802557765357762,2024-12,17,-0.05707408707884982,-0.970259480340447
POST-VALIDATION DIAGNOSTIC — NOT CONFIRMATORY,DEVELOPMENT,REGION_20M_MIDPOINT,SESSION_REGION_CENTROID,2024-12-31T00:00:00,REGION_20M_MIDPOINT_20241231,-1.0,3,0.12393649524940255,0.059458599460431215,2024-12,17,-0.05707408707884982,-0.970259480340447
POST-VALIDATION DIAGNOSTIC — NOT CONFIRMATORY,DEVELOPMENT,REGION_20M_MIDPOINT,SESSION_REGION_CENTROID,2025-01-02T00:00:00,REGION_20M_MIDPOINT_20250102,-0.4729620661824052,3,0.1415044263766557,0.06999935813678311,2025-01,21,0.18600045910518975,3.9060096412089846
POST-VALIDATION DIAGNOSTIC — NOT CONFIRMATORY,DEVELOPMENT,REGION_20M_MIDPOINT,SESSION_REGION_CENTROID,2025-01-03T00:00:00,REGION_20M_MIDPOINT_20250103,-1.0,3,0.1415044263766557,0.06999935813678311,2025-01,21,0.18600045910518975,3.9060096412089846
POST-VALIDATION DIAGNOSTIC — NOT CONFIRMATORY,DEVELOPMENT,REGION_20M_MIDPOINT,SESSION_REGION_CENTROID,2025-01-06T00:00:00,REGION_20M_MIDPOINT_20250106,-1.0,3,0.04814555025915889,0.06999935813678311,2025-01,21,0.18600045910518975,3.9060096412089846
POST-VALIDATION DIAGNOSTIC — NOT CONFIRMATORY,DEVELOPMENT,REGION_20M_MIDPOINT,SESSION_REGION_CENTROID,2025-01-07T00:00:00,REGION_20M_MIDPOINT_20250107,1.4050822122571003,3,0.12831495733439555,0.09992354434835196,2025-01,21,0.18600045910518975,3.9060096412089846
POST-VALIDATION DIAGNOSTIC — NOT CONFIRMATORY,DEVELOPMENT,REGION_20M_MIDPOINT,SESSION_REGION_CENTROID,2025-01-08T00:00:00,REGION_20M_MIDPOINT_20250108,-1.0,3,0.029293294161789007,0.0515675865806295,2025-01,21,0.18600045910518975,3.9060096412089846
POST-VALIDATION DIAGNOSTIC — NOT CONFIRMATORY,DEVELOPMENT,REGION_20M_MIDPOINT,SESSION_REGION_CENTROID,2025-01-10T00:00:00,REGION_20M_MIDPOINT_20250110,0.8355555555555556,3,0.013626627495122341,0.06732631673935967,2025-01,21,0.18600045910518975,3.9060096412089846
POST-VALIDATION DIAGNOSTIC — NOT CONFIRMATORY,DEVELOPMENT,REGION_20M_MIDPOINT,SESSION_REGION_CENTROID,2025-01-13T00:00:00,REGION_20M_MIDPOINT_20250113,-0.19329388560157792,3,-0.011534144398486604,0.08346043902732811,2025-01,21,0.18600045910518975,3.9060096412089846
POST-VALIDATION DIAGNOSTIC — NOT CONFIRMATORY,DEVELOPMENT,REGION_20M_MIDPOINT,SESSION_REGION_CENTROID,2025-01-14T00:00:00,REGION_20M_MIDPOINT_20250114,-1.0,3,-0.011534144398486604,0.05679377236066143,2025-01,21,0.18600045910518975,3.9060096412089846
POST-VALIDATION DIAGNOSTIC — NOT CONFIRMATORY,DEVELOPMENT,REGION_20M_MIDPOINT,SESSION_REGION_CENTROID,2025-01-15T00:00:00,REGION_20M_MIDPOINT_20250115,-0.4143007360672976,3,-0.06712194671184096,0.06850775763931548,2025-01,21,0.18600045910518975,3.9060096412089846
POST-VALIDATION DIAGNOSTIC — NOT CONFIRMATORY,DEVELOPMENT,REGION_20M_MIDPOINT,SESSION_REGION_CENTROID,2025-01-16T00:00:00,REGION_20M_MIDPOINT_20250116,-1.0,3,-0.06712194671184096,0.015350791149015657,2025-01,21,0.18600045910518975,3.9060096412089846
POST-VALIDATION DIAGNOSTIC — NOT CONFIRMATORY,DEVELOPMENT,REGION_20M_MIDPOINT,SESSION_REGION_CENTROID,2025-01-17T00:00:00,REGION_20M_MIDPOINT_20250117,-1.0,3,-0.1604808228293378,0.015350791149015657,2025-01,21,0.18600045910518975,3.9060096412089846
POST-VALIDATION DIAGNOSTIC — NOT CONFIRMATORY,DEVELOPMENT,REGION_20M_MIDPOINT,SESSION_REGION_CENTROID,2025-01-20T00:00:00,REGION_20M_MIDPOINT_20250120,1.669154228855721,3,-0.07150901520081374,0.03266549965775401,2025-01,21,0.18600045910518975,3.9060096412089846
POST-VALIDATION DIAGNOSTIC — NOT CONFIRMATORY,DEVELOPMENT,REGION_20M_MIDPOINT,SESSION_REGION_CENTROID,2025-01-21T00:00:00,REGION_20M_MIDPOINT_20250121,-0.35658914728682173,3,-0.14992044396033907,-0.0036135701096878504,2025-01,21,0.18600045910518975,3.9060096412089846
POST-VALIDATION DIAGNOSTIC — NOT CONFIRMATORY,DEVELOPMENT,REGION_20M_MIDPOINT,SESSION_REGION_CENTROID,2025-01-22T00:00:00,REGION_20M_MIDPOINT_20250122,1.8431372549019607,3,-0.13093962670118608,0.025908059553850716,2025-01,21,0.18600045910518975,3.9060096412089846
POST-VALIDATION DIAGNOSTIC — NOT CONFIRMATORY,DEVELOPMENT,REGION_20M_MIDPOINT,SESSION_REGION_CENTROID,2025-01-23T00:00:00,REGION_20M_MIDPOINT_20250123,3.0128205128205128,3,0.0028210570594976816,0.05674349954422029,2025-01,21,0.18600045910518975,3.9060096412089846
POST-VALIDATION DIAGNOSTIC — NOT CONFIRMATORY,DEVELOPMENT,REGION_20M_MIDPOINT,SESSION_REGION_CENTROID,2025-01-24T00:00:00,REGION_20M_MIDPOINT_20250124,-1.0,3,0.0028210570594976742,0.05674349954422029,2025-01,21,0.18600045910518975,3.9060096412089846
POST-VALIDATION DIAGNOSTIC — NOT CONFIRMATORY,DEVELOPMENT,REGION_20M_MIDPOINT,SESSION_REGION_CENTROID,2025-01-27T00:00:00,REGION_20M_MIDPOINT_20250127,0.08237105465742878,3,0.0389000922147453,0.022581396827845057,2025-01,21,0.18600045910518975,3.9060096412089846
POST-VALIDATION DIAGNOSTIC — NOT CONFIRMATORY,DEVELOPMENT,REGION_20M_MIDPOINT,SESSION_REGION_CENTROID,2025-01-28T00:00:00,REGION_20M_MIDPOINT_20250128,0.9853249475890985,3,0.03497295668595143,0.06228789577962703,2025-01,21,0.18600045910518975,3.9060096412089846
POST-VALIDATION DIAGNOSTIC — NOT CONFIRMATORY,DEVELOPMENT,REGION_20M_MIDPOINT,SESSION_REGION_CENTROID,2025-01-29T00:00:00,REGION_20M_MIDPOINT_20250129,1.3925925925925926,3,0.11472604310570451,0.11013974763147888,2025-01,21,0.18600045910518975,3.9060096412089846
POST-VALIDATION DIAGNOSTIC — NOT CONFIRMATORY,DEVELOPMENT,REGION_20M_MIDPOINT,SESSION_REGION_CENTROID,2025-01-30T00:00:00,REGION_20M_MIDPOINT_20250130,-1.0,3,0.11472604310570453,0.11013974763147888,2025-01,21,0.18600045910518975,3.9060096412089846
POST-VALIDATION DIAGNOSTIC — NOT CONFIRMATORY,DEVELOPMENT,REGION_20M_MIDPOINT,SESSION_REGION_CENTROID,2025-01-31T00:00:00,REGION_20M_MIDPOINT_20250131,2.117117117117117,3,0.13532319528180406,0.17248208997382122,2025-01,21,0.18600045910518975,3.9060096412089846
POST-VALIDATION DIAGNOSTIC — NOT CONFIRMATORY,DEVELOPMENT,REGION_20M_MIDPOINT,SESSION_REGION_CENTROID,2025-02-03T00:00:00,REGION_20M_MIDPOINT_20250203,-1.0,3,0.13532319528180406,0.17248208997382122,2025-02,20,0.2659365587515798,5.318731175031596
POST-VALIDATION DIAGNOSTIC — NOT CONFIRMATORY,DEVELOPMENT,REGION_20M_MIDPOINT,SESSION_REGION_CENTROID,2025-02-04T00:00:00,REGION_20M_MIDPOINT_20250204,1.3220815752461323,3,0.13513646059603482,0.1629083958082458,2025-02,20,0.2659365587515798,5.318731175031596
POST-VALIDATION DIAGNOSTIC — NOT CONFIRMATORY,DEVELOPMENT,REGION_20M_MIDPOINT,SESSION_REGION_CENTROID,2025-02-05T00:00:00,REGION_20M_MIDPOINT_20250205,-1.0,3,0.13513646059603482,0.1629083958082458,2025-02,20,0.2659365587515798,5.318731175031596
POST-VALIDATION DIAGNOSTIC — NOT CONFIRMATORY,DEVELOPMENT,REGION_20M_MIDPOINT,SESSION_REGION_CENTROID,2025-02-06T00:00:00,REGION_20M_MIDPOINT_20250206,-1.0,3,0.13513646059603482,0.10349539790468185,2025-02,20,0.2659365587515798,5.318731175031596
POST-VALIDATION DIAGNOSTIC — NOT CONFIRMATORY,DEVELOPMENT,REGION_20M_MIDPOINT,SESSION_REGION_CENTROID,2025-02-07T00:00:00,REGION_20M_MIDPOINT_20250207,1.5905245346869712,3,0.12778143384603727,0.10919477748731014,2025-02,20,0.2659365587515798,5.318731175031596
POST-VALIDATION DIAGNOSTIC — NOT CONFIRMATORY,DEVELOPMENT,REGION_20M_MIDPOINT,SESSION_REGION_CENTROID,2025-02-10T00:00:00,REGION_20M_MIDPOINT_20250210,1.6967418546365913,3,0.14503043871114116,0.13189902915590818,2025-02,20,0.2659365587515798,5.318731175031596
POST-VALIDATION DIAGNOSTIC — NOT CONFIRMATORY,DEVELOPMENT,REGION_20M_MIDPOINT,SESSION_REGION_CENTROID,2025-02-11T00:00:00,REGION_20M_MIDPOINT_20250211,-0.2521588946459414,3,0.10877329037109128,0.14685585126298933,2025-02,20,0.2659365587515798,5.318731175031596
POST-VALIDATION DIAGNOSTIC — NOT CONFIRMATORY,DEVELOPMENT,REGION_20M_MIDPOINT,SESSION_REGION_CENTROID,2025-02-12T00:00:00,REGION_20M_MIDPOINT_20250212,-1.0,3,0.10877329037109128,0.10178918459632268,2025-02,20,0.2659365587515798,5.318731175031596
POST-VALIDATION DIAGNOSTIC — NOT CONFIRMATORY,DEVELOPMENT,REGION_20M_MIDPOINT,SESSION_REGION_CENTROID,2025-02-13T00:00:00,REGION_20M_MIDPOINT_20250213,-1.0,3,0.10877329037109128,0.10178918459632268,2025-02,20,0.2659365587515798,5.318731175031596
POST-VALIDATION DIAGNOSTIC — NOT CONFIRMATORY,DEVELOPMENT,REGION_20M_MIDPOINT,SESSION_REGION_CENTROID,2025-02-14T00:00:00,REGION_20M_MIDPOINT_20250214,-1.0,3,0.09120535924383813,0.045773858925824584,2025-02,20,0.2659365587515798,5.318731175031596
POST-VALIDATION DIAGNOSTIC — NOT CONFIRMATORY,DEVELOPMENT,REGION_20M_MIDPOINT,SESSION_REGION_CENTROID,2025-02-17T00:00:00,REGION_20M_MIDPOINT_20250217,-0.27,3,0.11553869257717146,0.06037385892582458,2025-02,20,0.2659365587515798,5.318731175031596
POST-VALIDATION DIAGNOSTIC — NOT CONFIRMATORY,DEVELOPMENT,REGION_20M_MIDPOINT,SESSION_REGION_CENTROID,2025-02-18T00:00:00,REGION_20M_MIDPOINT_20250218,-1.0,3,0.11553869257717148,0.00045878461584581754,2025-02,20,0.2659365587515798,5.318731175031596
POST-VALIDATION DIAGNOSTIC — NOT CONFIRMATORY,DEVELOPMENT,REGION_20M_MIDPOINT,SESSION_REGION_CENTROID,2025-02-19T00:00:00,REGION_20M_MIDPOINT_20250219,-1.0,3,0.035369285501934786,-0.0450154701267016,2025-02,20,0.2659365587515798,5.318731175031596
POST-VALIDATION DIAGNOSTIC — NOT CONFIRMATORY,DEVELOPMENT,REGION_20M_MIDPOINT,SESSION_REGION_CENTROID,2025-02-20T00:00:00,REGION_20M_MIDPOINT_20250220,1.6755793226381461,3,0.12455526292320632,0.008496116326061313,2025-02,20,0.2659365587515798,5.318731175031596
POST-VALIDATION DIAGNOSTIC — NOT CONFIRMATORY,DEVELOPMENT,REGION_20M_MIDPOINT,SESSION_REGION_CENTROID,2025-02-21T00:00:00,REGION_20M_MIDPOINT_20250221,1.7122040072859745,3,0.15377687798088696,0.06274019647178081,2025-02,20,0.2659365587515798,5.318731175031596
POST-VALIDATION DIAGNOSTIC — NOT CONFIRMATORY,DEVELOPMENT,REGION_20M_MIDPOINT,SESSION_REGION_CENTROID,2025-02-24T00:00:00,REGION_20M_MIDPOINT_20250224,1.205128205128205,3,0.2003909476718797,0.10684276057434491,2025-02,20,0.2659365587515798,5.318731175031596
POST-VALIDATION DIAGNOSTIC — NOT CONFIRMATORY,DEVELOPMENT,REGION_20M_MIDPOINT,SESSION_REGION_CENTROID,2025-02-25T00:00:00,REGION_20M_MIDPOINT_20250225,1.3055555555555556,3,0.2772427995237316,0.11089109141639772,2025-02,20,0.2659365587515798,5.318731175031596
POST-VALIDATION DIAGNOSTIC — NOT CONFIRMATORY,DEVELOPMENT,REGION_20M_MIDPOINT,SESSION_REGION_CENTROID,2025-02-26T00:00:00,REGION_20M_MIDPOINT_20250226,1.7602996254681649,3,0.34972947824158035,0.16609708392576103,2025-02,20,0.2659365587515798,5.318731175031596
POST-VALIDATION DIAGNOSTIC — NOT CONFIRMATORY,DEVELOPMENT,REGION_20M_MIDPOINT,SESSION_REGION_CENTROID,2025-02-27T00:00:00,REGION_20M_MIDPOINT_20250227,0.7236335642802155,3,0.40718393038425416,0.20056975521136533,2025-02,20,0.2659365587515798,5.318731175031596
POST-VALIDATION DIAGNOSTIC — NOT CONFIRMATORY,DEVELOPMENT,REGION_20M_MIDPOINT,SESSION_REGION_CENTROID,2025-02-28T00:00:00,REGION_20M_MIDPOINT_20250228,0.8491418247515808,3,0.46882199120930684,0.18756854066971432,2025-02,20,0.2659365587515798,5.318731175031596
POST-VALIDATION DIAGNOSTIC — NOT CONFIRMATORY,DEVELOPMENT,REGION_20M_MIDPOINT,SESSION_REGION_CENTROID,2025-03-03T00:00:00,REGION_20M_MIDPOINT_20250303,0.8138528138528138,3,0.44031194404254326,0.22384559694677061,2025-03,17,0.3254904884609551,5.533338303836237
POST-VALIDATION DIAGNOSTIC — NOT CONFIRMATORY,DEVELOPMENT,REGION_20M_MIDPOINT,SESSION_REGION_CENTROID,2025-03-04T00:00:00,REGION_20M_MIDPOINT_20250304,0.913508260447036,3,0.48264852430033856,0.21556208983932712,2025-03,17,0.3254904884609551,5.533338303836237
POST-VALIDATION DIAGNOSTIC — NOT CONFIRMATORY,DEVELOPMENT,REGION_20M_MIDPOINT,SESSION_REGION_CENTROID,2025-03-05T00:00:00,REGION_20M_MIDPOINT_20250305,-1.0,3,0.3878772824702732,0.21556208983932712,2025-03,17,0.3254904884609551,5.533338303836237
POST-VALIDATION DIAGNOSTIC — NOT CONFIRMATORY,DEVELOPMENT,REGION_20M_MIDPOINT,SESSION_REGION_CENTROID,2025-03-06T00:00:00,REGION_20M_MIDPOINT_20250306,-1.0,3,0.2541165987095894,0.21556208983932712,2025-03,17,0.3254904884609551,5.533338303836237
POST-VALIDATION DIAGNOSTIC — NOT CONFIRMATORY,DEVELOPMENT,REGION_20M_MIDPOINT,SESSION_REGION_CENTROID,2025-03-07T00:00:00,REGION_20M_MIDPOINT_20250307,-1.0,3,0.2541165987095894,0.1593385830955892,2025-03,17,0.3254904884609551,5.533338303836237
POST-VALIDATION DIAGNOSTIC — NOT CONFIRMATORY,DEVELOPMENT,REGION_20M_MIDPOINT,SESSION_REGION_CENTROID,2025-03-10T00:00:00,REGION_20M_MIDPOINT_20250310,1.3682678311499272,3,0.2969798245926727,0.16311850554491827,2025-03,17,0.3254904884609551,5.533338303836237
POST-VALIDATION DIAGNOSTIC — NOT CONFIRMATORY,DEVELOPMENT,REGION_20M_MIDPOINT,SESSION_REGION_CENTROID,2025-03-11T00:00:00,REGION_20M_MIDPOINT_20250311,-1.0,3,0.2308023263397028,0.12640739443380716,2025-03,17,0.3254904884609551,5.533338303836237
POST-VALIDATION DIAGNOSTIC — NOT CONFIRMATORY,DEVELOPMENT,REGION_20M_MIDPOINT,SESSION_REGION_CENTROID,2025-03-12T00:00:00,REGION_20M_MIDPOINT_20250312,-1.0,3,0.1510492399199497,0.12640739443380716,2025-03,17,0.3254904884609551,5.533338303836237
POST-VALIDATION DIAGNOSTIC — NOT CONFIRMATORY,DEVELOPMENT,REGION_20M_MIDPOINT,SESSION_REGION_CENTROID,2025-03-13T00:00:00,REGION_20M_MIDPOINT_20250313,1.311018131101813,3,0.22808317762334346,0.17262775705584343,2025-03,17,0.3254904884609551,5.533338303836237
POST-VALIDATION DIAGNOSTIC — NOT CONFIRMATORY,DEVELOPMENT,REGION_20M_MIDPOINT,SESSION_REGION_CENTROID,2025-03-14T00:00:00,REGION_20M_MIDPOINT_20250314,-1.0,3,0.12417927371943956,0.16208699837949156,2025-03,17,0.3254904884609551,5.533338303836237
POST-VALIDATION DIAGNOSTIC — NOT CONFIRMATORY,DEVELOPMENT,REGION_20M_MIDPOINT,SESSION_REGION_CENTROID,2025-03-21T00:00:00,REGION_20M_MIDPOINT_20250321,1.4114114114114111,3,0.2045596540998199,0.21031522660771976,2025-03,17,0.3254904884609551,5.533338303836237
POST-VALIDATION DIAGNOSTIC — NOT CONFIRMATORY,DEVELOPMENT,REGION_20M_MIDPOINT,SESSION_REGION_CENTROID,2025-03-24T00:00:00,REGION_20M_MIDPOINT_20250324,1.4114285714285713,3,0.2075378873059012,0.2585437980362912,2025-03,17,0.3254904884609551,5.533338303836237
POST-VALIDATION DIAGNOSTIC — NOT CONFIRMATORY,DEVELOPMENT,REGION_20M_MIDPOINT,SESSION_REGION_CENTROID,2025-03-25T00:00:00,REGION_20M_MIDPOINT_20250325,-1.0,3,0.2075378873059012,0.21044215379114917,2025-03,17,0.3254904884609551,5.533338303836237
POST-VALIDATION DIAGNOSTIC — NOT CONFIRMATORY,DEVELOPMENT,REGION_20M_MIDPOINT,SESSION_REGION_CENTROID,2025-03-26T00:00:00,REGION_20M_MIDPOINT_20250326,1.8540433925049309,3,0.3026726670560656,0.2675230216412478,2025-03,17,0.3254904884609551,5.533338303836237
POST-VALIDATION DIAGNOSTIC — NOT CONFIRMATORY,DEVELOPMENT,REGION_20M_MIDPOINT,SESSION_REGION_CENTROID,2025-03-27T00:00:00,REGION_20M_MIDPOINT_20250327,1.1868686868686869,3,0.2892174721287894,0.2745492842675104,2025-03,17,0.3254904884609551,5.533338303836237
POST-VALIDATION DIAGNOSTIC — NOT CONFIRMATORY,DEVELOPMENT,REGION_20M_MIDPOINT,SESSION_REGION_CENTROID,2025-03-28T00:00:00,REGION_20M_MIDPOINT_20250328,1.5359477124183005,3,0.28385766738817975,0.309134116227908,2025-03,17,0.3254904884609551,5.533338303836237
POST-VALIDATION DIAGNOSTIC — NOT CONFIRMATORY,DEVELOPMENT,REGION_20M_MIDPOINT,SESSION_REGION_CENTROID,2025-03-31T00:00:00,REGION_20M_MIDPOINT_20250331,0.7269914926527455,3,0.3164960136314693,0.3436739460809629,2025-03,17,0.3254904884609551,5.533338303836237
POST-VALIDATION DIAGNOSTIC — NOT CONFIRMATORY,DEVELOPMENT,REGION_20M_MIDPOINT,SESSION_REGION_CENTROID,2025-04-01T00:00:00,REGION_20M_MIDPOINT_20250401,0.39247311827956993,3,0.3629117842407883,0.3598094231679002,2025-04,21,0.30034827735884617,6.307313824535769
POST-VALIDATION DIAGNOSTIC — NOT CONFIRMATORY,DEVELOPMENT,REGION_20M_MIDPOINT,SESSION_REGION_CENTROID,2025-04-02T00:00:00,REGION_20M_MIDPOINT_20250402,0.6167979002624672,3,0.4168050475828705,0.39214538117314957,2025-04,21,0.30034827735884617,6.307313824535769
POST-VALIDATION DIAGNOSTIC — NOT CONFIRMATORY,DEVELOPMENT,REGION_20M_MIDPOINT,SESSION_REGION_CENTROID,2025-04-03T00:00:00,REGION_20M_MIDPOINT_20250403,0.9582059123343526,3,0.4820785779940156,0.4313094994198366,2025-04,21,0.30034827735884617,6.307313824535769
POST-VALIDATION DIAGNOSTIC — NOT CONFIRMATORY,DEVELOPMENT,REGION_20M_MIDPOINT,SESSION_REGION_CENTROID,2025-04-04T00:00:00,REGION_20M_MIDPOINT_20250404,0.6420765027322405,3,0.5124811280850903,0.410767944897367,2025-04,21,0.30034827735884617,6.307313824535769
POST-VALIDATION DIAGNOSTIC — NOT CONFIRMATORY,DEVELOPMENT,REGION_20M_MIDPOINT,SESSION_REGION_CENTROID,2025-04-07T00:00:00,REGION_20M_MIDPOINT_20250407,0.5094850948509485,3,0.5627972979134552,0.4280894297401224,2025-04,21,0.30034827735884617,6.307313824535769
POST-VALIDATION DIAGNOSTIC — NOT CONFIRMATORY,DEVELOPMENT,REGION_20M_MIDPOINT,SESSION_REGION_CENTROID,2025-04-08T00:00:00,REGION_20M_MIDPOINT_20250408,1.020629750271444,3,0.6301516229225034,0.4116392796475121,2025-04,21,0.30034827735884617,6.307313824535769
POST-VALIDATION DIAGNOSTIC — NOT CONFIRMATORY,DEVELOPMENT,REGION_20M_MIDPOINT,SESSION_REGION_CENTROID,2025-04-09T00:00:00,REGION_20M_MIDPOINT_20250409,-1.0,3,0.5409656455012317,0.3313828693911019,2025-04,21,0.30034827735884617,6.307313824535769
POST-VALIDATION DIAGNOSTIC — NOT CONFIRMATORY,DEVELOPMENT,REGION_20M_MIDPOINT,SESSION_REGION_CENTROID,2025-04-10T00:00:00,REGION_20M_MIDPOINT_20250410,0.8138528138528138,3,0.5110206057201265,0.3676599256681581,2025-04,21,0.30034827735884617,6.307313824535769
POST-VALIDATION DIAGNOSTIC — NOT CONFIRMATORY,DEVELOPMENT,REGION_20M_MIDPOINT,SESSION_REGION_CENTROID,2025-04-11T00:00:00,REGION_20M_MIDPOINT_20250411,-1.0,3,0.43751633221585295,0.34601250457500954,2025-04,21,0.30034827735884617,6.307313824535769
POST-VALIDATION DIAGNOSTIC — NOT CONFIRMATORY,DEVELOPMENT,REGION_20M_MIDPOINT,SESSION_REGION_CENTROID,2025-04-14T00:00:00,REGION_20M_MIDPOINT_20250414,0.5834885164494102,3,0.4134474309123148,0.33797577595221573,2025-04,21,0.30034827735884617,6.307313824535769
POST-VALIDATION DIAGNOSTIC — NOT CONFIRMATORY,DEVELOPMENT,REGION_20M_MIDPOINT,SESSION_REGION_CENTROID,2025-04-15T00:00:00,REGION_20M_MIDPOINT_20250415,-1.0,3,0.3214374433967093,0.2901239241003639,2025-04,21,0.30034827735884617,6.307313824535769
POST-VALIDATION DIAGNOSTIC — NOT CONFIRMATORY,DEVELOPMENT,REGION_20M_MIDPOINT,SESSION_REGION_CENTROID,2025-04-16T00:00:00,REGION_20M_MIDPOINT_20250416,-0.2910798122065728,3,0.28761366418048306,0.30430232785623246,2025-04,21,0.30034827735884617,6.307313824535769
POST-VALIDATION DIAGNOSTIC — NOT CONFIRMATORY,DEVELOPMENT,REGION_20M_MIDPOINT,SESSION_REGION_CENTROID,2025-04-17T00:00:00,REGION_20M_MIDPOINT_20250417,1.1735330836454432,3,0.29842670614361183,0.28543064718679895,2025-04,21,0.30034827735884617,6.307313824535769
POST-VALIDATION DIAGNOSTIC — NOT CONFIRMATORY,DEVELOPMENT,REGION_20M_MIDPOINT,SESSION_REGION_CENTROID,2025-04-21T00:00:00,REGION_20M_MIDPOINT_20250421,1.3447782546494993,3,0.3161242208368346,0.332326212279789,2025-04,21,0.30034827735884617,6.307313824535769
POST-VALIDATION DIAGNOSTIC — NOT CONFIRMATORY,DEVELOPMENT,REGION_20M_MIDPOINT,SESSION_REGION_CENTROID,2025-04-22T00:00:00,REGION_20M_MIDPOINT_20250422,1.0585585585585584,3,0.3209592307738854,0.3270557519460375,2025-04,21,0.30034827735884617,6.307313824535769
POST-VALIDATION DIAGNOSTIC — NOT CONFIRMATORY,DEVELOPMENT,REGION_20M_MIDPOINT,SESSION_REGION_CENTROID,2025-04-23T00:00:00,REGION_20M_MIDPOINT_20250423,-1.0,3,0.3209592307738854,0.3270557519460375,2025-04,21,0.30034827735884617,6.307313824535769
POST-VALIDATION DIAGNOSTIC — NOT CONFIRMATORY,DEVELOPMENT,REGION_20M_MIDPOINT,SESSION_REGION_CENTROID,2025-04-24T00:00:00,REGION_20M_MIDPOINT_20250424,1.091753774680604,3,0.3906843565965722,0.36889082743964957,2025-04,21,0.30034827735884617,6.307313824535769
POST-VALIDATION DIAGNOSTIC — NOT CONFIRMATORY,DEVELOPMENT,REGION_20M_MIDPOINT,SESSION_REGION_CENTROID,2025-04-25T00:00:00,REGION_20M_MIDPOINT_20250425,-1.0,3,0.3906843565965722,0.31708033674591013,2025-04,21,0.30034827735884617,6.307313824535769
POST-VALIDATION DIAGNOSTIC — NOT CONFIRMATORY,DEVELOPMENT,REGION_20M_MIDPOINT,SESSION_REGION_CENTROID,2025-04-28T00:00:00,REGION_20M_MIDPOINT_20250428,1.119047619047619,3,0.38237701619316194,0.3055264520341307,2025-04,21,0.30034827735884617,6.307313824535769
POST-VALIDATION DIAGNOSTIC — NOT CONFIRMATORY,DEVELOPMENT,REGION_20M_MIDPOINT,SESSION_REGION_CENTROID,2025-04-29T00:00:00,REGION_20M_MIDPOINT_20250429,1.2737127371273713,3,0.4581674407640743,0.336043884669597,2025-04,21,0.30034827735884617,6.307313824535769
POST-VALIDATION DIAGNOSTIC — NOT CONFIRMATORY,DEVELOPMENT,REGION_20M_MIDPOINT,SESSION_REGION_CENTROID,2025-04-30T00:00:00,REGION_20M_MIDPOINT_20250430,-1.0,3,0.4581674407640743,0.336043884669597,2025-04,21,0.30034827735884617,6.307313824535769
POST-VALIDATION DIAGNOSTIC — NOT CONFIRMATORY,DEVELOPMENT,REGION_20M_MIDPOINT,SESSION_REGION_CENTROID,2025-05-01T00:00:00,REGION_20M_MIDPOINT_20250501,-1.0,3,0.38113350306068056,0.336043884669597,2025-05,22,-0.015135882931611711,-0.33298942449545765
POST-VALIDATION DIAGNOSTIC — NOT CONFIRMATORY,DEVELOPMENT,REGION_20M_MIDPOINT,SESSION_REGION_CENTROID,2025-05-02T00:00:00,REGION_20M_MIDPOINT_20250502,1.7028985507246375,3,0.47123012141816845,0.3901018556840897,2025-05,22,-0.015135882931611711,-0.33298942449545765
POST-VALIDATION DIAGNOSTIC — NOT CONFIRMATORY,DEVELOPMENT,REGION_20M_MIDPOINT,SESSION_REGION_CENTROID,2025-05-05T00:00:00,REGION_20M_MIDPOINT_20250505,-1.0,3,0.3908497410377881,0.3755018556840897,2025-05,22,-0.015135882931611711,-0.33298942449545765
POST-VALIDATION DIAGNOSTIC — NOT CONFIRMATORY,DEVELOPMENT,REGION_20M_MIDPOINT,SESSION_REGION_CENTROID,2025-05-06T00:00:00,REGION_20M_MIDPOINT_20250506,-1.0,3,0.3104687886568357,0.3755018556840897,2025-05,22,-0.015135882931611711,-0.33298942449545765
POST-VALIDATION DIAGNOSTIC — NOT CONFIRMATORY,DEVELOPMENT,REGION_20M_MIDPOINT,SESSION_REGION_CENTROID,2025-05-07T00:00:00,REGION_20M_MIDPOINT_20250507,-1.0,3,0.3104687886568357,0.3755018556840897,2025-05,22,-0.015135882931611711,-0.33298942449545765
POST-VALIDATION DIAGNOSTIC — NOT CONFIRMATORY,DEVELOPMENT,REGION_20M_MIDPOINT,SESSION_REGION_CENTROID,2025-05-08T00:00:00,REGION_20M_MIDPOINT_20250508,0.45961820851688695,3,0.26398794919056756,0.3511826334016645,2025-05,22,-0.015135882931611711,-0.33298942449545765
POST-VALIDATION DIAGNOSTIC — NOT CONFIRMATORY,DEVELOPMENT,REGION_20M_MIDPOINT,SESSION_REGION_CENTROID,2025-05-09T00:00:00,REGION_20M_MIDPOINT_20250509,-1.0,3,0.1910923262949447,0.29693855325594504,2025-05,22,-0.015135882931611711,-0.33298942449545765
POST-VALIDATION DIAGNOSTIC — NOT CONFIRMATORY,DEVELOPMENT,REGION_20M_MIDPOINT,SESSION_REGION_CENTROID,2025-05-12T00:00:00,REGION_20M_MIDPOINT_20250512,-1.0,3,0.10656073588100132,0.25283598915338096,2025-05,22,-0.015135882931611711,-0.33298942449545765
POST-VALIDATION DIAGNOSTIC — NOT CONFIRMATORY,DEVELOPMENT,REGION_20M_MIDPOINT,SESSION_REGION_CENTROID,2025-05-13T00:00:00,REGION_20M_MIDPOINT_20250513,1.4641744548286606,3,0.13113350128686516,0.256008367138843,2025-05,22,-0.015135882931611711,-0.33298942449545765
POST-VALIDATION DIAGNOSTIC — NOT CONFIRMATORY,DEVELOPMENT,REGION_20M_MIDPOINT,SESSION_REGION_CENTROID,2025-05-14T00:00:00,REGION_20M_MIDPOINT_20250514,-1.0,3,0.08471773067754616,0.20080237462947972,2025-05,22,-0.015135882931611711,-0.33298942449545765
POST-VALIDATION DIAGNOSTIC — NOT CONFIRMATORY,DEVELOPMENT,REGION_20M_MIDPOINT,SESSION_REGION_CENTROID,2025-05-15T00:00:00,REGION_20M_MIDPOINT_20250515,-1.0,3,0.03082446733546391,0.16632970334387542,2025-05,22,-0.015135882931611711,-0.33298942449545765
POST-VALIDATION DIAGNOSTIC — NOT CONFIRMATORY,DEVELOPMENT,REGION_20M_MIDPOINT,SESSION_REGION_CENTROID,2025-05-16T00:00:00,REGION_20M_MIDPOINT_20250516,-0.17586912065439675,3,-0.006978033764161066,0.14582948443575586,2025-05,22,-0.015135882931611711,-0.33298942449545765
POST-VALIDATION DIAGNOSTIC — NOT CONFIRMATORY,DEVELOPMENT,REGION_20M_MIDPOINT,SESSION_REGION_CENTROID,2025-05-19T00:00:00,REGION_20M_MIDPOINT_20250519,0.9029779058597502,3,0.0017186796734225925,0.14761198627589459,2025-05,22,-0.015135882931611711,-0.33298942449545765
POST-VALIDATION DIAGNOSTIC — NOT CONFIRMATORY,DEVELOPMENT,REGION_20M_MIDPOINT,SESSION_REGION_CENTROID,2025-05-20T00:00:00,REGION_20M_MIDPOINT_20250520,-1.0,3,-0.04859749015494235,0.10934182106695388,2025-05,22,-0.015135882931611711,-0.33298942449545765
POST-VALIDATION DIAGNOSTIC — NOT CONFIRMATORY,DEVELOPMENT,REGION_20M_MIDPOINT,SESSION_REGION_CENTROID,2025-05-21T00:00:00,REGION_20M_MIDPOINT_20250521,1.4710485133020343,3,-0.03358353138725601,0.15876279133299456,2025-05,22,-0.015135882931611711,-0.33298942449545765
POST-VALIDATION DIAGNOSTIC — NOT CONFIRMATORY,DEVELOPMENT,REGION_20M_MIDPOINT,SESSION_REGION_CENTROID,2025-05-22T00:00:00,REGION_20M_MIDPOINT_20250522,1.484992101105845,3,0.04924953864960548,0.20846263335511148,2025-05,22,-0.015135882931611711,-0.33298942449545765
POST-VALIDATION DIAGNOSTIC — NOT CONFIRMATORY,DEVELOPMENT,REGION_20M_MIDPOINT,SESSION_REGION_CENTROID,2025-05-23T00:00:00,REGION_20M_MIDPOINT_20250523,-1.0,3,-0.011212221812154977,0.20846263335511148,2025-05,22,-0.015135882931611711,-0.33298942449545765
POST-VALIDATION DIAGNOSTIC — NOT CONFIRMATORY,DEVELOPMENT,REGION_20M_MIDPOINT,SESSION_REGION_CENTROID,2025-05-26T00:00:00,REGION_20M_MIDPOINT_20250526,-1.0,3,-0.011212221812154977,0.16109727673211288,2025-05,22,-0.015135882931611711,-0.33298942449545765
POST-VALIDATION DIAGNOSTIC — NOT CONFIRMATORY,DEVELOPMENT,REGION_20M_MIDPOINT,SESSION_REGION_CENTROID,2025-05-27T00:00:00,REGION_20M_MIDPOINT_20250527,1.7216117216117217,3,0.026725218359922073,0.21552951116434735,2025-05,22,-0.015135882931611711,-0.33298942449545765
POST-VALIDATION DIAGNOSTIC — NOT CONFIRMATORY,DEVELOPMENT,REGION_20M_MIDPOINT,SESSION_REGION_CENTROID,2025-05-28T00:00:00,REGION_20M_MIDPOINT_20250528,1.821705426356589,3,0.12078206590514172,0.27196361969147914,2025-05,22,-0.015135882931611711,-0.33298942449545765
POST-VALIDATION DIAGNOSTIC — NOT CONFIRMATORY,DEVELOPMENT,REGION_20M_MIDPOINT,SESSION_REGION_CENTROID,2025-05-29T00:00:00,REGION_20M_MIDPOINT_20250529,0.8138528138528138,3,0.1576131534404546,0.2620203133464991,2025-05,22,-0.015135882931611711,-0.33298942449545765
POST-VALIDATION DIAGNOSTIC — NOT CONFIRMATORY,DEVELOPMENT,REGION_20M_MIDPOINT,SESSION_REGION_CENTROID,2025-05-30T00:00:00,REGION_20M_MIDPOINT_20250530,-1.0,3,0.08516205065227316,0.2620203133464991,2025-05,22,-0.015135882931611711,-0.33298942449545765
POST-VALIDATION DIAGNOSTIC — NOT CONFIRMATORY,DEVELOPMENT,REGION_20M_MIDPOINT,SESSION_REGION_CENTROID,2025-06-02T00:00:00,REGION_20M_MIDPOINT_20250602,-1.0,3,0.007002775497289848,0.2137920851182709,2025-06,17,0.07429071644734508,1.2629421796048663
POST-VALIDATION DIAGNOSTIC — NOT CONFIRMATORY,DEVELOPMENT,REGION_20M_MIDPOINT,SESSION_REGION_CENTROID,2025-06-03T00:00:00,REGION_20M_MIDPOINT_20250603,1.7602996254681649,3,0.03039414439427673,0.2207695061990628,2025-06,17,0.07429071644734508,1.2629421796048663
POST-VALIDATION DIAGNOSTIC — NOT CONFIRMATORY,DEVELOPMENT,REGION_20M_MIDPOINT,SESSION_REGION_CENTROID,2025-06-04T00:00:00,REGION_20M_MIDPOINT_20250604,0.8354978354978355,3,0.09157740557753792,0.2574794629090195,2025-06,17,0.07429071644734508,1.2629421796048663
POST-VALIDATION DIAGNOSTIC — NOT CONFIRMATORY,DEVELOPMENT,REGION_20M_MIDPOINT,SESSION_REGION_CENTROID,2025-06-05T00:00:00,REGION_20M_MIDPOINT_20250605,0.27477477477477485,3,0.06434477224734361,0.2258940905544164,2025-06,17,0.07429071644734508,1.2629421796048663
POST-VALIDATION DIAGNOSTIC — NOT CONFIRMATORY,DEVELOPMENT,REGION_20M_MIDPOINT,SESSION_REGION_CENTROID,2025-06-06T00:00:00,REGION_20M_MIDPOINT_20250606,-1.0,3,0.06434477224734361,0.18215671681704265,2025-06,17,0.07429071644734508,1.2629421796048663
POST-VALIDATION DIAGNOSTIC — NOT CONFIRMATORY,DEVELOPMENT,REGION_20M_MIDPOINT,SESSION_REGION_CENTROID,2025-06-09T00:00:00,REGION_20M_MIDPOINT_20250609,1.4315245478036174,3,0.07476066987254355,0.18006825352474898,2025-06,17,0.07429071644734508,1.2629421796048663
POST-VALIDATION DIAGNOSTIC — NOT CONFIRMATORY,DEVELOPMENT,REGION_20M_MIDPOINT,SESSION_REGION_CENTROID,2025-06-10T00:00:00,REGION_20M_MIDPOINT_20250610,-1.0,3,-0.0010297546983688269,0.1455284236716941,2025-06,17,0.07429071644734508,1.2629421796048663
POST-VALIDATION DIAGNOSTIC — NOT CONFIRMATORY,DEVELOPMENT,REGION_20M_MIDPOINT,SESSION_REGION_CENTROID,2025-06-11T00:00:00,REGION_20M_MIDPOINT_20250611,-1.0,3,-0.0010297546983688269,0.11767896130610268,2025-06,17,0.07429071644734508,1.2629421796048663
POST-VALIDATION DIAGNOSTIC — NOT CONFIRMATORY,DEVELOPMENT,REGION_20M_MIDPOINT,SESSION_REGION_CENTROID,2025-06-12T00:00:00,REGION_20M_MIDPOINT_20250612,-1.0,3,-0.0010297546983688269,0.08534300330085333,2025-06,17,0.07429071644734508,1.2629421796048663
POST-VALIDATION DIAGNOSTIC — NOT CONFIRMATORY,DEVELOPMENT,REGION_20M_MIDPOINT,SESSION_REGION_CENTROID,2025-06-13T00:00:00,REGION_20M_MIDPOINT_20250613,-1.0,3,-0.09112637305585673,0.046178885054166285,2025-06,17,0.07429071644734508,1.2629421796048663
POST-VALIDATION DIAGNOSTIC — NOT CONFIRMATORY,DEVELOPMENT,REGION_20M_MIDPOINT,SESSION_REGION_CENTROID,2025-06-20T00:00:00,REGION_20M_MIDPOINT_20250620,1.7216117216117217,3,-0.00040598233546601894,0.06776958943175591,2025-06,17,0.07429071644734508,1.2629421796048663
POST-VALIDATION DIAGNOSTIC — NOT CONFIRMATORY,DEVELOPMENT,REGION_20M_MIDPOINT,SESSION_REGION_CENTROID,2025-06-23T00:00:00,REGION_20M_MIDPOINT_20250623,0.9978768577494693,3,0.06618991292284962,0.07753742468972633,2025-06,17,0.07429071644734508,1.2629421796048663
POST-VALIDATION DIAGNOSTIC — NOT CONFIRMATORY,DEVELOPMENT,REGION_20M_MIDPOINT,SESSION_REGION_CENTROID,2025-06-24T00:00:00,REGION_20M_MIDPOINT_20250624,2.146118721461187,3,0.17106053697155588,0.10004720411352118,2025-06,17,0.07429071644734508,1.2629421796048663
POST-VALIDATION DIAGNOSTIC — NOT CONFIRMATORY,DEVELOPMENT,REGION_20M_MIDPOINT,SESSION_REGION_CENTROID,2025-06-25T00:00:00,REGION_20M_MIDPOINT_20250625,-1.0,3,0.12240659668765962,0.10004720411352118,2025-06,17,0.07429071644734508,1.2629421796048663
POST-VALIDATION DIAGNOSTIC — NOT CONFIRMATORY,DEVELOPMENT,REGION_20M_MIDPOINT,SESSION_REGION_CENTROID,2025-06-26T00:00:00,REGION_20M_MIDPOINT_20250626,-1.0,3,0.12240659668765964,0.06377014783646491,2025-06,17,0.07429071644734508,1.2629421796048663
POST-VALIDATION DIAGNOSTIC — NOT CONFIRMATORY,DEVELOPMENT,REGION_20M_MIDPOINT,SESSION_REGION_CENTROID,2025-06-27T00:00:00,REGION_20M_MIDPOINT_20250627,1.0952380952380953,3,0.1922478665289295,0.1056749097412268,2025-06,17,0.07429071644734508,1.2629421796048663
POST-VALIDATION DIAGNOSTIC — NOT CONFIRMATORY,DEVELOPMENT,REGION_20M_MIDPOINT,SESSION_REGION_CENTROID,2025-06-30T00:00:00,REGION_20M_MIDPOINT_20250630,-1.0,3,0.11010871803464078,0.0740051394122386,2025-06,17,0.07429071644734508,1.2629421796048663
POST-VALIDATION DIAGNOSTIC — NOT CONFIRMATORY,DEVELOPMENT,REGION_30M_FIXED40,SESSION_REGION_CENTROID,2024-06-21T00:00:00,REGION_30M_FIXED40_20240621,-1.0,3,,,2024-06,6,-0.013888888888888914,-0.08333333333333348
POST-VALIDATION DIAGNOSTIC — NOT CONFIRMATORY,DEVELOPMENT,REGION_30M_FIXED40,SESSION_REGION_CENTROID,2024-06-24T00:00:00,REGION_30M_FIXED40_20240624,-1.0,3,,,2024-06,6,-0.013888888888888914,-0.08333333333333348
POST-VALIDATION DIAGNOSTIC — NOT CONFIRMATORY,DEVELOPMENT,REGION_30M_FIXED40,SESSION_REGION_CENTROID,2024-06-25T00:00:00,REGION_30M_FIXED40_20240625,1.9583333333333333,3,,,2024-06,6,-0.013888888888888914,-0.08333333333333348
POST-VALIDATION DIAGNOSTIC — NOT CONFIRMATORY,DEVELOPMENT,REGION_30M_FIXED40,SESSION_REGION_CENTROID,2024-06-26T00:00:00,REGION_30M_FIXED40_20240626,-1.0,3,,,2024-06,6,-0.013888888888888914,-0.08333333333333348
POST-VALIDATION DIAGNOSTIC — NOT CONFIRMATORY,DEVELOPMENT,REGION_30M_FIXED40,SESSION_REGION_CENTROID,2024-06-27T00:00:00,REGION_30M_FIXED40_20240627,-1.0,3,,,2024-06,6,-0.013888888888888914,-0.08333333333333348
POST-VALIDATION DIAGNOSTIC — NOT CONFIRMATORY,DEVELOPMENT,REGION_30M_FIXED40,SESSION_REGION_CENTROID,2024-06-28T00:00:00,REGION_30M_FIXED40_20240628,1.9583333333333333,3,,,2024-06,6,-0.013888888888888914,-0.08333333333333348
POST-VALIDATION DIAGNOSTIC — NOT CONFIRMATORY,DEVELOPMENT,REGION_30M_FIXED40,SESSION_REGION_CENTROID,2024-07-01T00:00:00,REGION_30M_FIXED40_20240701,-1.0,3,,,2024-07,20,0.6196875,12.393749999999999
POST-VALIDATION DIAGNOSTIC — NOT CONFIRMATORY,DEVELOPMENT,REGION_30M_FIXED40,SESSION_REGION_CENTROID,2024-07-02T00:00:00,REGION_30M_FIXED40_20240702,1.9583333333333333,3,,,2024-07,20,0.6196875,12.393749999999999
POST-VALIDATION DIAGNOSTIC — NOT CONFIRMATORY,DEVELOPMENT,REGION_30M_FIXED40,SESSION_REGION_CENTROID,2024-07-04T00:00:00,REGION_30M_FIXED40_20240704,0.01875,3,,,2024-07,20,0.6196875,12.393749999999999
POST-VALIDATION DIAGNOSTIC — NOT CONFIRMATORY,DEVELOPMENT,REGION_30M_FIXED40,SESSION_REGION_CENTROID,2024-07-05T00:00:00,REGION_30M_FIXED40_20240705,-1.0,3,,,2024-07,20,0.6196875,12.393749999999999
POST-VALIDATION DIAGNOSTIC — NOT CONFIRMATORY,DEVELOPMENT,REGION_30M_FIXED40,SESSION_REGION_CENTROID,2024-07-08T00:00:00,REGION_30M_FIXED40_20240708,-1.0,3,,,2024-07,20,0.6196875,12.393749999999999
POST-VALIDATION DIAGNOSTIC — NOT CONFIRMATORY,DEVELOPMENT,REGION_30M_FIXED40,SESSION_REGION_CENTROID,2024-07-09T00:00:00,REGION_30M_FIXED40_20240709,-1.0,3,,,2024-07,20,0.6196875,12.393749999999999
POST-VALIDATION DIAGNOSTIC — NOT CONFIRMATORY,DEVELOPMENT,REGION_30M_FIXED40,SESSION_REGION_CENTROID,2024-07-10T00:00:00,REGION_30M_FIXED40_20240710,-1.0,3,,,2024-07,20,0.6196875,12.393749999999999
POST-VALIDATION DIAGNOSTIC — NOT CONFIRMATORY,DEVELOPMENT,REGION_30M_FIXED40,SESSION_REGION_CENTROID,2024-07-11T00:00:00,REGION_30M_FIXED40_20240711,1.9583333333333333,3,,,2024-07,20,0.6196875,12.393749999999999
POST-VALIDATION DIAGNOSTIC — NOT CONFIRMATORY,DEVELOPMENT,REGION_30M_FIXED40,SESSION_REGION_CENTROID,2024-07-12T00:00:00,REGION_30M_FIXED40_20240712,1.9583333333333333,3,,,2024-07,20,0.6196875,12.393749999999999
POST-VALIDATION DIAGNOSTIC — NOT CONFIRMATORY,DEVELOPMENT,REGION_30M_FIXED40,SESSION_REGION_CENTROID,2024-07-15T00:00:00,REGION_30M_FIXED40_20240715,1.9583333333333333,3,,,2024-07,20,0.6196875,12.393749999999999
POST-VALIDATION DIAGNOSTIC — NOT CONFIRMATORY,DEVELOPMENT,REGION_30M_FIXED40,SESSION_REGION_CENTROID,2024-07-16T00:00:00,REGION_30M_FIXED40_20240716,0.7916666666666666,3,,,2024-07,20,0.6196875,12.393749999999999
POST-VALIDATION DIAGNOSTIC — NOT CONFIRMATORY,DEVELOPMENT,REGION_30M_FIXED40,SESSION_REGION_CENTROID,2024-07-17T00:00:00,REGION_30M_FIXED40_20240717,1.9583333333333333,3,,,2024-07,20,0.6196875,12.393749999999999
POST-VALIDATION DIAGNOSTIC — NOT CONFIRMATORY,DEVELOPMENT,REGION_30M_FIXED40,SESSION_REGION_CENTROID,2024-07-18T00:00:00,REGION_30M_FIXED40_20240718,1.9583333333333333,3,,,2024-07,20,0.6196875,12.393749999999999
POST-VALIDATION DIAGNOSTIC — NOT CONFIRMATORY,DEVELOPMENT,REGION_30M_FIXED40,SESSION_REGION_CENTROID,2024-07-23T00:00:00,REGION_30M_FIXED40_20240723,-1.0,3,,,2024-07,20,0.6196875,12.393749999999999
POST-VALIDATION DIAGNOSTIC — NOT CONFIRMATORY,DEVELOPMENT,REGION_30M_FIXED40,SESSION_REGION_CENTROID,2024-07-24T00:00:00,REGION_30M_FIXED40_20240724,1.9583333333333333,3,,,2024-07,20,0.6196875,12.393749999999999
POST-VALIDATION DIAGNOSTIC — NOT CONFIRMATORY,DEVELOPMENT,REGION_30M_FIXED40,SESSION_REGION_CENTROID,2024-07-25T00:00:00,REGION_30M_FIXED40_20240725,1.9583333333333333,3,,,2024-07,20,0.6196875,12.393749999999999
POST-VALIDATION DIAGNOSTIC — NOT CONFIRMATORY,DEVELOPMENT,REGION_30M_FIXED40,SESSION_REGION_CENTROID,2024-07-26T00:00:00,REGION_30M_FIXED40_20240726,-1.0,3,,,2024-07,20,0.6196875,12.393749999999999
POST-VALIDATION DIAGNOSTIC — NOT CONFIRMATORY,DEVELOPMENT,REGION_30M_FIXED40,SESSION_REGION_CENTROID,2024-07-29T00:00:00,REGION_30M_FIXED40_20240729,-1.0,3,,,2024-07,20,0.6196875,12.393749999999999
POST-VALIDATION DIAGNOSTIC — NOT CONFIRMATORY,DEVELOPMENT,REGION_30M_FIXED40,SESSION_REGION_CENTROID,2024-07-30T00:00:00,REGION_30M_FIXED40_20240730,1.9583333333333333,3,,,2024-07,20,0.6196875,12.393749999999999
POST-VALIDATION DIAGNOSTIC — NOT CONFIRMATORY,DEVELOPMENT,REGION_30M_FIXED40,SESSION_REGION_CENTROID,2024-07-31T00:00:00,REGION_30M_FIXED40_20240731,1.9583333333333333,3,,,2024-07,20,0.6196875,12.393749999999999
POST-VALIDATION DIAGNOSTIC — NOT CONFIRMATORY,DEVELOPMENT,REGION_30M_FIXED40,SESSION_REGION_CENTROID,2024-08-01T00:00:00,REGION_30M_FIXED40_20240801,1.9583333333333333,3,,,2024-08,20,0.25625,5.125
POST-VALIDATION DIAGNOSTIC — NOT CONFIRMATORY,DEVELOPMENT,REGION_30M_FIXED40,SESSION_REGION_CENTROID,2024-08-02T00:00:00,REGION_30M_FIXED40_20240802,1.9583333333333333,3,,,2024-08,20,0.25625,5.125
POST-VALIDATION DIAGNOSTIC — NOT CONFIRMATORY,DEVELOPMENT,REGION_30M_FIXED40,SESSION_REGION_CENTROID,2024-08-07T00:00:00,REGION_30M_FIXED40_20240807,-1.0,3,,,2024-08,20,0.25625,5.125
POST-VALIDATION DIAGNOSTIC — NOT CONFIRMATORY,DEVELOPMENT,REGION_30M_FIXED40,SESSION_REGION_CENTROID,2024-08-08T00:00:00,REGION_30M_FIXED40_20240808,1.9583333333333333,3,0.5728472222222222,,2024-08,20,0.25625,5.125
POST-VALIDATION DIAGNOSTIC — NOT CONFIRMATORY,DEVELOPMENT,REGION_30M_FIXED40,SESSION_REGION_CENTROID,2024-08-09T00:00:00,REGION_30M_FIXED40_20240809,-1.0,3,0.5728472222222222,,2024-08,20,0.25625,5.125
POST-VALIDATION DIAGNOSTIC — NOT CONFIRMATORY,DEVELOPMENT,REGION_30M_FIXED40,SESSION_REGION_CENTROID,2024-08-12T00:00:00,REGION_30M_FIXED40_20240812,0.7916666666666666,3,0.6325694444444444,,2024-08,20,0.25625,5.125
POST-VALIDATION DIAGNOSTIC — NOT CONFIRMATORY,DEVELOPMENT,REGION_30M_FIXED40,SESSION_REGION_CENTROID,2024-08-13T00:00:00,REGION_30M_FIXED40_20240813,-1.0,3,0.5339583333333333,,2024-08,20,0.25625,5.125
POST-VALIDATION DIAGNOSTIC — NOT CONFIRMATORY,DEVELOPMENT,REGION_30M_FIXED40,SESSION_REGION_CENTROID,2024-08-14T00:00:00,REGION_30M_FIXED40_20240814,0.7916666666666666,3,0.5936805555555555,,2024-08,20,0.25625,5.125
POST-VALIDATION DIAGNOSTIC — NOT CONFIRMATORY,DEVELOPMENT,REGION_30M_FIXED40,SESSION_REGION_CENTROID,2024-08-15T00:00:00,REGION_30M_FIXED40_20240815,-1.0,3,0.5936805555555555,,2024-08,20,0.25625,5.125
POST-VALIDATION DIAGNOSTIC — NOT CONFIRMATORY,DEVELOPMENT,REGION_30M_FIXED40,SESSION_REGION_CENTROID,2024-08-16T00:00:00,REGION_30M_FIXED40_20240816,-1.0,3,0.49506944444444445,,2024-08,20,0.25625,5.125
POST-VALIDATION DIAGNOSTIC — NOT CONFIRMATORY,DEVELOPMENT,REGION_30M_FIXED40,SESSION_REGION_CENTROID,2024-08-19T00:00:00,REGION_30M_FIXED40_20240819,-1.0,3,0.49506944444444445,,2024-08,20,0.25625,5.125
POST-VALIDATION DIAGNOSTIC — NOT CONFIRMATORY,DEVELOPMENT,REGION_30M_FIXED40,SESSION_REGION_CENTROID,2024-08-20T00:00:00,REGION_30M_FIXED40_20240820,-0.16666666666666666,3,0.42423611111111104,,2024-08,20,0.25625,5.125
POST-VALIDATION DIAGNOSTIC — NOT CONFIRMATORY,DEVELOPMENT,REGION_30M_FIXED40,SESSION_REGION_CENTROID,2024-08-21T00:00:00,REGION_30M_FIXED40_20240821,-1.0,3,0.3902777777777777,,2024-08,20,0.25625,5.125
POST-VALIDATION DIAGNOSTIC — NOT CONFIRMATORY,DEVELOPMENT,REGION_30M_FIXED40,SESSION_REGION_CENTROID,2024-08-22T00:00:00,REGION_30M_FIXED40_20240822,1.9583333333333333,3,0.4888888888888889,,2024-08,20,0.25625,5.125
POST-VALIDATION DIAGNOSTIC — NOT CONFIRMATORY,DEVELOPMENT,REGION_30M_FIXED40,SESSION_REGION_CENTROID,2024-08-23T00:00:00,REGION_30M_FIXED40_20240823,1.9583333333333333,3,0.5874999999999999,,2024-08,20,0.25625,5.125
POST-VALIDATION DIAGNOSTIC — NOT CONFIRMATORY,DEVELOPMENT,REGION_30M_FIXED40,SESSION_REGION_CENTROID,2024-08-26T00:00:00,REGION_30M_FIXED40_20240826,1.9583333333333333,3,0.6861111111111111,,2024-08,20,0.25625,5.125
POST-VALIDATION DIAGNOSTIC — NOT CONFIRMATORY,DEVELOPMENT,REGION_30M_FIXED40,SESSION_REGION_CENTROID,2024-08-27T00:00:00,REGION_30M_FIXED40_20240827,1.9583333333333333,3,0.7847222222222221,,2024-08,20,0.25625,5.125
POST-VALIDATION DIAGNOSTIC — NOT CONFIRMATORY,DEVELOPMENT,REGION_30M_FIXED40,SESSION_REGION_CENTROID,2024-08-28T00:00:00,REGION_30M_FIXED40_20240828,-1.0,3,0.6861111111111111,,2024-08,20,0.25625,5.125
POST-VALIDATION DIAGNOSTIC — NOT CONFIRMATORY,DEVELOPMENT,REGION_30M_FIXED40,SESSION_REGION_CENTROID,2024-08-29T00:00:00,REGION_30M_FIXED40_20240829,-1.0,3,0.5875,,2024-08,20,0.25625,5.125
POST-VALIDATION DIAGNOSTIC — NOT CONFIRMATORY,DEVELOPMENT,REGION_30M_FIXED40,SESSION_REGION_CENTROID,2024-08-30T00:00:00,REGION_30M_FIXED40_20240830,-1.0,3,0.4888888888888889,,2024-08,20,0.25625,5.125
POST-VALIDATION DIAGNOSTIC — NOT CONFIRMATORY,DEVELOPMENT,REGION_30M_FIXED40,SESSION_REGION_CENTROID,2024-09-02T00:00:00,REGION_30M_FIXED40_20240902,-1.0,3,0.4291666666666666,,2024-09,15,0.027777777777777752,0.4166666666666663
POST-VALIDATION DIAGNOSTIC — NOT CONFIRMATORY,DEVELOPMENT,REGION_30M_FIXED40,SESSION_REGION_CENTROID,2024-09-04T00:00:00,REGION_30M_FIXED40_20240904,-1.0,3,0.33055555555555555,,2024-09,15,0.027777777777777752,0.4166666666666663
POST-VALIDATION DIAGNOSTIC — NOT CONFIRMATORY,DEVELOPMENT,REGION_30M_FIXED40,SESSION_REGION_CENTROID,2024-09-05T00:00:00,REGION_30M_FIXED40_20240905,0.7916666666666666,3,0.29166666666666663,,2024-09,15,0.027777777777777752,0.4166666666666663
POST-VALIDATION DIAGNOSTIC — NOT CONFIRMATORY,DEVELOPMENT,REGION_30M_FIXED40,SESSION_REGION_CENTROID,2024-09-06T00:00:00,REGION_30M_FIXED40_20240906,-1.0,3,0.29166666666666663,0.3045416666666666,2024-09,15,0.027777777777777752,0.4166666666666663
POST-VALIDATION DIAGNOSTIC — NOT CONFIRMATORY,DEVELOPMENT,REGION_30M_FIXED40,SESSION_REGION_CENTROID,2024-09-09T00:00:00,REGION_30M_FIXED40_20240909,-1.0,3,0.1930555555555555,0.30454166666666665,2024-09,15,0.027777777777777752,0.4166666666666663
POST-VALIDATION DIAGNOSTIC — NOT CONFIRMATORY,DEVELOPMENT,REGION_30M_FIXED40,SESSION_REGION_CENTROID,2024-09-10T00:00:00,REGION_30M_FIXED40_20240910,-1.0,3,0.09444444444444441,0.30454166666666665,2024-09,15,0.027777777777777752,0.4166666666666663
POST-VALIDATION DIAGNOSTIC — NOT CONFIRMATORY,DEVELOPMENT,REGION_30M_FIXED40,SESSION_REGION_CENTROID,2024-09-11T00:00:00,REGION_30M_FIXED40_20240911,-1.0,3,0.0944444444444444,0.24537499999999995,2024-09,15,0.027777777777777752,0.4166666666666663
POST-VALIDATION DIAGNOSTIC — NOT CONFIRMATORY,DEVELOPMENT,REGION_30M_FIXED40,SESSION_REGION_CENTROID,2024-09-12T00:00:00,REGION_30M_FIXED40_20240912,0.7916666666666666,3,0.15416666666666665,0.2812083333333333,2024-09,15,0.027777777777777752,0.4166666666666663
POST-VALIDATION DIAGNOSTIC — NOT CONFIRMATORY,DEVELOPMENT,REGION_30M_FIXED40,SESSION_REGION_CENTROID,2024-09-20T00:00:00,REGION_30M_FIXED40_20240920,1.9583333333333333,3,0.15416666666666665,0.3403749999999999,2024-09,15,0.027777777777777752,0.4166666666666663
POST-VALIDATION DIAGNOSTIC — NOT CONFIRMATORY,DEVELOPMENT,REGION_30M_FIXED40,SESSION_REGION_CENTROID,2024-09-23T00:00:00,REGION_30M_FIXED40_20240923,-1.0,3,0.05555555555555554,0.2812083333333333,2024-09,15,0.027777777777777752,0.4166666666666663
POST-VALIDATION DIAGNOSTIC — NOT CONFIRMATORY,DEVELOPMENT,REGION_30M_FIXED40,SESSION_REGION_CENTROID,2024-09-24T00:00:00,REGION_30M_FIXED40_20240924,1.9583333333333333,3,0.05555555555555553,0.3403749999999999,2024-09,15,0.027777777777777752,0.4166666666666663
POST-VALIDATION DIAGNOSTIC — NOT CONFIRMATORY,DEVELOPMENT,REGION_30M_FIXED40,SESSION_REGION_CENTROID,2024-09-25T00:00:00,REGION_30M_FIXED40_20240925,-1.0,3,-0.04305555555555558,0.2812083333333333,2024-09,15,0.027777777777777752,0.4166666666666663
POST-VALIDATION DIAGNOSTIC — NOT CONFIRMATORY,DEVELOPMENT,REGION_30M_FIXED40,SESSION_REGION_CENTROID,2024-09-26T00:00:00,REGION_30M_FIXED40_20240926,1.9583333333333333,3,0.05555555555555553,0.32,2024-09,15,0.027777777777777752,0.4166666666666663
POST-VALIDATION DIAGNOSTIC — NOT CONFIRMATORY,DEVELOPMENT,REGION_30M_FIXED40,SESSION_REGION_CENTROID,2024-09-27T00:00:00,REGION_30M_FIXED40_20240927,1.9583333333333333,3,0.05555555555555553,0.37916666666666665,2024-09,15,0.027777777777777752,0.4166666666666663
POST-VALIDATION DIAGNOSTIC — NOT CONFIRMATORY,DEVELOPMENT,REGION_30M_FIXED40,SESSION_REGION_CENTROID,2024-09-30T00:00:00,REGION_30M_FIXED40_20240930,-1.0,3,0.05555555555555554,0.37916666666666665,2024-09,15,0.027777777777777752,0.4166666666666663
POST-VALIDATION DIAGNOSTIC — NOT CONFIRMATORY,DEVELOPMENT,REGION_30M_FIXED40,SESSION_REGION_CENTROID,2024-10-01T00:00:00,REGION_30M_FIXED40_20241001,1.9583333333333333,3,0.09444444444444441,0.4383333333333333,2024-10,22,0.1515151515151515,3.3333333333333326
POST-VALIDATION DIAGNOSTIC — NOT CONFIRMATORY,DEVELOPMENT,REGION_30M_FIXED40,SESSION_REGION_CENTROID,2024-10-02T00:00:00,REGION_30M_FIXED40_20241002,1.9583333333333333,3,0.19305555555555554,0.4975,2024-10,22,0.1515151515151515,3.3333333333333326
POST-VALIDATION DIAGNOSTIC — NOT CONFIRMATORY,DEVELOPMENT,REGION_30M_FIXED40,SESSION_REGION_CENTROID,2024-10-03T00:00:00,REGION_30M_FIXED40_20241003,-0.16666666666666666,3,0.16111111111111107,0.4549999999999999,2024-10,22,0.1515151515151515,3.3333333333333326
POST-VALIDATION DIAGNOSTIC — NOT CONFIRMATORY,DEVELOPMENT,REGION_30M_FIXED40,SESSION_REGION_CENTROID,2024-10-04T00:00:00,REGION_30M_FIXED40_20241004,-1.0,3,0.16111111111111107,0.39583333333333326,2024-10,22,0.1515151515151515,3.3333333333333326
POST-VALIDATION DIAGNOSTIC — NOT CONFIRMATORY,DEVELOPMENT,REGION_30M_FIXED40,SESSION_REGION_CENTROID,2024-10-07T00:00:00,REGION_30M_FIXED40_20241007,-1.0,3,0.16111111111111107,0.33666666666666667,2024-10,22,0.1515151515151515,3.3333333333333326
POST-VALIDATION DIAGNOSTIC — NOT CONFIRMATORY,DEVELOPMENT,REGION_30M_FIXED40,SESSION_REGION_CENTROID,2024-10-08T00:00:00,REGION_30M_FIXED40_20241008,1.9583333333333333,3,0.2597222222222222,0.35999999999999993,2024-10,22,0.1515151515151515,3.3333333333333326
POST-VALIDATION DIAGNOSTIC — NOT CONFIRMATORY,DEVELOPMENT,REGION_30M_FIXED40,SESSION_REGION_CENTROID,2024-10-09T00:00:00,REGION_30M_FIXED40_20241009,1.9583333333333333,3,0.33055555555555555,0.36,2024-10,22,0.1515151515151515,3.3333333333333326
POST-VALIDATION DIAGNOSTIC — NOT CONFIRMATORY,DEVELOPMENT,REGION_30M_FIXED40,SESSION_REGION_CENTROID,2024-10-10T00:00:00,REGION_30M_FIXED40_20241010,1.9583333333333333,3,0.4291666666666666,0.36,2024-10,22,0.1515151515151515,3.3333333333333326
POST-VALIDATION DIAGNOSTIC — NOT CONFIRMATORY,DEVELOPMENT,REGION_30M_FIXED40,SESSION_REGION_CENTROID,2024-10-11T00:00:00,REGION_30M_FIXED40_20241011,1.9583333333333333,3,0.4291666666666666,0.41916666666666663,2024-10,22,0.1515151515151515,3.3333333333333326
POST-VALIDATION DIAGNOSTIC — NOT CONFIRMATORY,DEVELOPMENT,REGION_30M_FIXED40,SESSION_REGION_CENTROID,2024-10-14T00:00:00,REGION_30M_FIXED40_20241014,-1.0,3,0.33055555555555555,0.35999999999999993,2024-10,22,0.1515151515151515,3.3333333333333326
POST-VALIDATION DIAGNOSTIC — NOT CONFIRMATORY,DEVELOPMENT,REGION_30M_FIXED40,SESSION_REGION_CENTROID,2024-10-15T00:00:00,REGION_30M_FIXED40_20241015,1.9583333333333333,3,0.3305555555555555,0.36,2024-10,22,0.1515151515151515,3.3333333333333326
POST-VALIDATION DIAGNOSTIC — NOT CONFIRMATORY,DEVELOPMENT,REGION_30M_FIXED40,SESSION_REGION_CENTROID,2024-10-16T00:00:00,REGION_30M_FIXED40_20241016,-1.0,3,0.2319444444444444,0.36,2024-10,22,0.1515151515151515,3.3333333333333326
POST-VALIDATION DIAGNOSTIC — NOT CONFIRMATORY,DEVELOPMENT,REGION_30M_FIXED40,SESSION_REGION_CENTROID,2024-10-17T00:00:00,REGION_30M_FIXED40_20241017,-1.0,3,0.2319444444444444,0.36,2024-10,22,0.1515151515151515,3.3333333333333326
POST-VALIDATION DIAGNOSTIC — NOT CONFIRMATORY,DEVELOPMENT,REGION_30M_FIXED40,SESSION_REGION_CENTROID,2024-10-18T00:00:00,REGION_30M_FIXED40_20241018,-1.0,3,0.2319444444444444,0.30083333333333334,2024-10,22,0.1515151515151515,3.3333333333333326
POST-VALIDATION DIAGNOSTIC — NOT CONFIRMATORY,DEVELOPMENT,REGION_30M_FIXED40,SESSION_REGION_CENTROID,2024-10-21T00:00:00,REGION_30M_FIXED40_20241021,-1.0,3,0.2319444444444444,0.24166666666666664,2024-10,22,0.1515151515151515,3.3333333333333326
POST-VALIDATION DIAGNOSTIC — NOT CONFIRMATORY,DEVELOPMENT,REGION_30M_FIXED40,SESSION_REGION_CENTROID,2024-10-22T00:00:00,REGION_30M_FIXED40_20241022,-1.0,3,0.2319444444444444,0.18249999999999997,2024-10,22,0.1515151515151515,3.3333333333333326
POST-VALIDATION DIAGNOSTIC — NOT CONFIRMATORY,DEVELOPMENT,REGION_30M_FIXED40,SESSION_REGION_CENTROID,2024-10-23T00:00:00,REGION_30M_FIXED40_20241023,-0.16666666666666666,3,0.2597222222222222,0.13999999999999999,2024-10,22,0.1515151515151515,3.3333333333333326
POST-VALIDATION DIAGNOSTIC — NOT CONFIRMATORY,DEVELOPMENT,REGION_30M_FIXED40,SESSION_REGION_CENTROID,2024-10-24T00:00:00,REGION_30M_FIXED40_20241024,-1.0,3,0.19999999999999998,0.13999999999999999,2024-10,22,0.1515151515151515,3.3333333333333326
POST-VALIDATION DIAGNOSTIC — NOT CONFIRMATORY,DEVELOPMENT,REGION_30M_FIXED40,SESSION_REGION_CENTROID,2024-10-25T00:00:00,REGION_30M_FIXED40_20241025,-1.0,3,0.19999999999999998,0.08083333333333333,2024-10,22,0.1515151515151515,3.3333333333333326
POST-VALIDATION DIAGNOSTIC — NOT CONFIRMATORY,DEVELOPMENT,REGION_30M_FIXED40,SESSION_REGION_CENTROID,2024-10-29T00:00:00,REGION_30M_FIXED40_20241029,1.9583333333333333,3,0.29861111111111105,0.13999999999999999,2024-10,22,0.1515151515151515,3.3333333333333326
POST-VALIDATION DIAGNOSTIC — NOT CONFIRMATORY,DEVELOPMENT,REGION_30M_FIXED40,SESSION_REGION_CENTROID,2024-10-30T00:00:00,REGION_30M_FIXED40_20241030,-1.0,3,0.29861111111111105,0.10416666666666664,2024-10,22,0.1515151515151515,3.3333333333333326
POST-VALIDATION DIAGNOSTIC — NOT CONFIRMATORY,DEVELOPMENT,REGION_30M_FIXED40,SESSION_REGION_CENTROID,2024-10-31T00:00:00,REGION_30M_FIXED40_20241031,-1.0,3,0.29861111111111105,0.10416666666666664,2024-10,22,0.1515151515151515,3.3333333333333326
POST-VALIDATION DIAGNOSTIC — NOT CONFIRMATORY,DEVELOPMENT,REGION_30M_FIXED40,SESSION_REGION_CENTROID,2024-11-01T00:00:00,REGION_30M_FIXED40_20241101,-1.0,3,0.23888888888888882,0.0683333333333333,2024-11,20,0.1967708333333333,3.9354166666666663
POST-VALIDATION DIAGNOSTIC — NOT CONFIRMATORY,DEVELOPMENT,REGION_30M_FIXED40,SESSION_REGION_CENTROID,2024-11-04T00:00:00,REGION_30M_FIXED40_20241104,0.7916666666666666,3,0.19999999999999998,0.10416666666666664,2024-11,20,0.1967708333333333,3.9354166666666663
POST-VALIDATION DIAGNOSTIC — NOT CONFIRMATORY,DEVELOPMENT,REGION_30M_FIXED40,SESSION_REGION_CENTROID,2024-11-05T00:00:00,REGION_30M_FIXED40_20241105,-1.0,3,0.19999999999999998,0.10416666666666664,2024-11,20,0.1967708333333333,3.9354166666666663
POST-VALIDATION DIAGNOSTIC — NOT CONFIRMATORY,DEVELOPMENT,REGION_30M_FIXED40,SESSION_REGION_CENTROID,2024-11-06T00:00:00,REGION_30M_FIXED40_20241106,-1.0,3,0.10138888888888888,0.10416666666666664,2024-11,20,0.1967708333333333,3.9354166666666663
POST-VALIDATION DIAGNOSTIC — NOT CONFIRMATORY,DEVELOPMENT,REGION_30M_FIXED40,SESSION_REGION_CENTROID,2024-11-07T00:00:00,REGION_30M_FIXED40_20241107,1.9583333333333333,3,0.2,0.14666666666666664,2024-11,20,0.1967708333333333,3.9354166666666663
POST-VALIDATION DIAGNOSTIC — NOT CONFIRMATORY,DEVELOPMENT,REGION_30M_FIXED40,SESSION_REGION_CENTROID,2024-11-08T00:00:00,REGION_30M_FIXED40_20241108,-1.0,3,0.10138888888888885,0.14666666666666664,2024-11,20,0.1967708333333333,3.9354166666666663
POST-VALIDATION DIAGNOSTIC — NOT CONFIRMATORY,DEVELOPMENT,REGION_30M_FIXED40,SESSION_REGION_CENTROID,2024-11-11T00:00:00,REGION_30M_FIXED40_20241111,-1.0,3,0.002777777777777753,0.08749999999999997,2024-11,20,0.1967708333333333,3.9354166666666663
POST-VALIDATION DIAGNOSTIC — NOT CONFIRMATORY,DEVELOPMENT,REGION_30M_FIXED40,SESSION_REGION_CENTROID,2024-11-12T00:00:00,REGION_30M_FIXED40_20241112,-1.0,3,0.002777777777777753,0.0283333333333333,2024-11,20,0.1967708333333333,3.9354166666666663
POST-VALIDATION DIAGNOSTIC — NOT CONFIRMATORY,DEVELOPMENT,REGION_30M_FIXED40,SESSION_REGION_CENTROID,2024-11-13T00:00:00,REGION_30M_FIXED40_20241113,-0.16666666666666666,3,-0.06805555555555558,-0.014166666666666694,2024-11,20,0.1967708333333333,3.9354166666666663
POST-VALIDATION DIAGNOSTIC — NOT CONFIRMATORY,DEVELOPMENT,REGION_30M_FIXED40,SESSION_REGION_CENTROID,2024-11-14T00:00:00,REGION_30M_FIXED40_20241114,-1.0,3,-0.16666666666666669,-0.07333333333333336,2024-11,20,0.1967708333333333,3.9354166666666663
POST-VALIDATION DIAGNOSTIC — NOT CONFIRMATORY,DEVELOPMENT,REGION_30M_FIXED40,SESSION_REGION_CENTROID,2024-11-15T00:00:00,REGION_30M_FIXED40_20241115,1.9583333333333333,3,-0.09583333333333335,-0.014166666666666692,2024-11,20,0.1967708333333333,3.9354166666666663
POST-VALIDATION DIAGNOSTIC — NOT CONFIRMATORY,DEVELOPMENT,REGION_30M_FIXED40,SESSION_REGION_CENTROID,2024-11-18T00:00:00,REGION_30M_FIXED40_20241118,1.9583333333333333,3,0.0027777777777777605,0.044999999999999964,2024-11,20,0.1967708333333333,3.9354166666666663
POST-VALIDATION DIAGNOSTIC — NOT CONFIRMATORY,DEVELOPMENT,REGION_30M_FIXED40,SESSION_REGION_CENTROID,2024-11-19T00:00:00,REGION_30M_FIXED40_20241119,1.9583333333333333,3,0.10138888888888888,0.10416666666666664,2024-11,20,0.1967708333333333,3.9354166666666663
POST-VALIDATION DIAGNOSTIC — NOT CONFIRMATORY,DEVELOPMENT,REGION_30M_FIXED40,SESSION_REGION_CENTROID,2024-11-20T00:00:00,REGION_30M_FIXED40_20241120,1.9583333333333333,3,0.10138888888888888,0.16333333333333327,2024-11,20,0.1967708333333333,3.9354166666666663
POST-VALIDATION DIAGNOSTIC — NOT CONFIRMATORY,DEVELOPMENT,REGION_30M_FIXED40,SESSION_REGION_CENTROID,2024-11-21T00:00:00,REGION_30M_FIXED40_20241121,-1.0,3,0.0027777777777777605,0.16333333333333327,2024-11,20,0.1967708333333333,3.9354166666666663
POST-VALIDATION DIAGNOSTIC — NOT CONFIRMATORY,DEVELOPMENT,REGION_30M_FIXED40,SESSION_REGION_CENTROID,2024-11-22T00:00:00,REGION_30M_FIXED40_20241122,-1.0,3,-0.09583333333333335,0.12749999999999997,2024-11,20,0.1967708333333333,3.9354166666666663
POST-VALIDATION DIAGNOSTIC — NOT CONFIRMATORY,DEVELOPMENT,REGION_30M_FIXED40,SESSION_REGION_CENTROID,2024-11-25T00:00:00,REGION_30M_FIXED40_20241125,-1.0,3,-0.19444444444444448,0.12749999999999997,2024-11,20,0.1967708333333333,3.9354166666666663
POST-VALIDATION DIAGNOSTIC — NOT CONFIRMATORY,DEVELOPMENT,REGION_30M_FIXED40,SESSION_REGION_CENTROID,2024-11-27T00:00:00,REGION_30M_FIXED40_20241127,1.9583333333333333,3,-0.09583333333333337,0.18666666666666665,2024-11,20,0.1967708333333333,3.9354166666666663
POST-VALIDATION DIAGNOSTIC — NOT CONFIRMATORY,DEVELOPMENT,REGION_30M_FIXED40,SESSION_REGION_CENTROID,2024-11-28T00:00:00,REGION_30M_FIXED40_20241128,-0.16875000000000004,3,-0.16673611111111114,0.20329166666666662,2024-11,20,0.1967708333333333,3.9354166666666663
POST-VALIDATION DIAGNOSTIC — NOT CONFIRMATORY,DEVELOPMENT,REGION_30M_FIXED40,SESSION_REGION_CENTROID,2024-11-29T00:00:00,REGION_30M_FIXED40_20241129,1.7291666666666667,3,-0.07576388888888891,0.25787499999999997,2024-11,20,0.1967708333333333,3.9354166666666663
POST-VALIDATION DIAGNOSTIC — NOT CONFIRMATORY,DEVELOPMENT,REGION_30M_FIXED40,SESSION_REGION_CENTROID,2024-12-02T00:00:00,REGION_30M_FIXED40_20241202,1.5125,3,0.007986111111111102,0.27229166666666665,2024-12,16,0.26640624999999996,4.262499999999999
POST-VALIDATION DIAGNOSTIC — NOT CONFIRMATORY,DEVELOPMENT,REGION_30M_FIXED40,SESSION_REGION_CENTROID,2024-12-03T00:00:00,REGION_30M_FIXED40_20241203,-1.0,3,0.007986111111111102,0.21312499999999995,2024-12,16,0.26640624999999996,4.262499999999999
POST-VALIDATION DIAGNOSTIC — NOT CONFIRMATORY,DEVELOPMENT,REGION_30M_FIXED40,SESSION_REGION_CENTROID,2024-12-04T00:00:00,REGION_30M_FIXED40_20241204,1.9583333333333333,3,0.1065972222222222,0.27229166666666665,2024-12,16,0.26640624999999996,4.262499999999999
POST-VALIDATION DIAGNOSTIC — NOT CONFIRMATORY,DEVELOPMENT,REGION_30M_FIXED40,SESSION_REGION_CENTROID,2024-12-05T00:00:00,REGION_30M_FIXED40_20241205,-1.0,3,0.1065972222222222,0.213125,2024-12,16,0.26640624999999996,4.262499999999999
POST-VALIDATION DIAGNOSTIC — NOT CONFIRMATORY,DEVELOPMENT,REGION_30M_FIXED40,SESSION_REGION_CENTROID,2024-12-06T00:00:00,REGION_30M_FIXED40_20241206,-1.0,3,0.07881944444444443,0.213125,2024-12,16,0.26640624999999996,4.262499999999999
POST-VALIDATION DIAGNOSTIC — NOT CONFIRMATORY,DEVELOPMENT,REGION_30M_FIXED40,SESSION_REGION_CENTROID,2024-12-09T00:00:00,REGION_30M_FIXED40_20241209,1.9583333333333333,3,0.17743055555555554,0.21312499999999995,2024-12,16,0.26640624999999996,4.262499999999999
POST-VALIDATION DIAGNOSTIC — NOT CONFIRMATORY,DEVELOPMENT,REGION_30M_FIXED40,SESSION_REGION_CENTROID,2024-12-10T00:00:00,REGION_30M_FIXED40_20241210,-1.0,3,0.17743055555555554,0.15395833333333328,2024-12,16,0.26640624999999996,4.262499999999999
POST-VALIDATION DIAGNOSTIC — NOT CONFIRMATORY,DEVELOPMENT,REGION_30M_FIXED40,SESSION_REGION_CENTROID,2024-12-11T00:00:00,REGION_30M_FIXED40_20241211,1.9583333333333333,3,0.17743055555555554,0.21312499999999995,2024-12,16,0.26640624999999996,4.262499999999999
POST-VALIDATION DIAGNOSTIC — NOT CONFIRMATORY,DEVELOPMENT,REGION_30M_FIXED40,SESSION_REGION_CENTROID,2024-12-12T00:00:00,REGION_30M_FIXED40_20241212,-1.0,3,0.17743055555555554,0.1539583333333333,2024-12,16,0.26640624999999996,4.262499999999999
POST-VALIDATION DIAGNOSTIC — NOT CONFIRMATORY,DEVELOPMENT,REGION_30M_FIXED40,SESSION_REGION_CENTROID,2024-12-13T00:00:00,REGION_30M_FIXED40_20241213,1.9583333333333333,3,0.2760416666666667,0.1539583333333333,2024-12,16,0.26640624999999996,4.262499999999999
POST-VALIDATION DIAGNOSTIC — NOT CONFIRMATORY,DEVELOPMENT,REGION_30M_FIXED40,SESSION_REGION_CENTROID,2024-12-20T00:00:00,REGION_30M_FIXED40_20241220,-1.0,3,0.2760416666666667,0.13729166666666665,2024-12,16,0.26640624999999996,4.262499999999999
POST-VALIDATION DIAGNOSTIC — NOT CONFIRMATORY,DEVELOPMENT,REGION_30M_FIXED40,SESSION_REGION_CENTROID,2024-12-24T00:00:00,REGION_30M_FIXED40_20241224,1.9583333333333333,3,0.31493055555555555,0.1964583333333333,2024-12,16,0.26640624999999996,4.262499999999999
POST-VALIDATION DIAGNOSTIC — NOT CONFIRMATORY,DEVELOPMENT,REGION_30M_FIXED40,SESSION_REGION_CENTROID,2024-12-26T00:00:00,REGION_30M_FIXED40_20241226,-1.0,3,0.31493055555555555,0.1964583333333333,2024-12,16,0.26640624999999996,4.262499999999999
POST-VALIDATION DIAGNOSTIC — NOT CONFIRMATORY,DEVELOPMENT,REGION_30M_FIXED40,SESSION_REGION_CENTROID,2024-12-27T00:00:00,REGION_30M_FIXED40_20241227,1.9583333333333333,3,0.41354166666666664,0.1964583333333333,2024-12,16,0.26640624999999996,4.262499999999999
POST-VALIDATION DIAGNOSTIC — NOT CONFIRMATORY,DEVELOPMENT,REGION_30M_FIXED40,SESSION_REGION_CENTROID,2024-12-30T00:00:00,REGION_30M_FIXED40_20241230,-1.0,3,0.3149305555555556,0.13729166666666662,2024-12,16,0.26640624999999996,4.262499999999999
POST-VALIDATION DIAGNOSTIC — NOT CONFIRMATORY,DEVELOPMENT,REGION_30M_FIXED40,SESSION_REGION_CENTROID,2024-12-31T00:00:00,REGION_30M_FIXED40_20241231,-1.0,3,0.3149305555555556,0.07812499999999996,2024-12,16,0.26640624999999996,4.262499999999999
POST-VALIDATION DIAGNOSTIC — NOT CONFIRMATORY,DEVELOPMENT,REGION_30M_FIXED40,SESSION_REGION_CENTROID,2025-01-02T00:00:00,REGION_30M_FIXED40_20250102,-1.0,3,0.3149305555555556,0.018958333333333303,2025-01,19,0.02532894736842102,0.4812499999999994
POST-VALIDATION DIAGNOSTIC — NOT CONFIRMATORY,DEVELOPMENT,REGION_30M_FIXED40,SESSION_REGION_CENTROID,2025-01-03T00:00:00,REGION_30M_FIXED40_20250103,-1.0,3,0.3149305555555556,0.018958333333333303,2025-01,19,0.02532894736842102,0.4812499999999994
POST-VALIDATION DIAGNOSTIC — NOT CONFIRMATORY,DEVELOPMENT,REGION_30M_FIXED40,SESSION_REGION_CENTROID,2025-01-06T00:00:00,REGION_30M_FIXED40_20250106,-1.0,3,0.28715277777777776,-0.04020833333333336,2025-01,19,0.02532894736842102,0.4812499999999994
POST-VALIDATION DIAGNOSTIC — NOT CONFIRMATORY,DEVELOPMENT,REGION_30M_FIXED40,SESSION_REGION_CENTROID,2025-01-07T00:00:00,REGION_30M_FIXED40_20250107,1.9583333333333333,3,0.38576388888888885,0.018958333333333303,2025-01,19,0.02532894736842102,0.4812499999999994
POST-VALIDATION DIAGNOSTIC — NOT CONFIRMATORY,DEVELOPMENT,REGION_30M_FIXED40,SESSION_REGION_CENTROID,2025-01-08T00:00:00,REGION_30M_FIXED40_20250108,-1.0,3,0.28715277777777776,0.018958333333333303,2025-01,19,0.02532894736842102,0.4812499999999994
POST-VALIDATION DIAGNOSTIC — NOT CONFIRMATORY,DEVELOPMENT,REGION_30M_FIXED40,SESSION_REGION_CENTROID,2025-01-13T00:00:00,REGION_30M_FIXED40_20250113,-1.0,3,0.18854166666666664,0.018958333333333303,2025-01,19,0.02532894736842102,0.4812499999999994
POST-VALIDATION DIAGNOSTIC — NOT CONFIRMATORY,DEVELOPMENT,REGION_30M_FIXED40,SESSION_REGION_CENTROID,2025-01-14T00:00:00,REGION_30M_FIXED40_20250114,-1.0,3,0.08993055555555554,0.018958333333333303,2025-01,19,0.02532894736842102,0.4812499999999994
POST-VALIDATION DIAGNOSTIC — NOT CONFIRMATORY,DEVELOPMENT,REGION_30M_FIXED40,SESSION_REGION_CENTROID,2025-01-15T00:00:00,REGION_30M_FIXED40_20250115,-0.16666666666666666,3,0.019097222222222213,0.03562499999999997,2025-01,19,0.02532894736842102,0.4812499999999994
POST-VALIDATION DIAGNOSTIC — NOT CONFIRMATORY,DEVELOPMENT,REGION_30M_FIXED40,SESSION_REGION_CENTROID,2025-01-16T00:00:00,REGION_30M_FIXED40_20250116,-1.0,3,0.019097222222222217,0.018958333333333306,2025-01,19,0.02532894736842102,0.4812499999999994
POST-VALIDATION DIAGNOSTIC — NOT CONFIRMATORY,DEVELOPMENT,REGION_30M_FIXED40,SESSION_REGION_CENTROID,2025-01-17T00:00:00,REGION_30M_FIXED40_20250117,-1.0,3,0.019097222222222217,0.018958333333333303,2025-01,19,0.02532894736842102,0.4812499999999994
POST-VALIDATION DIAGNOSTIC — NOT CONFIRMATORY,DEVELOPMENT,REGION_30M_FIXED40,SESSION_REGION_CENTROID,2025-01-20T00:00:00,REGION_30M_FIXED40_20250120,1.3979166666666665,3,0.09902777777777777,0.06691666666666662,2025-01,19,0.02532894736842102,0.4812499999999994
POST-VALIDATION DIAGNOSTIC — NOT CONFIRMATORY,DEVELOPMENT,REGION_30M_FIXED40,SESSION_REGION_CENTROID,2025-01-21T00:00:00,REGION_30M_FIXED40_20250121,-1.0,3,0.0004166666666666578,0.007749999999999968,2025-01,19,0.02532894736842102,0.4812499999999994
POST-VALIDATION DIAGNOSTIC — NOT CONFIRMATORY,DEVELOPMENT,REGION_30M_FIXED40,SESSION_REGION_CENTROID,2025-01-22T00:00:00,REGION_30M_FIXED40_20250122,-0.16666666666666666,3,0.00048611111111110383,0.02441666666666663,2025-01,19,0.02532894736842102,0.4812499999999994
POST-VALIDATION DIAGNOSTIC — NOT CONFIRMATORY,DEVELOPMENT,REGION_30M_FIXED40,SESSION_REGION_CENTROID,2025-01-23T00:00:00,REGION_30M_FIXED40_20250123,1.9583333333333333,3,0.00812499999999999,0.08358333333333329,2025-01,19,0.02532894736842102,0.4812499999999994
POST-VALIDATION DIAGNOSTIC — NOT CONFIRMATORY,DEVELOPMENT,REGION_30M_FIXED40,SESSION_REGION_CENTROID,2025-01-24T00:00:00,REGION_30M_FIXED40_20250124,1.9583333333333333,3,0.0229861111111111,0.14274999999999996,2025-01,19,0.02532894736842102,0.4812499999999994
POST-VALIDATION DIAGNOSTIC — NOT CONFIRMATORY,DEVELOPMENT,REGION_30M_FIXED40,SESSION_REGION_CENTROID,2025-01-27T00:00:00,REGION_30M_FIXED40_20250127,0.7916666666666666,3,0.08270833333333333,0.14274999999999996,2025-01,19,0.02532894736842102,0.4812499999999994
POST-VALIDATION DIAGNOSTIC — NOT CONFIRMATORY,DEVELOPMENT,REGION_30M_FIXED40,SESSION_REGION_CENTROID,2025-01-28T00:00:00,REGION_30M_FIXED40_20250128,1.9583333333333333,3,0.08270833333333331,0.20191666666666663,2025-01,19,0.02532894736842102,0.4812499999999994
POST-VALIDATION DIAGNOSTIC — NOT CONFIRMATORY,DEVELOPMENT,REGION_30M_FIXED40,SESSION_REGION_CENTROID,2025-01-29T00:00:00,REGION_30M_FIXED40_20250129,-1.0,3,0.08270833333333331,0.20191666666666663,2025-01,19,0.02532894736842102,0.4812499999999994
POST-VALIDATION DIAGNOSTIC — NOT CONFIRMATORY,DEVELOPMENT,REGION_30M_FIXED40,SESSION_REGION_CENTROID,2025-01-31T00:00:00,REGION_30M_FIXED40_20250131,0.7916666666666666,3,0.14243055555555553,0.17858333333333332,2025-01,19,0.02532894736842102,0.4812499999999994
POST-VALIDATION DIAGNOSTIC — NOT CONFIRMATORY,DEVELOPMENT,REGION_30M_FIXED40,SESSION_REGION_CENTROID,2025-02-04T00:00:00,REGION_30M_FIXED40_20250204,1.9583333333333333,3,0.14243055555555553,0.23775,2025-02,17,0.04117647058823528,0.6999999999999997
POST-VALIDATION DIAGNOSTIC — NOT CONFIRMATORY,DEVELOPMENT,REGION_30M_FIXED40,SESSION_REGION_CENTROID,2025-02-05T00:00:00,REGION_30M_FIXED40_20250205,-1.0,3,0.14243055555555553,0.23775,2025-02,17,0.04117647058823528,0.6999999999999997
POST-VALIDATION DIAGNOSTIC — NOT CONFIRMATORY,DEVELOPMENT,REGION_30M_FIXED40,SESSION_REGION_CENTROID,2025-02-06T00:00:00,REGION_30M_FIXED40_20250206,-1.0,3,0.043819444444444425,0.23775,2025-02,17,0.04117647058823528,0.6999999999999997
POST-VALIDATION DIAGNOSTIC — NOT CONFIRMATORY,DEVELOPMENT,REGION_30M_FIXED40,SESSION_REGION_CENTROID,2025-02-07T00:00:00,REGION_30M_FIXED40_20250207,1.9583333333333333,3,0.14243055555555553,0.28024999999999994,2025-02,17,0.04117647058823528,0.6999999999999997
POST-VALIDATION DIAGNOSTIC — NOT CONFIRMATORY,DEVELOPMENT,REGION_30M_FIXED40,SESSION_REGION_CENTROID,2025-02-10T00:00:00,REGION_30M_FIXED40_20250210,1.4104166666666667,3,0.12416666666666666,0.3284583333333333,2025-02,17,0.04117647058823528,0.6999999999999997
POST-VALIDATION DIAGNOSTIC — NOT CONFIRMATORY,DEVELOPMENT,REGION_30M_FIXED40,SESSION_REGION_CENTROID,2025-02-12T00:00:00,REGION_30M_FIXED40_20250212,-0.16666666666666666,3,0.1519444444444444,0.28595833333333326,2025-02,17,0.04117647058823528,0.6999999999999997
POST-VALIDATION DIAGNOSTIC — NOT CONFIRMATORY,DEVELOPMENT,REGION_30M_FIXED40,SESSION_REGION_CENTROID,2025-02-13T00:00:00,REGION_30M_FIXED40_20250213,-1.0,3,0.05333333333333332,0.22679166666666664,2025-02,17,0.04117647058823528,0.6999999999999997
POST-VALIDATION DIAGNOSTIC — NOT CONFIRMATORY,DEVELOPMENT,REGION_30M_FIXED40,SESSION_REGION_CENTROID,2025-02-14T00:00:00,REGION_30M_FIXED40_20250214,-1.0,3,0.05333333333333332,0.16762499999999997,2025-02,17,0.04117647058823528,0.6999999999999997
POST-VALIDATION DIAGNOSTIC — NOT CONFIRMATORY,DEVELOPMENT,REGION_30M_FIXED40,SESSION_REGION_CENTROID,2025-02-17T00:00:00,REGION_30M_FIXED40_20250217,-0.16875000000000004,3,-0.017569444444444457,0.12508333333333332,2025-02,17,0.04117647058823528,0.6999999999999997
POST-VALIDATION DIAGNOSTIC — NOT CONFIRMATORY,DEVELOPMENT,REGION_30M_FIXED40,SESSION_REGION_CENTROID,2025-02-18T00:00:00,REGION_30M_FIXED40_20250218,-1.0,3,-0.017569444444444457,0.1250833333333333,2025-02,17,0.04117647058823528,0.6999999999999997
POST-VALIDATION DIAGNOSTIC — NOT CONFIRMATORY,DEVELOPMENT,REGION_30M_FIXED40,SESSION_REGION_CENTROID,2025-02-19T00:00:00,REGION_30M_FIXED40_20250219,-1.0,3,-0.017569444444444457,0.1250833333333333,2025-02,17,0.04117647058823528,0.6999999999999997
POST-VALIDATION DIAGNOSTIC — NOT CONFIRMATORY,DEVELOPMENT,REGION_30M_FIXED40,SESSION_REGION_CENTROID,2025-02-20T00:00:00,REGION_30M_FIXED40_20250220,-1.0,3,-0.017569444444444457,0.1250833333333333,2025-02,17,0.04117647058823528,0.6999999999999997
POST-VALIDATION DIAGNOSTIC — NOT CONFIRMATORY,DEVELOPMENT,REGION_30M_FIXED40,SESSION_REGION_CENTROID,2025-02-21T00:00:00,REGION_30M_FIXED40_20250221,1.9583333333333333,3,0.08104166666666665,0.1250833333333333,2025-02,17,0.04117647058823528,0.6999999999999997
POST-VALIDATION DIAGNOSTIC — NOT CONFIRMATORY,DEVELOPMENT,REGION_30M_FIXED40,SESSION_REGION_CENTROID,2025-02-24T00:00:00,REGION_30M_FIXED40_20250224,1.9583333333333333,3,0.17965277777777774,0.16762499999999997,2025-02,17,0.04117647058823528,0.6999999999999997
POST-VALIDATION DIAGNOSTIC — NOT CONFIRMATORY,DEVELOPMENT,REGION_30M_FIXED40,SESSION_REGION_CENTROID,2025-02-26T00:00:00,REGION_30M_FIXED40_20250226,-1.0,3,0.08104166666666666,0.11304166666666664,2025-02,17,0.04117647058823528,0.6999999999999997
POST-VALIDATION DIAGNOSTIC — NOT CONFIRMATORY,DEVELOPMENT,REGION_30M_FIXED40,SESSION_REGION_CENTROID,2025-02-27T00:00:00,REGION_30M_FIXED40_20250227,0.7916666666666666,3,0.14076388888888888,0.09862499999999998,2025-02,17,0.04117647058823528,0.6999999999999997
POST-VALIDATION DIAGNOSTIC — NOT CONFIRMATORY,DEVELOPMENT,REGION_30M_FIXED40,SESSION_REGION_CENTROID,2025-02-28T00:00:00,REGION_30M_FIXED40_20250228,-1.0,3,0.14076388888888888,0.09862499999999998,2025-02,17,0.04117647058823528,0.6999999999999997
POST-VALIDATION DIAGNOSTIC — NOT CONFIRMATORY,DEVELOPMENT,REGION_30M_FIXED40,SESSION_REGION_CENTROID,2025-03-03T00:00:00,REGION_30M_FIXED40_20250303,-0.16666666666666666,3,0.16854166666666665,0.05612499999999996,2025-03,13,0.8086538461538461,10.5125
POST-VALIDATION DIAGNOSTIC — NOT CONFIRMATORY,DEVELOPMENT,REGION_30M_FIXED40,SESSION_REGION_CENTROID,2025-03-04T00:00:00,REGION_30M_FIXED40_20250304,1.9583333333333333,3,0.23937499999999998,0.11529166666666661,2025-03,13,0.8086538461538461,10.5125
POST-VALIDATION DIAGNOSTIC — NOT CONFIRMATORY,DEVELOPMENT,REGION_30M_FIXED40,SESSION_REGION_CENTROID,2025-03-06T00:00:00,REGION_30M_FIXED40_20250306,1.9583333333333333,3,0.3379861111111111,0.1744583333333333,2025-03,13,0.8086538461538461,10.5125
POST-VALIDATION DIAGNOSTIC — NOT CONFIRMATORY,DEVELOPMENT,REGION_30M_FIXED40,SESSION_REGION_CENTROID,2025-03-07T00:00:00,REGION_30M_FIXED40_20250307,1.9583333333333333,3,0.4365972222222222,0.1744583333333333,2025-03,13,0.8086538461538461,10.5125
POST-VALIDATION DIAGNOSTIC — NOT CONFIRMATORY,DEVELOPMENT,REGION_30M_FIXED40,SESSION_REGION_CENTROID,2025-03-13T00:00:00,REGION_30M_FIXED40_20250313,-1.0,3,0.35666666666666663,0.1744583333333333,2025-03,13,0.8086538461538461,10.5125
POST-VALIDATION DIAGNOSTIC — NOT CONFIRMATORY,DEVELOPMENT,REGION_30M_FIXED40,SESSION_REGION_CENTROID,2025-03-14T00:00:00,REGION_30M_FIXED40_20250314,1.9583333333333333,3,0.4552777777777778,0.1744583333333333,2025-03,13,0.8086538461538461,10.5125
POST-VALIDATION DIAGNOSTIC — NOT CONFIRMATORY,DEVELOPMENT,REGION_30M_FIXED40,SESSION_REGION_CENTROID,2025-03-21T00:00:00,REGION_30M_FIXED40_20250321,-1.0,3,0.4275,0.1744583333333333,2025-03,13,0.8086538461538461,10.5125
POST-VALIDATION DIAGNOSTIC — NOT CONFIRMATORY,DEVELOPMENT,REGION_30M_FIXED40,SESSION_REGION_CENTROID,2025-03-24T00:00:00,REGION_30M_FIXED40_20250324,0.9708333333333333,3,0.39458333333333334,0.15470833333333328,2025-03,13,0.8086538461538461,10.5125
POST-VALIDATION DIAGNOSTIC — NOT CONFIRMATORY,DEVELOPMENT,REGION_30M_FIXED40,SESSION_REGION_CENTROID,2025-03-25T00:00:00,REGION_30M_FIXED40_20250325,-1.0,3,0.2959722222222222,0.15470833333333328,2025-03,13,0.8086538461538461,10.5125
POST-VALIDATION DIAGNOSTIC — NOT CONFIRMATORY,DEVELOPMENT,REGION_30M_FIXED40,SESSION_REGION_CENTROID,2025-03-26T00:00:00,REGION_30M_FIXED40_20250326,1.9583333333333333,3,0.33486111111111116,0.15470833333333328,2025-03,13,0.8086538461538461,10.5125
POST-VALIDATION DIAGNOSTIC — NOT CONFIRMATORY,DEVELOPMENT,REGION_30M_FIXED40,SESSION_REGION_CENTROID,2025-03-27T00:00:00,REGION_30M_FIXED40_20250327,-1.0,3,0.23625,0.15470833333333328,2025-03,13,0.8086538461538461,10.5125
POST-VALIDATION DIAGNOSTIC — NOT CONFIRMATORY,DEVELOPMENT,REGION_30M_FIXED40,SESSION_REGION_CENTROID,2025-03-28T00:00:00,REGION_30M_FIXED40_20250328,1.9583333333333333,3,0.3348611111111111,0.1547083333333333,2025-03,13,0.8086538461538461,10.5125
POST-VALIDATION DIAGNOSTIC — NOT CONFIRMATORY,DEVELOPMENT,REGION_30M_FIXED40,SESSION_REGION_CENTROID,2025-03-31T00:00:00,REGION_30M_FIXED40_20250331,1.9583333333333333,3,0.37374999999999997,0.21387499999999995,2025-03,13,0.8086538461538461,10.5125
POST-VALIDATION DIAGNOSTIC — NOT CONFIRMATORY,DEVELOPMENT,REGION_30M_FIXED40,SESSION_REGION_CENTROID,2025-04-01T00:00:00,REGION_30M_FIXED40_20250401,0.7916666666666666,3,0.33486111111111116,0.24970833333333328,2025-04,16,0.44531249999999994,7.124999999999999
POST-VALIDATION DIAGNOSTIC — NOT CONFIRMATORY,DEVELOPMENT,REGION_30M_FIXED40,SESSION_REGION_CENTROID,2025-04-02T00:00:00,REGION_30M_FIXED40_20250402,-1.0,3,0.33486111111111116,0.24970833333333328,2025-04,16,0.44531249999999994,7.124999999999999
POST-VALIDATION DIAGNOSTIC — NOT CONFIRMATORY,DEVELOPMENT,REGION_30M_FIXED40,SESSION_REGION_CENTROID,2025-04-03T00:00:00,REGION_30M_FIXED40_20250403,-1.0,3,0.33486111111111116,0.24970833333333328,2025-04,16,0.44531249999999994,7.124999999999999
POST-VALIDATION DIAGNOSTIC — NOT CONFIRMATORY,DEVELOPMENT,REGION_30M_FIXED40,SESSION_REGION_CENTROID,2025-04-08T00:00:00,REGION_30M_FIXED40_20250408,0.7916666666666666,3,0.2959722222222222,0.2855416666666666,2025-04,16,0.44531249999999994,7.124999999999999
POST-VALIDATION DIAGNOSTIC — NOT CONFIRMATORY,DEVELOPMENT,REGION_30M_FIXED40,SESSION_REGION_CENTROID,2025-04-11T00:00:00,REGION_30M_FIXED40_20250411,0.7916666666666666,3,0.2753472222222222,0.26220833333333327,2025-04,16,0.44531249999999994,7.124999999999999
POST-VALIDATION DIAGNOSTIC — NOT CONFIRMATORY,DEVELOPMENT,REGION_30M_FIXED40,SESSION_REGION_CENTROID,2025-04-14T00:00:00,REGION_30M_FIXED40_20250414,1.9583333333333333,3,0.34618055555555555,0.32137499999999997,2025-04,16,0.44531249999999994,7.124999999999999
POST-VALIDATION DIAGNOSTIC — NOT CONFIRMATORY,DEVELOPMENT,REGION_30M_FIXED40,SESSION_REGION_CENTROID,2025-04-15T00:00:00,REGION_30M_FIXED40_20250415,-1.0,3,0.34618055555555555,0.32137499999999997,2025-04,16,0.44531249999999994,7.124999999999999
POST-VALIDATION DIAGNOSTIC — NOT CONFIRMATORY,DEVELOPMENT,REGION_30M_FIXED40,SESSION_REGION_CENTROID,2025-04-16T00:00:00,REGION_30M_FIXED40_20250416,-1.0,3,0.34618055555555555,0.32137499999999997,2025-04,16,0.44531249999999994,7.124999999999999
POST-VALIDATION DIAGNOSTIC — NOT CONFIRMATORY,DEVELOPMENT,REGION_30M_FIXED40,SESSION_REGION_CENTROID,2025-04-17T00:00:00,REGION_30M_FIXED40_20250417,1.9583333333333333,3,0.41708333333333336,0.36387499999999995,2025-04,16,0.44531249999999994,7.124999999999999
POST-VALIDATION DIAGNOSTIC — NOT CONFIRMATORY,DEVELOPMENT,REGION_30M_FIXED40,SESSION_REGION_CENTROID,2025-04-21T00:00:00,REGION_30M_FIXED40_20250421,1.9583333333333333,3,0.5156944444444445,0.42304166666666665,2025-04,16,0.44531249999999994,7.124999999999999
POST-VALIDATION DIAGNOSTIC — NOT CONFIRMATORY,DEVELOPMENT,REGION_30M_FIXED40,SESSION_REGION_CENTROID,2025-04-22T00:00:00,REGION_30M_FIXED40_20250422,1.9583333333333333,3,0.6143055555555554,0.4822083333333333,2025-04,16,0.44531249999999994,7.124999999999999
POST-VALIDATION DIAGNOSTIC — NOT CONFIRMATORY,DEVELOPMENT,REGION_30M_FIXED40,SESSION_REGION_CENTROID,2025-04-24T00:00:00,REGION_30M_FIXED40_20250424,1.9583333333333333,3,0.7129166666666666,0.4934166666666666,2025-04,16,0.44531249999999994,7.124999999999999
POST-VALIDATION DIAGNOSTIC — NOT CONFIRMATORY,DEVELOPMENT,REGION_30M_FIXED40,SESSION_REGION_CENTROID,2025-04-25T00:00:00,REGION_30M_FIXED40_20250425,-1.0,3,0.6143055555555555,0.4934166666666666,2025-04,16,0.44531249999999994,7.124999999999999
POST-VALIDATION DIAGNOSTIC — NOT CONFIRMATORY,DEVELOPMENT,REGION_30M_FIXED40,SESSION_REGION_CENTROID,2025-04-28T00:00:00,REGION_30M_FIXED40_20250428,-1.0,3,0.5156944444444445,0.4767499999999999,2025-04,16,0.44531249999999994,7.124999999999999
POST-VALIDATION DIAGNOSTIC — NOT CONFIRMATORY,DEVELOPMENT,REGION_30M_FIXED40,SESSION_REGION_CENTROID,2025-04-29T00:00:00,REGION_30M_FIXED40_20250429,-1.0,3,0.5156944444444445,0.41758333333333325,2025-04,16,0.44531249999999994,7.124999999999999
POST-VALIDATION DIAGNOSTIC — NOT CONFIRMATORY,DEVELOPMENT,REGION_30M_FIXED40,SESSION_REGION_CENTROID,2025-04-30T00:00:00,REGION_30M_FIXED40_20250430,1.9583333333333333,3,0.5545833333333333,0.4175833333333333,2025-04,16,0.44531249999999994,7.124999999999999
POST-VALIDATION DIAGNOSTIC — NOT CONFIRMATORY,DEVELOPMENT,REGION_30M_FIXED40,SESSION_REGION_CENTROID,2025-05-01T00:00:00,REGION_30M_FIXED40_20250501,1.9583333333333333,3,0.6531944444444444,0.4409166666666666,2025-05,20,0.0948958333333333,1.897916666666666
POST-VALIDATION DIAGNOSTIC — NOT CONFIRMATORY,DEVELOPMENT,REGION_30M_FIXED40,SESSION_REGION_CENTROID,2025-05-02T00:00:00,REGION_30M_FIXED40_20250502,1.9583333333333333,3,0.7240277777777778,0.4409166666666666,2025-05,20,0.0948958333333333,1.897916666666666
POST-VALIDATION DIAGNOSTIC — NOT CONFIRMATORY,DEVELOPMENT,REGION_30M_FIXED40,SESSION_REGION_CENTROID,2025-05-05T00:00:00,REGION_30M_FIXED40_20250505,-1.0,3,0.6254166666666666,0.4409166666666666,2025-05,20,0.0948958333333333,1.897916666666666
POST-VALIDATION DIAGNOSTIC — NOT CONFIRMATORY,DEVELOPMENT,REGION_30M_FIXED40,SESSION_REGION_CENTROID,2025-05-06T00:00:00,REGION_30M_FIXED40_20250506,-1.0,3,0.5268055555555555,0.40508333333333324,2025-05,20,0.0948958333333333,1.897916666666666
POST-VALIDATION DIAGNOSTIC — NOT CONFIRMATORY,DEVELOPMENT,REGION_30M_FIXED40,SESSION_REGION_CENTROID,2025-05-07T00:00:00,REGION_30M_FIXED40_20250507,-1.0,3,0.4281944444444444,0.3459166666666666,2025-05,20,0.0948958333333333,1.897916666666666
POST-VALIDATION DIAGNOSTIC — NOT CONFIRMATORY,DEVELOPMENT,REGION_30M_FIXED40,SESSION_REGION_CENTROID,2025-05-08T00:00:00,REGION_30M_FIXED40_20250508,-1.0,3,0.4281944444444444,0.3459166666666666,2025-05,20,0.0948958333333333,1.897916666666666
POST-VALIDATION DIAGNOSTIC — NOT CONFIRMATORY,DEVELOPMENT,REGION_30M_FIXED40,SESSION_REGION_CENTROID,2025-05-09T00:00:00,REGION_30M_FIXED40_20250509,1.9583333333333333,3,0.42819444444444443,0.40508333333333324,2025-05,20,0.0948958333333333,1.897916666666666
POST-VALIDATION DIAGNOSTIC — NOT CONFIRMATORY,DEVELOPMENT,REGION_30M_FIXED40,SESSION_REGION_CENTROID,2025-05-12T00:00:00,REGION_30M_FIXED40_20250512,-1.0,3,0.42819444444444443,0.3459166666666667,2025-05,20,0.0948958333333333,1.897916666666666
POST-VALIDATION DIAGNOSTIC — NOT CONFIRMATORY,DEVELOPMENT,REGION_30M_FIXED40,SESSION_REGION_CENTROID,2025-05-13T00:00:00,REGION_30M_FIXED40_20250513,1.9583333333333333,3,0.46111111111111114,0.35687499999999994,2025-05,20,0.0948958333333333,1.897916666666666
POST-VALIDATION DIAGNOSTIC — NOT CONFIRMATORY,DEVELOPMENT,REGION_30M_FIXED40,SESSION_REGION_CENTROID,2025-05-15T00:00:00,REGION_30M_FIXED40_20250515,-1.0,3,0.46111111111111114,0.3402083333333333,2025-05,20,0.0948958333333333,1.897916666666666
POST-VALIDATION DIAGNOSTIC — NOT CONFIRMATORY,DEVELOPMENT,REGION_30M_FIXED40,SESSION_REGION_CENTROID,2025-05-16T00:00:00,REGION_30M_FIXED40_20250516,-0.16666666666666666,3,0.3902777777777777,0.356875,2025-05,20,0.0948958333333333,1.897916666666666
POST-VALIDATION DIAGNOSTIC — NOT CONFIRMATORY,DEVELOPMENT,REGION_30M_FIXED40,SESSION_REGION_CENTROID,2025-05-19T00:00:00,REGION_30M_FIXED40_20250519,1.9583333333333333,3,0.4888888888888889,0.41604166666666664,2025-05,20,0.0948958333333333,1.897916666666666
POST-VALIDATION DIAGNOSTIC — NOT CONFIRMATORY,DEVELOPMENT,REGION_30M_FIXED40,SESSION_REGION_CENTROID,2025-05-20T00:00:00,REGION_30M_FIXED40_20250520,-1.0,3,0.3902777777777777,0.39941666666666664,2025-05,20,0.0948958333333333,1.897916666666666
POST-VALIDATION DIAGNOSTIC — NOT CONFIRMATORY,DEVELOPMENT,REGION_30M_FIXED40,SESSION_REGION_CENTROID,2025-05-22T00:00:00,REGION_30M_FIXED40_20250522,-1.0,3,0.2916666666666667,0.39941666666666664,2025-05,20,0.0948958333333333,1.897916666666666
POST-VALIDATION DIAGNOSTIC — NOT CONFIRMATORY,DEVELOPMENT,REGION_30M_FIXED40,SESSION_REGION_CENTROID,2025-05-23T00:00:00,REGION_30M_FIXED40_20250523,-1.0,3,0.23194444444444443,0.39941666666666664,2025-05,20,0.0948958333333333,1.897916666666666
POST-VALIDATION DIAGNOSTIC — NOT CONFIRMATORY,DEVELOPMENT,REGION_30M_FIXED40,SESSION_REGION_CENTROID,2025-05-26T00:00:00,REGION_30M_FIXED40_20250526,-0.64375,3,0.24381944444444445,0.40654166666666663,2025-05,20,0.0948958333333333,1.897916666666666
POST-VALIDATION DIAGNOSTIC — NOT CONFIRMATORY,DEVELOPMENT,REGION_30M_FIXED40,SESSION_REGION_CENTROID,2025-05-27T00:00:00,REGION_30M_FIXED40_20250527,1.9583333333333333,3,0.3424305555555555,0.40654166666666663,2025-05,20,0.0948958333333333,1.897916666666666
POST-VALIDATION DIAGNOSTIC — NOT CONFIRMATORY,DEVELOPMENT,REGION_30M_FIXED40,SESSION_REGION_CENTROID,2025-05-28T00:00:00,REGION_30M_FIXED40_20250528,-1.0,3,0.2827083333333333,0.3473749999999999,2025-05,20,0.0948958333333333,1.897916666666666
POST-VALIDATION DIAGNOSTIC — NOT CONFIRMATORY,DEVELOPMENT,REGION_30M_FIXED40,SESSION_REGION_CENTROID,2025-05-29T00:00:00,REGION_30M_FIXED40_20250529,1.9583333333333333,3,0.32159722222222226,0.40654166666666663,2025-05,20,0.0948958333333333,1.897916666666666
POST-VALIDATION DIAGNOSTIC — NOT CONFIRMATORY,DEVELOPMENT,REGION_30M_FIXED40,SESSION_REGION_CENTROID,2025-05-30T00:00:00,REGION_30M_FIXED40_20250530,-1.0,3,0.22298611111111108,0.3707083333333333,2025-05,20,0.0948958333333333,1.897916666666666
POST-VALIDATION DIAGNOSTIC — NOT CONFIRMATORY,DEVELOPMENT,REGION_30M_FIXED40,SESSION_REGION_CENTROID,2025-06-02T00:00:00,REGION_30M_FIXED40_20250602,-1.0,3,0.2229861111111111,0.3707083333333333,2025-06,15,0.36916666666666664,5.5375
POST-VALIDATION DIAGNOSTIC — NOT CONFIRMATORY,DEVELOPMENT,REGION_30M_FIXED40,SESSION_REGION_CENTROID,2025-06-03T00:00:00,REGION_30M_FIXED40_20250603,-1.0,3,0.2229861111111111,0.3540416666666666,2025-06,15,0.36916666666666664,5.5375
POST-VALIDATION DIAGNOSTIC — NOT CONFIRMATORY,DEVELOPMENT,REGION_30M_FIXED40,SESSION_REGION_CENTROID,2025-06-04T00:00:00,REGION_30M_FIXED40_20250604,0.7916666666666666,3,0.18409722222222222,0.33070833333333327,2025-06,15,0.36916666666666664,5.5375
POST-VALIDATION DIAGNOSTIC — NOT CONFIRMATORY,DEVELOPMENT,REGION_30M_FIXED40,SESSION_REGION_CENTROID,2025-06-05T00:00:00,REGION_30M_FIXED40_20250605,0.7916666666666666,3,0.1452083333333333,0.30737499999999995,2025-06,15,0.36916666666666664,5.5375
POST-VALIDATION DIAGNOSTIC — NOT CONFIRMATORY,DEVELOPMENT,REGION_30M_FIXED40,SESSION_REGION_CENTROID,2025-06-06T00:00:00,REGION_30M_FIXED40_20250606,-1.0,3,0.046597222222222213,0.24820833333333328,2025-06,15,0.36916666666666664,5.5375
POST-VALIDATION DIAGNOSTIC — NOT CONFIRMATORY,DEVELOPMENT,REGION_30M_FIXED40,SESSION_REGION_CENTROID,2025-06-09T00:00:00,REGION_30M_FIXED40_20250609,0.47500000000000003,3,-0.0028472222222222323,0.2777083333333333,2025-06,15,0.36916666666666664,5.5375
POST-VALIDATION DIAGNOSTIC — NOT CONFIRMATORY,DEVELOPMENT,REGION_30M_FIXED40,SESSION_REGION_CENTROID,2025-06-11T00:00:00,REGION_30M_FIXED40_20250611,-1.0,3,-0.0028472222222222306,0.2185416666666666,2025-06,15,0.36916666666666664,5.5375
POST-VALIDATION DIAGNOSTIC — NOT CONFIRMATORY,DEVELOPMENT,REGION_30M_FIXED40,SESSION_REGION_CENTROID,2025-06-12T00:00:00,REGION_30M_FIXED40_20250612,1.4979166666666668,3,0.08041666666666665,0.26849999999999996,2025-06,15,0.36916666666666664,5.5375
POST-VALIDATION DIAGNOSTIC — NOT CONFIRMATORY,DEVELOPMENT,REGION_30M_FIXED40,SESSION_REGION_CENTROID,2025-06-13T00:00:00,REGION_30M_FIXED40_20250613,-1.0,3,0.08041666666666665,0.22908333333333328,2025-06,15,0.36916666666666664,5.5375
POST-VALIDATION DIAGNOSTIC — NOT CONFIRMATORY,DEVELOPMENT,REGION_30M_FIXED40,SESSION_REGION_CENTROID,2025-06-20T00:00:00,REGION_30M_FIXED40_20250620,1.9583333333333333,3,0.08041666666666665,0.28824999999999995,2025-06,15,0.36916666666666664,5.5375
POST-VALIDATION DIAGNOSTIC — NOT CONFIRMATORY,DEVELOPMENT,REGION_30M_FIXED40,SESSION_REGION_CENTROID,2025-06-23T00:00:00,REGION_30M_FIXED40_20250623,0.7916666666666666,3,0.04152777777777777,0.2649166666666666,2025-06,15,0.36916666666666664,5.5375
POST-VALIDATION DIAGNOSTIC — NOT CONFIRMATORY,DEVELOPMENT,REGION_30M_FIXED40,SESSION_REGION_CENTROID,2025-06-24T00:00:00,REGION_30M_FIXED40_20250624,1.9583333333333333,3,0.04152777777777778,0.32408333333333333,2025-06,15,0.36916666666666664,5.5375
POST-VALIDATION DIAGNOSTIC — NOT CONFIRMATORY,DEVELOPMENT,REGION_30M_FIXED40,SESSION_REGION_CENTROID,2025-06-25T00:00:00,REGION_30M_FIXED40_20250625,1.3145833333333334,3,0.11868055555555555,0.3112083333333333,2025-06,15,0.36916666666666664,5.5375
POST-VALIDATION DIAGNOSTIC — NOT CONFIRMATORY,DEVELOPMENT,REGION_30M_FIXED40,SESSION_REGION_CENTROID,2025-06-26T00:00:00,REGION_30M_FIXED40_20250626,1.9583333333333333,3,0.2172916666666667,0.3112083333333333,2025-06,15,0.36916666666666664,5.5375
POST-VALIDATION DIAGNOSTIC — NOT CONFIRMATORY,DEVELOPMENT,REGION_30M_FIXED40,SESSION_REGION_CENTROID,2025-06-27T00:00:00,REGION_30M_FIXED40_20250627,-1.0,3,0.2172916666666667,0.275375,2025-06,15,0.36916666666666664,5.5375
POST-VALIDATION DIAGNOSTIC — NOT CONFIRMATORY,VALIDATION,MNQ_ORB_V01_CAND_001,EXECUTED_TRADE,2025-07-01T00:00:00,2025-07-01_15m_PRINT_LONG_0949,-1.0,1,,,2025-07,23,0.21760869565217392,5.005
POST-VALIDATION DIAGNOSTIC — NOT CONFIRMATORY,VALIDATION,MNQ_ORB_V01_CAND_001,EXECUTED_TRADE,2025-07-02T00:00:00,2025-07-02_15m_PRINT_LONG_0946,1.5,1,,,2025-07,23,0.21760869565217392,5.005
POST-VALIDATION DIAGNOSTIC — NOT CONFIRMATORY,VALIDATION,MNQ_ORB_V01_CAND_001,EXECUTED_TRADE,2025-07-03T00:00:00,2025-07-03_15m_PRINT_LONG_0952,1.5,1,,,2025-07,23,0.21760869565217392,5.005
POST-VALIDATION DIAGNOSTIC — NOT CONFIRMATORY,VALIDATION,MNQ_ORB_V01_CAND_001,EXECUTED_TRADE,2025-07-04T00:00:00,2025-07-04_15m_PRINT_LONG_0947,-0.495,1,,,2025-07,23,0.21760869565217392,5.005
POST-VALIDATION DIAGNOSTIC — NOT CONFIRMATORY,VALIDATION,MNQ_ORB_V01_CAND_001,EXECUTED_TRADE,2025-07-07T00:00:00,2025-07-07_15m_PRINT_LONG_0953,-1.0,1,,,2025-07,23,0.21760869565217392,5.005
POST-VALIDATION DIAGNOSTIC — NOT CONFIRMATORY,VALIDATION,MNQ_ORB_V01_CAND_001,EXECUTED_TRADE,2025-07-08T00:00:00,2025-07-08_15m_PRINT_SHORT_1000,-1.0,1,,,2025-07,23,0.21760869565217392,5.005
POST-VALIDATION DIAGNOSTIC — NOT CONFIRMATORY,VALIDATION,MNQ_ORB_V01_CAND_001,EXECUTED_TRADE,2025-07-09T00:00:00,2025-07-09_15m_PRINT_LONG_0946,-1.0,1,,,2025-07,23,0.21760869565217392,5.005
POST-VALIDATION DIAGNOSTIC — NOT CONFIRMATORY,VALIDATION,MNQ_ORB_V01_CAND_001,EXECUTED_TRADE,2025-07-10T00:00:00,2025-07-10_15m_PRINT_SHORT_0946,1.5,1,,,2025-07,23,0.21760869565217392,5.005
POST-VALIDATION DIAGNOSTIC — NOT CONFIRMATORY,VALIDATION,MNQ_ORB_V01_CAND_001,EXECUTED_TRADE,2025-07-11T00:00:00,2025-07-11_15m_PRINT_SHORT_0946,-1.0,1,,,2025-07,23,0.21760869565217392,5.005
POST-VALIDATION DIAGNOSTIC — NOT CONFIRMATORY,VALIDATION,MNQ_ORB_V01_CAND_001,EXECUTED_TRADE,2025-07-14T00:00:00,2025-07-14_15m_PRINT_SHORT_0946,-1.0,1,,,2025-07,23,0.21760869565217392,5.005
POST-VALIDATION DIAGNOSTIC — NOT CONFIRMATORY,VALIDATION,MNQ_ORB_V01_CAND_001,EXECUTED_TRADE,2025-07-15T00:00:00,2025-07-15_15m_PRINT_SHORT_1001,-1.0,1,,,2025-07,23,0.21760869565217392,5.005
POST-VALIDATION DIAGNOSTIC — NOT CONFIRMATORY,VALIDATION,MNQ_ORB_V01_CAND_001,EXECUTED_TRADE,2025-07-16T00:00:00,2025-07-16_15m_PRINT_SHORT_0946,1.5,1,,,2025-07,23,0.21760869565217392,5.005
POST-VALIDATION DIAGNOSTIC — NOT CONFIRMATORY,VALIDATION,MNQ_ORB_V01_CAND_001,EXECUTED_TRADE,2025-07-17T00:00:00,2025-07-17_15m_PRINT_LONG_0946,1.5,1,,,2025-07,23,0.21760869565217392,5.005
POST-VALIDATION DIAGNOSTIC — NOT CONFIRMATORY,VALIDATION,MNQ_ORB_V01_CAND_001,EXECUTED_TRADE,2025-07-18T00:00:00,2025-07-18_15m_PRINT_SHORT_0953,1.5,1,,,2025-07,23,0.21760869565217392,5.005
POST-VALIDATION DIAGNOSTIC — NOT CONFIRMATORY,VALIDATION,MNQ_ORB_V01_CAND_001,EXECUTED_TRADE,2025-07-21T00:00:00,2025-07-21_15m_PRINT_LONG_0946,1.5,1,,,2025-07,23,0.21760869565217392,5.005
POST-VALIDATION DIAGNOSTIC — NOT CONFIRMATORY,VALIDATION,MNQ_ORB_V01_CAND_001,EXECUTED_TRADE,2025-07-22T00:00:00,2025-07-22_15m_PRINT_SHORT_0946,1.5,1,,,2025-07,23,0.21760869565217392,5.005
POST-VALIDATION DIAGNOSTIC — NOT CONFIRMATORY,VALIDATION,MNQ_ORB_V01_CAND_001,EXECUTED_TRADE,2025-07-23T00:00:00,2025-07-23_15m_PRINT_SHORT_0946,-1.0,1,,,2025-07,23,0.21760869565217392,5.005
POST-VALIDATION DIAGNOSTIC — NOT CONFIRMATORY,VALIDATION,MNQ_ORB_V01_CAND_001,EXECUTED_TRADE,2025-07-24T00:00:00,2025-07-24_15m_PRINT_LONG_0949,-1.0,1,,,2025-07,23,0.21760869565217392,5.005
POST-VALIDATION DIAGNOSTIC — NOT CONFIRMATORY,VALIDATION,MNQ_ORB_V01_CAND_001,EXECUTED_TRADE,2025-07-25T00:00:00,2025-07-25_15m_PRINT_LONG_0949,1.5,1,,,2025-07,23,0.21760869565217392,5.005
POST-VALIDATION DIAGNOSTIC — NOT CONFIRMATORY,VALIDATION,MNQ_ORB_V01_CAND_001,EXECUTED_TRADE,2025-07-28T00:00:00,2025-07-28_15m_PRINT_LONG_0946,-1.0,1,,,2025-07,23,0.21760869565217392,5.005
POST-VALIDATION DIAGNOSTIC — NOT CONFIRMATORY,VALIDATION,MNQ_ORB_V01_CAND_001,EXECUTED_TRADE,2025-07-29T00:00:00,2025-07-29_15m_PRINT_SHORT_0950,1.5,1,,,2025-07,23,0.21760869565217392,5.005
POST-VALIDATION DIAGNOSTIC — NOT CONFIRMATORY,VALIDATION,MNQ_ORB_V01_CAND_001,EXECUTED_TRADE,2025-07-30T00:00:00,2025-07-30_15m_PRINT_LONG_0946,1.5,1,,,2025-07,23,0.21760869565217392,5.005
POST-VALIDATION DIAGNOSTIC — NOT CONFIRMATORY,VALIDATION,MNQ_ORB_V01_CAND_001,EXECUTED_TRADE,2025-07-31T00:00:00,2025-07-31_15m_PRINT_SHORT_0946,-1.0,1,,,2025-07,23,0.21760869565217392,5.005
POST-VALIDATION DIAGNOSTIC — NOT CONFIRMATORY,VALIDATION,MNQ_ORB_V01_CAND_001,EXECUTED_TRADE,2025-08-01T00:00:00,2025-08-01_15m_PRINT_SHORT_0946,1.5,1,,,2025-08,21,0.19047619047619047,4.0
POST-VALIDATION DIAGNOSTIC — NOT CONFIRMATORY,VALIDATION,MNQ_ORB_V01_CAND_001,EXECUTED_TRADE,2025-08-04T00:00:00,2025-08-04_15m_PRINT_LONG_0946,1.5,1,,,2025-08,21,0.19047619047619047,4.0
POST-VALIDATION DIAGNOSTIC — NOT CONFIRMATORY,VALIDATION,MNQ_ORB_V01_CAND_001,EXECUTED_TRADE,2025-08-05T00:00:00,2025-08-05_15m_PRINT_LONG_0946,-1.0,1,,,2025-08,21,0.19047619047619047,4.0
POST-VALIDATION DIAGNOSTIC — NOT CONFIRMATORY,VALIDATION,MNQ_ORB_V01_CAND_001,EXECUTED_TRADE,2025-08-06T00:00:00,2025-08-06_15m_PRINT_LONG_0949,-1.0,1,,,2025-08,21,0.19047619047619047,4.0
POST-VALIDATION DIAGNOSTIC — NOT CONFIRMATORY,VALIDATION,MNQ_ORB_V01_CAND_001,EXECUTED_TRADE,2025-08-07T00:00:00,2025-08-07_15m_PRINT_SHORT_0946,-1.0,1,,,2025-08,21,0.19047619047619047,4.0
POST-VALIDATION DIAGNOSTIC — NOT CONFIRMATORY,VALIDATION,MNQ_ORB_V01_CAND_001,EXECUTED_TRADE,2025-08-08T00:00:00,2025-08-08_15m_PRINT_LONG_0946,1.5,1,,,2025-08,21,0.19047619047619047,4.0
POST-VALIDATION DIAGNOSTIC — NOT CONFIRMATORY,VALIDATION,MNQ_ORB_V01_CAND_001,EXECUTED_TRADE,2025-08-11T00:00:00,2025-08-11_15m_PRINT_LONG_0958,-1.0,1,0.1835,,2025-08,21,0.19047619047619047,4.0
POST-VALIDATION DIAGNOSTIC — NOT CONFIRMATORY,VALIDATION,MNQ_ORB_V01_CAND_001,EXECUTED_TRADE,2025-08-12T00:00:00,2025-08-12_15m_PRINT_SHORT_0949,1.5,1,0.2668333333333333,,2025-08,21,0.19047619047619047,4.0
POST-VALIDATION DIAGNOSTIC — NOT CONFIRMATORY,VALIDATION,MNQ_ORB_V01_CAND_001,EXECUTED_TRADE,2025-08-13T00:00:00,2025-08-13_15m_PRINT_SHORT_0946,1.5,1,0.2668333333333333,,2025-08,21,0.19047619047619047,4.0
POST-VALIDATION DIAGNOSTIC — NOT CONFIRMATORY,VALIDATION,MNQ_ORB_V01_CAND_001,EXECUTED_TRADE,2025-08-14T00:00:00,2025-08-14_15m_PRINT_LONG_0946,1.5,1,0.2668333333333333,,2025-08,21,0.19047619047619047,4.0
POST-VALIDATION DIAGNOSTIC — NOT CONFIRMATORY,VALIDATION,MNQ_ORB_V01_CAND_001,EXECUTED_TRADE,2025-08-15T00:00:00,2025-08-15_15m_PRINT_SHORT_0946,1.5,1,0.3333333333333333,,2025-08,21,0.19047619047619047,4.0
POST-VALIDATION DIAGNOSTIC — NOT CONFIRMATORY,VALIDATION,MNQ_ORB_V01_CAND_001,EXECUTED_TRADE,2025-08-18T00:00:00,2025-08-18_15m_PRINT_SHORT_0952,-1.0,1,0.3333333333333333,,2025-08,21,0.19047619047619047,4.0
POST-VALIDATION DIAGNOSTIC — NOT CONFIRMATORY,VALIDATION,MNQ_ORB_V01_CAND_001,EXECUTED_TRADE,2025-08-19T00:00:00,2025-08-19_15m_PRINT_SHORT_0947,-1.0,1,0.3333333333333333,,2025-08,21,0.19047619047619047,4.0
POST-VALIDATION DIAGNOSTIC — NOT CONFIRMATORY,VALIDATION,MNQ_ORB_V01_CAND_001,EXECUTED_TRADE,2025-08-20T00:00:00,2025-08-20_15m_PRINT_SHORT_0946,1.5,1,0.4166666666666667,,2025-08,21,0.19047619047619047,4.0
POST-VALIDATION DIAGNOSTIC — NOT CONFIRMATORY,VALIDATION,MNQ_ORB_V01_CAND_001,EXECUTED_TRADE,2025-08-21T00:00:00,2025-08-21_15m_PRINT_LONG_1013,-1.0,1,0.3333333333333333,,2025-08,21,0.19047619047619047,4.0
POST-VALIDATION DIAGNOSTIC — NOT CONFIRMATORY,VALIDATION,MNQ_ORB_V01_CAND_001,EXECUTED_TRADE,2025-08-22T00:00:00,2025-08-22_15m_PRINT_LONG_0946,-1.0,1,0.3333333333333333,,2025-08,21,0.19047619047619047,4.0
POST-VALIDATION DIAGNOSTIC — NOT CONFIRMATORY,VALIDATION,MNQ_ORB_V01_CAND_001,EXECUTED_TRADE,2025-08-25T00:00:00,2025-08-25_15m_PRINT_LONG_1000,1.5,1,0.4166666666666667,,2025-08,21,0.19047619047619047,4.0
POST-VALIDATION DIAGNOSTIC — NOT CONFIRMATORY,VALIDATION,MNQ_ORB_V01_CAND_001,EXECUTED_TRADE,2025-08-26T00:00:00,2025-08-26_15m_PRINT_SHORT_0947,-1.0,1,0.4166666666666667,,2025-08,21,0.19047619047619047,4.0
POST-VALIDATION DIAGNOSTIC — NOT CONFIRMATORY,VALIDATION,MNQ_ORB_V01_CAND_001,EXECUTED_TRADE,2025-08-27T00:00:00,2025-08-27_15m_PRINT_SHORT_0946,-1.0,1,0.3333333333333333,,2025-08,21,0.19047619047619047,4.0
POST-VALIDATION DIAGNOSTIC — NOT CONFIRMATORY,VALIDATION,MNQ_ORB_V01_CAND_001,EXECUTED_TRADE,2025-08-28T00:00:00,2025-08-28_15m_PRINT_SHORT_0951,-1.0,1,0.24999999999999997,,2025-08,21,0.19047619047619047,4.0
POST-VALIDATION DIAGNOSTIC — NOT CONFIRMATORY,VALIDATION,MNQ_ORB_V01_CAND_001,EXECUTED_TRADE,2025-08-29T00:00:00,2025-08-29_15m_PRINT_SHORT_0946,1.5,1,0.25,,2025-08,21,0.19047619047619047,4.0
POST-VALIDATION DIAGNOSTIC — NOT CONFIRMATORY,VALIDATION,MNQ_ORB_V01_CAND_001,EXECUTED_TRADE,2025-09-01T00:00:00,2025-09-01_15m_PRINT_LONG_0948,0.375,1,0.2125,,2025-09,18,0.1875,3.375
POST-VALIDATION DIAGNOSTIC — NOT CONFIRMATORY,VALIDATION,MNQ_ORB_V01_CAND_001,EXECUTED_TRADE,2025-09-02T00:00:00,2025-09-02_15m_PRINT_LONG_0947,1.5,1,0.2125,,2025-09,18,0.1875,3.375
POST-VALIDATION DIAGNOSTIC — NOT CONFIRMATORY,VALIDATION,MNQ_ORB_V01_CAND_001,EXECUTED_TRADE,2025-09-03T00:00:00,2025-09-03_15m_PRINT_SHORT_0949,-1.0,1,0.2125,,2025-09,18,0.1875,3.375
POST-VALIDATION DIAGNOSTIC — NOT CONFIRMATORY,VALIDATION,MNQ_ORB_V01_CAND_001,EXECUTED_TRADE,2025-09-04T00:00:00,2025-09-04_15m_PRINT_SHORT_1003,-1.0,1,0.2125,,2025-09,18,0.1875,3.375
POST-VALIDATION DIAGNOSTIC — NOT CONFIRMATORY,VALIDATION,MNQ_ORB_V01_CAND_001,EXECUTED_TRADE,2025-09-05T00:00:00,2025-09-05_15m_PRINT_SHORT_1001,1.5,1,0.2125,,2025-09,18,0.1875,3.375
POST-VALIDATION DIAGNOSTIC — NOT CONFIRMATORY,VALIDATION,MNQ_ORB_V01_CAND_001,EXECUTED_TRADE,2025-09-08T00:00:00,2025-09-08_15m_PRINT_LONG_0950,-1.0,1,0.2125,0.1876,2025-09,18,0.1875,3.375
POST-VALIDATION DIAGNOSTIC — NOT CONFIRMATORY,VALIDATION,MNQ_ORB_V01_CAND_001,EXECUTED_TRADE,2025-09-09T00:00:00,2025-09-09_15m_PRINT_SHORT_0952,1.5,1,0.2125,0.23759999999999998,2025-09,18,0.1875,3.375
POST-VALIDATION DIAGNOSTIC — NOT CONFIRMATORY,VALIDATION,MNQ_ORB_V01_CAND_001,EXECUTED_TRADE,2025-09-10T00:00:00,2025-09-10_15m_PRINT_SHORT_0946,-1.0,1,0.12916666666666668,0.1876,2025-09,18,0.1875,3.375
POST-VALIDATION DIAGNOSTIC — NOT CONFIRMATORY,VALIDATION,MNQ_ORB_V01_CAND_001,EXECUTED_TRADE,2025-09-11T00:00:00,2025-09-11_15m_PRINT_SHORT_0946,-1.0,1,0.12916666666666668,0.1376,2025-09,18,0.1875,3.375
POST-VALIDATION DIAGNOSTIC — NOT CONFIRMATORY,VALIDATION,MNQ_ORB_V01_CAND_001,EXECUTED_TRADE,2025-09-12T00:00:00,2025-09-12_15m_PRINT_LONG_1022,1.5,1,0.12916666666666668,0.1775,2025-09,18,0.1875,3.375
POST-VALIDATION DIAGNOSTIC — NOT CONFIRMATORY,VALIDATION,MNQ_ORB_V01_CAND_001,EXECUTED_TRADE,2025-09-19T00:00:00,2025-09-19_15m_PRINT_LONG_0950,-1.0,1,0.04583333333333333,0.1775,2025-09,18,0.1875,3.375
POST-VALIDATION DIAGNOSTIC — NOT CONFIRMATORY,VALIDATION,MNQ_ORB_V01_CAND_001,EXECUTED_TRADE,2025-09-22T00:00:00,2025-09-22_15m_PRINT_LONG_0949,1.5,1,0.12916666666666668,0.2275,2025-09,18,0.1875,3.375
POST-VALIDATION DIAGNOSTIC — NOT CONFIRMATORY,VALIDATION,MNQ_ORB_V01_CAND_001,EXECUTED_TRADE,2025-09-23T00:00:00,2025-09-23_15m_PRINT_SHORT_0956,1.5,1,0.2125,0.2775,2025-09,18,0.1875,3.375
POST-VALIDATION DIAGNOSTIC — NOT CONFIRMATORY,VALIDATION,MNQ_ORB_V01_CAND_001,EXECUTED_TRADE,2025-09-24T00:00:00,2025-09-24_15m_PRINT_SHORT_0949,1.5,1,0.29583333333333334,0.2775,2025-09,18,0.1875,3.375
POST-VALIDATION DIAGNOSTIC — NOT CONFIRMATORY,VALIDATION,MNQ_ORB_V01_CAND_001,EXECUTED_TRADE,2025-09-25T00:00:00,2025-09-25_15m_PRINT_LONG_1011,1.5,1,0.29583333333333334,0.3275,2025-09,18,0.1875,3.375
POST-VALIDATION DIAGNOSTIC — NOT CONFIRMATORY,VALIDATION,MNQ_ORB_V01_CAND_001,EXECUTED_TRADE,2025-09-26T00:00:00,2025-09-26_15m_PRINT_LONG_0951,-1.0,1,0.29583333333333334,0.3275,2025-09,18,0.1875,3.375
POST-VALIDATION DIAGNOSTIC — NOT CONFIRMATORY,VALIDATION,MNQ_ORB_V01_CAND_001,EXECUTED_TRADE,2025-09-29T00:00:00,2025-09-29_15m_PRINT_LONG_0946,-1.0,1,0.2125,0.3275,2025-09,18,0.1875,3.375
POST-VALIDATION DIAGNOSTIC — NOT CONFIRMATORY,VALIDATION,MNQ_ORB_V01_CAND_001,EXECUTED_TRADE,2025-09-30T00:00:00,2025-09-30_15m_PRINT_SHORT_0955,-1.0,1,0.12916666666666668,0.2775,2025-09,18,0.1875,3.375
POST-VALIDATION DIAGNOSTIC — NOT CONFIRMATORY,VALIDATION,MNQ_ORB_V01_CAND_001,EXECUTED_TRADE,2025-10-01T00:00:00,2025-10-01_15m_PRINT_SHORT_0950,-1.0,1,0.04583333333333333,0.2275,2025-10,23,-0.34782608695652173,-8.0
POST-VALIDATION DIAGNOSTIC — NOT CONFIRMATORY,VALIDATION,MNQ_ORB_V01_CAND_001,EXECUTED_TRADE,2025-10-02T00:00:00,2025-10-02_15m_PRINT_SHORT_0946,-1.0,1,-0.0375,0.1775,2025-10,23,-0.34782608695652173,-8.0
POST-VALIDATION DIAGNOSTIC — NOT CONFIRMATORY,VALIDATION,MNQ_ORB_V01_CAND_001,EXECUTED_TRADE,2025-10-03T00:00:00,2025-10-03_15m_PRINT_LONG_0954,-1.0,1,-0.0375,0.1275,2025-10,23,-0.34782608695652173,-8.0
POST-VALIDATION DIAGNOSTIC — NOT CONFIRMATORY,VALIDATION,MNQ_ORB_V01_CAND_001,EXECUTED_TRADE,2025-10-06T00:00:00,2025-10-06_15m_PRINT_SHORT_1043,-1.0,1,-0.0375,0.0775,2025-10,23,-0.34782608695652173,-8.0
POST-VALIDATION DIAGNOSTIC — NOT CONFIRMATORY,VALIDATION,MNQ_ORB_V01_CAND_001,EXECUTED_TRADE,2025-10-07T00:00:00,2025-10-07_15m_PRINT_LONG_0956,-1.0,1,-0.12083333333333333,0.0775,2025-10,23,-0.34782608695652173,-8.0
POST-VALIDATION DIAGNOSTIC — NOT CONFIRMATORY,VALIDATION,MNQ_ORB_V01_CAND_001,EXECUTED_TRADE,2025-10-08T00:00:00,2025-10-08_15m_PRINT_LONG_0948,1.5,1,-0.0375,0.1275,2025-10,23,-0.34782608695652173,-8.0
POST-VALIDATION DIAGNOSTIC — NOT CONFIRMATORY,VALIDATION,MNQ_ORB_V01_CAND_001,EXECUTED_TRADE,2025-10-09T00:00:00,2025-10-09_15m_PRINT_SHORT_0946,-1.0,1,-0.0375,0.0775,2025-10,23,-0.34782608695652173,-8.0
POST-VALIDATION DIAGNOSTIC — NOT CONFIRMATORY,VALIDATION,MNQ_ORB_V01_CAND_001,EXECUTED_TRADE,2025-10-10T00:00:00,2025-10-10_15m_PRINT_LONG_0946,-1.0,1,-0.12083333333333333,0.0775,2025-10,23,-0.34782608695652173,-8.0
POST-VALIDATION DIAGNOSTIC — NOT CONFIRMATORY,VALIDATION,MNQ_ORB_V01_CAND_001,EXECUTED_TRADE,2025-10-13T00:00:00,2025-10-13_15m_PRINT_LONG_0951,-1.0,1,-0.12083333333333333,0.0275,2025-10,23,-0.34782608695652173,-8.0
POST-VALIDATION DIAGNOSTIC — NOT CONFIRMATORY,VALIDATION,MNQ_ORB_V01_CAND_001,EXECUTED_TRADE,2025-10-14T00:00:00,2025-10-14_15m_PRINT_LONG_1021,1.5,1,-0.0375,0.0275,2025-10,23,-0.34782608695652173,-8.0
POST-VALIDATION DIAGNOSTIC — NOT CONFIRMATORY,VALIDATION,MNQ_ORB_V01_CAND_001,EXECUTED_TRADE,2025-10-15T00:00:00,2025-10-15_15m_PRINT_SHORT_0949,-1.0,1,-0.0375,0.0275,2025-10,23,-0.34782608695652173,-8.0
POST-VALIDATION DIAGNOSTIC — NOT CONFIRMATORY,VALIDATION,MNQ_ORB_V01_CAND_001,EXECUTED_TRADE,2025-10-16T00:00:00,2025-10-16_15m_PRINT_LONG_0946,-1.0,1,-0.12083333333333333,-0.0225,2025-10,23,-0.34782608695652173,-8.0
POST-VALIDATION DIAGNOSTIC — NOT CONFIRMATORY,VALIDATION,MNQ_ORB_V01_CAND_001,EXECUTED_TRADE,2025-10-17T00:00:00,2025-10-17_15m_PRINT_LONG_0953,1.5,1,-0.08333333333333333,-0.0225,2025-10,23,-0.34782608695652173,-8.0
POST-VALIDATION DIAGNOSTIC — NOT CONFIRMATORY,VALIDATION,MNQ_ORB_V01_CAND_001,EXECUTED_TRADE,2025-10-20T00:00:00,2025-10-20_15m_PRINT_LONG_0950,1.5,1,-0.08333333333333333,0.0275,2025-10,23,-0.34782608695652173,-8.0
POST-VALIDATION DIAGNOSTIC — NOT CONFIRMATORY,VALIDATION,MNQ_ORB_V01_CAND_001,EXECUTED_TRADE,2025-10-21T00:00:00,2025-10-21_15m_PRINT_SHORT_0947,-1.0,1,-0.08333333333333333,0.0275,2025-10,23,-0.34782608695652173,-8.0
POST-VALIDATION DIAGNOSTIC — NOT CONFIRMATORY,VALIDATION,MNQ_ORB_V01_CAND_001,EXECUTED_TRADE,2025-10-22T00:00:00,2025-10-22_15m_PRINT_LONG_0952,-1.0,1,-0.08333333333333333,0.0275,2025-10,23,-0.34782608695652173,-8.0
POST-VALIDATION DIAGNOSTIC — NOT CONFIRMATORY,VALIDATION,MNQ_ORB_V01_CAND_001,EXECUTED_TRADE,2025-10-23T00:00:00,2025-10-23_15m_PRINT_LONG_0946,1.5,1,-0.08333333333333333,0.0275,2025-10,23,-0.34782608695652173,-8.0
POST-VALIDATION DIAGNOSTIC — NOT CONFIRMATORY,VALIDATION,MNQ_ORB_V01_CAND_001,EXECUTED_TRADE,2025-10-24T00:00:00,2025-10-24_15m_PRINT_LONG_0946,-1.0,1,-0.08333333333333333,0.0275,2025-10,23,-0.34782608695652173,-8.0
POST-VALIDATION DIAGNOSTIC — NOT CONFIRMATORY,VALIDATION,MNQ_ORB_V01_CAND_001,EXECUTED_TRADE,2025-10-27T00:00:00,2025-10-27_15m_PRINT_LONG_1002,1.5,1,-0.08333333333333333,0.0275,2025-10,23,-0.34782608695652173,-8.0
POST-VALIDATION DIAGNOSTIC — NOT CONFIRMATORY,VALIDATION,MNQ_ORB_V01_CAND_001,EXECUTED_TRADE,2025-10-28T00:00:00,2025-10-28_15m_PRINT_SHORT_0949,-1.0,1,-0.08333333333333333,-0.0225,2025-10,23,-0.34782608695652173,-8.0
POST-VALIDATION DIAGNOSTIC — NOT CONFIRMATORY,VALIDATION,MNQ_ORB_V01_CAND_001,EXECUTED_TRADE,2025-10-29T00:00:00,2025-10-29_15m_PRINT_LONG_0952,-1.0,1,-0.08333333333333333,-0.0725,2025-10,23,-0.34782608695652173,-8.0
POST-VALIDATION DIAGNOSTIC — NOT CONFIRMATORY,VALIDATION,MNQ_ORB_V01_CAND_001,EXECUTED_TRADE,2025-10-30T00:00:00,2025-10-30_15m_PRINT_LONG_0955,-1.0,1,-0.16666666666666666,-0.1225,2025-10,23,-0.34782608695652173,-8.0
POST-VALIDATION DIAGNOSTIC — NOT CONFIRMATORY,VALIDATION,MNQ_ORB_V01_CAND_001,EXECUTED_TRADE,2025-10-31T00:00:00,2025-10-31_15m_PRINT_SHORT_0946,-1.0,1,-0.16666666666666666,-0.1225,2025-10,23,-0.34782608695652173,-8.0
POST-VALIDATION DIAGNOSTIC — NOT CONFIRMATORY,VALIDATION,MNQ_ORB_V01_CAND_001,EXECUTED_TRADE,2025-11-03T00:00:00,2025-11-03_15m_PRINT_SHORT_0950,1.5,1,-0.16666666666666666,-0.0725,2025-11,19,0.0918421052631579,1.745
POST-VALIDATION DIAGNOSTIC — NOT CONFIRMATORY,VALIDATION,MNQ_ORB_V01_CAND_001,EXECUTED_TRADE,2025-11-04T00:00:00,2025-11-04_15m_PRINT_LONG_0950,1.5,1,-0.16666666666666666,-0.0725,2025-11,19,0.0918421052631579,1.745
POST-VALIDATION DIAGNOSTIC — NOT CONFIRMATORY,VALIDATION,MNQ_ORB_V01_CAND_001,EXECUTED_TRADE,2025-11-05T00:00:00,2025-11-05_15m_PRINT_LONG_0948,1.5,1,-0.16666666666666666,-0.0225,2025-11,19,0.0918421052631579,1.745
POST-VALIDATION DIAGNOSTIC — NOT CONFIRMATORY,VALIDATION,MNQ_ORB_V01_CAND_001,EXECUTED_TRADE,2025-11-06T00:00:00,2025-11-06_15m_PRINT_SHORT_0952,1.5,1,-0.16666666666666666,0.0275,2025-11,19,0.0918421052631579,1.745
POST-VALIDATION DIAGNOSTIC — NOT CONFIRMATORY,VALIDATION,MNQ_ORB_V01_CAND_001,EXECUTED_TRADE,2025-11-07T00:00:00,2025-11-07_15m_PRINT_SHORT_1007,-1.0,1,-0.16666666666666666,-0.0225,2025-11,19,0.0918421052631579,1.745
POST-VALIDATION DIAGNOSTIC — NOT CONFIRMATORY,VALIDATION,MNQ_ORB_V01_CAND_001,EXECUTED_TRADE,2025-11-10T00:00:00,2025-11-10_15m_PRINT_LONG_0946,-1.0,1,-0.16666666666666666,-0.0225,2025-11,19,0.0918421052631579,1.745
POST-VALIDATION DIAGNOSTIC — NOT CONFIRMATORY,VALIDATION,MNQ_ORB_V01_CAND_001,EXECUTED_TRADE,2025-11-11T00:00:00,2025-11-11_15m_PRINT_SHORT_0950,-1.0,1,-0.16666666666666666,-0.0225,2025-11,19,0.0918421052631579,1.745
POST-VALIDATION DIAGNOSTIC — NOT CONFIRMATORY,VALIDATION,MNQ_ORB_V01_CAND_001,EXECUTED_TRADE,2025-11-12T00:00:00,2025-11-12_15m_PRINT_SHORT_0947,1.5,1,-0.08333333333333333,0.0275,2025-11,19,0.0918421052631579,1.745
POST-VALIDATION DIAGNOSTIC — NOT CONFIRMATORY,VALIDATION,MNQ_ORB_V01_CAND_001,EXECUTED_TRADE,2025-11-13T00:00:00,2025-11-13_15m_PRINT_SHORT_0946,-1.0,1,-0.08333333333333333,-0.0225,2025-11,19,0.0918421052631579,1.745
POST-VALIDATION DIAGNOSTIC — NOT CONFIRMATORY,VALIDATION,MNQ_ORB_V01_CAND_001,EXECUTED_TRADE,2025-11-14T00:00:00,2025-11-14_15m_PRINT_LONG_0946,1.5,1,0.0,0.0,2025-11,19,0.0918421052631579,1.745
POST-VALIDATION DIAGNOSTIC — NOT CONFIRMATORY,VALIDATION,MNQ_ORB_V01_CAND_001,EXECUTED_TRADE,2025-11-17T00:00:00,2025-11-17_15m_PRINT_LONG_0947,-1.0,1,0.0,-0.05,2025-11,19,0.0918421052631579,1.745
POST-VALIDATION DIAGNOSTIC — NOT CONFIRMATORY,VALIDATION,MNQ_ORB_V01_CAND_001,EXECUTED_TRADE,2025-11-19T00:00:00,2025-11-19_15m_PRINT_LONG_0946,1.5,1,0.08333333333333333,0.0,2025-11,19,0.0918421052631579,1.745
POST-VALIDATION DIAGNOSTIC — NOT CONFIRMATORY,VALIDATION,MNQ_ORB_V01_CAND_001,EXECUTED_TRADE,2025-11-20T00:00:00,2025-11-20_15m_PRINT_LONG_0948,-1.0,1,0.0,0.0,2025-11,19,0.0918421052631579,1.745
POST-VALIDATION DIAGNOSTIC — NOT CONFIRMATORY,VALIDATION,MNQ_ORB_V01_CAND_001,EXECUTED_TRADE,2025-11-21T00:00:00,2025-11-21_15m_PRINT_LONG_0955,-1.0,1,0.0,-0.05,2025-11,19,0.0918421052631579,1.745
POST-VALIDATION DIAGNOSTIC — NOT CONFIRMATORY,VALIDATION,MNQ_ORB_V01_CAND_001,EXECUTED_TRADE,2025-11-24T00:00:00,2025-11-24_15m_PRINT_LONG_1003,-1.0,1,0.0,-0.05,2025-11,19,0.0918421052631579,1.745
POST-VALIDATION DIAGNOSTIC — NOT CONFIRMATORY,VALIDATION,MNQ_ORB_V01_CAND_001,EXECUTED_TRADE,2025-11-25T00:00:00,2025-11-25_15m_PRINT_SHORT_0946,1.5,1,0.08333333333333333,-0.05,2025-11,19,0.0918421052631579,1.745
POST-VALIDATION DIAGNOSTIC — NOT CONFIRMATORY,VALIDATION,MNQ_ORB_V01_CAND_001,EXECUTED_TRADE,2025-11-26T00:00:00,2025-11-26_15m_PRINT_LONG_0951,-1.0,1,0.0,-0.05,2025-11,19,0.0918421052631579,1.745
POST-VALIDATION DIAGNOSTIC — NOT CONFIRMATORY,VALIDATION,MNQ_ORB_V01_CAND_001,EXECUTED_TRADE,2025-11-27T00:00:00,2025-11-27_15m_PRINT_SHORT_1105,-0.255,1,0.024833333333333332,-0.0351,2025-11,19,0.0918421052631579,1.745
POST-VALIDATION DIAGNOSTIC — NOT CONFIRMATORY,VALIDATION,MNQ_ORB_V01_CAND_001,EXECUTED_TRADE,2025-11-28T00:00:00,2025-11-28_15m_PRINT_LONG_1107,-1.0,1,0.024833333333333336,-0.0851,2025-11,19,0.0918421052631579,1.745
POST-VALIDATION DIAGNOSTIC — NOT CONFIRMATORY,VALIDATION,MNQ_ORB_V01_CAND_001,EXECUTED_TRADE,2025-12-01T00:00:00,2025-12-01_15m_PRINT_LONG_0949,-1.0,1,-0.058499999999999996,-0.0851,2025-12,18,-0.07305555555555555,-1.315
POST-VALIDATION DIAGNOSTIC — NOT CONFIRMATORY,VALIDATION,MNQ_ORB_V01_CAND_001,EXECUTED_TRADE,2025-12-02T00:00:00,2025-12-02_15m_PRINT_LONG_1001,-1.0,1,-0.14183333333333334,-0.1351,2025-12,18,-0.07305555555555555,-1.315
POST-VALIDATION DIAGNOSTIC — NOT CONFIRMATORY,VALIDATION,MNQ_ORB_V01_CAND_001,EXECUTED_TRADE,2025-12-03T00:00:00,2025-12-03_15m_PRINT_SHORT_0954,-1.0,1,-0.14183333333333334,-0.1851,2025-12,18,-0.07305555555555555,-1.315
POST-VALIDATION DIAGNOSTIC — NOT CONFIRMATORY,VALIDATION,MNQ_ORB_V01_CAND_001,EXECUTED_TRADE,2025-12-04T00:00:00,2025-12-04_15m_PRINT_SHORT_0959,-1.0,1,-0.14183333333333334,-0.23509999999999998,2025-12,18,-0.07305555555555555,-1.315
POST-VALIDATION DIAGNOSTIC — NOT CONFIRMATORY,VALIDATION,MNQ_ORB_V01_CAND_001,EXECUTED_TRADE,2025-12-05T00:00:00,2025-12-05_15m_PRINT_LONG_0954,1.5,1,-0.14183333333333334,-0.23509999999999998,2025-12,18,-0.07305555555555555,-1.315
POST-VALIDATION DIAGNOSTIC — NOT CONFIRMATORY,VALIDATION,MNQ_ORB_V01_CAND_001,EXECUTED_TRADE,2025-12-08T00:00:00,2025-12-08_15m_PRINT_SHORT_0949,1.5,1,-0.058499999999999996,-0.1851,2025-12,18,-0.07305555555555555,-1.315
POST-VALIDATION DIAGNOSTIC — NOT CONFIRMATORY,VALIDATION,MNQ_ORB_V01_CAND_001,EXECUTED_TRADE,2025-12-09T00:00:00,2025-12-09_15m_PRINT_LONG_1003,1.5,1,-0.058499999999999996,-0.13509999999999997,2025-12,18,-0.07305555555555555,-1.315
POST-VALIDATION DIAGNOSTIC — NOT CONFIRMATORY,VALIDATION,MNQ_ORB_V01_CAND_001,EXECUTED_TRADE,2025-12-10T00:00:00,2025-12-10_15m_PRINT_LONG_0948,-1.0,1,-0.058499999999999996,-0.1351,2025-12,18,-0.07305555555555555,-1.315
POST-VALIDATION DIAGNOSTIC — NOT CONFIRMATORY,VALIDATION,MNQ_ORB_V01_CAND_001,EXECUTED_TRADE,2025-12-11T00:00:00,2025-12-11_15m_PRINT_SHORT_0946,1.5,1,0.024833333333333336,-0.0851,2025-12,18,-0.07305555555555555,-1.315
POST-VALIDATION DIAGNOSTIC — NOT CONFIRMATORY,VALIDATION,MNQ_ORB_V01_CAND_001,EXECUTED_TRADE,2025-12-12T00:00:00,2025-12-12_15m_PRINT_SHORT_0949,1.5,1,0.10816666666666667,-0.0351,2025-12,18,-0.07305555555555555,-1.315
POST-VALIDATION DIAGNOSTIC — NOT CONFIRMATORY,VALIDATION,MNQ_ORB_V01_CAND_001,EXECUTED_TRADE,2025-12-19T00:00:00,2025-12-19_15m_PRINT_LONG_0946,-1.0,1,0.10816666666666667,-0.0351,2025-12,18,-0.07305555555555555,-1.315
POST-VALIDATION DIAGNOSTIC — NOT CONFIRMATORY,VALIDATION,MNQ_ORB_V01_CAND_001,EXECUTED_TRADE,2025-12-22T00:00:00,2025-12-22_15m_PRINT_SHORT_1032,-1.0,1,0.024833333333333336,-0.0351,2025-12,18,-0.07305555555555555,-1.315
POST-VALIDATION DIAGNOSTIC — NOT CONFIRMATORY,VALIDATION,MNQ_ORB_V01_CAND_001,EXECUTED_TRADE,2025-12-23T00:00:00,2025-12-23_15m_PRINT_LONG_0946,-1.0,1,-0.058499999999999996,-0.0351,2025-12,18,-0.07305555555555555,-1.315
POST-VALIDATION DIAGNOSTIC — NOT CONFIRMATORY,VALIDATION,MNQ_ORB_V01_CAND_001,EXECUTED_TRADE,2025-12-24T00:00:00,2025-12-24_15m_PRINT_LONG_1011,0.685,1,-0.08566666666666665,-0.051399999999999994,2025-12,18,-0.07305555555555555,-1.315
POST-VALIDATION DIAGNOSTIC — NOT CONFIRMATORY,VALIDATION,MNQ_ORB_V01_CAND_001,EXECUTED_TRADE,2025-12-26T00:00:00,2025-12-26_15m_PRINT_LONG_0946,-1.0,1,-0.169,-0.051399999999999994,2025-12,18,-0.07305555555555555,-1.315
POST-VALIDATION DIAGNOSTIC — NOT CONFIRMATORY,VALIDATION,MNQ_ORB_V01_CAND_001,EXECUTED_TRADE,2025-12-29T00:00:00,2025-12-29_15m_PRINT_SHORT_1015,-1.0,1,-0.169,-0.051399999999999994,2025-12,18,-0.07305555555555555,-1.315
POST-VALIDATION DIAGNOSTIC — NOT CONFIRMATORY,VALIDATION,MNQ_ORB_V01_CAND_001,EXECUTED_TRADE,2025-12-30T00:00:00,2025-12-30_15m_PRINT_SHORT_0947,-1.0,1,-0.169,-0.051399999999999994,2025-12,18,-0.07305555555555555,-1.315
POST-VALIDATION DIAGNOSTIC — NOT CONFIRMATORY,VALIDATION,MNQ_ORB_V01_CAND_001,EXECUTED_TRADE,2025-12-31T00:00:00,2025-12-31_15m_PRINT_SHORT_0946,1.5,1,-0.08566666666666668,-0.05140000000000001,2025-12,18,-0.07305555555555555,-1.315
POST-VALIDATION DIAGNOSTIC — NOT CONFIRMATORY,VALIDATION,MNQ_ORB_V01_CAND_002,EXECUTED_TRADE,2025-07-01T00:00:00,2025-07-01_20m_PRINT_LONG_0951,-1.0,1,,,2025-07,22,0.15772705081756122,3.469995117986347
POST-VALIDATION DIAGNOSTIC — NOT CONFIRMATORY,VALIDATION,MNQ_ORB_V01_CAND_002,EXECUTED_TRADE,2025-07-02T00:00:00,2025-07-02_20m_PRINT_LONG_0955,1.9607843137254901,1,,,2025-07,22,0.15772705081756122,3.469995117986347
POST-VALIDATION DIAGNOSTIC — NOT CONFIRMATORY,VALIDATION,MNQ_ORB_V01_CAND_002,EXECUTED_TRADE,2025-07-03T00:00:00,2025-07-03_20m_PRINT_LONG_0952,2.6785714285714284,1,,,2025-07,22,0.15772705081756122,3.469995117986347
POST-VALIDATION DIAGNOSTIC — NOT CONFIRMATORY,VALIDATION,MNQ_ORB_V01_CAND_002,EXECUTED_TRADE,2025-07-04T00:00:00,2025-07-04_20m_PRINT_LONG_0957,-1.0,1,,,2025-07,22,0.15772705081756122,3.469995117986347
POST-VALIDATION DIAGNOSTIC — NOT CONFIRMATORY,VALIDATION,MNQ_ORB_V01_CAND_002,EXECUTED_TRADE,2025-07-07T00:00:00,2025-07-07_20m_PRINT_LONG_0953,-1.0,1,,,2025-07,22,0.15772705081756122,3.469995117986347
POST-VALIDATION DIAGNOSTIC — NOT CONFIRMATORY,VALIDATION,MNQ_ORB_V01_CAND_002,EXECUTED_TRADE,2025-07-08T00:00:00,2025-07-08_20m_PRINT_SHORT_1000,-1.0,1,,,2025-07,22,0.15772705081756122,3.469995117986347
POST-VALIDATION DIAGNOSTIC — NOT CONFIRMATORY,VALIDATION,MNQ_ORB_V01_CAND_002,EXECUTED_TRADE,2025-07-09T00:00:00,2025-07-09_20m_PRINT_LONG_0951,-1.0,1,,,2025-07,22,0.15772705081756122,3.469995117986347
POST-VALIDATION DIAGNOSTIC — NOT CONFIRMATORY,VALIDATION,MNQ_ORB_V01_CAND_002,EXECUTED_TRADE,2025-07-10T00:00:00,2025-07-10_20m_PRINT_SHORT_0951,1.4851485148514851,1,,,2025-07,22,0.15772705081756122,3.469995117986347
POST-VALIDATION DIAGNOSTIC — NOT CONFIRMATORY,VALIDATION,MNQ_ORB_V01_CAND_002,EXECUTED_TRADE,2025-07-11T00:00:00,2025-07-11_20m_PRINT_LONG_0958,-1.0,1,,,2025-07,22,0.15772705081756122,3.469995117986347
POST-VALIDATION DIAGNOSTIC — NOT CONFIRMATORY,VALIDATION,MNQ_ORB_V01_CAND_002,EXECUTED_TRADE,2025-07-14T00:00:00,2025-07-14_20m_PRINT_LONG_1022,1.098901098901099,1,,,2025-07,22,0.15772705081756122,3.469995117986347
POST-VALIDATION DIAGNOSTIC — NOT CONFIRMATORY,VALIDATION,MNQ_ORB_V01_CAND_002,EXECUTED_TRADE,2025-07-15T00:00:00,2025-07-15_20m_PRINT_SHORT_1001,-1.0,1,,,2025-07,22,0.15772705081756122,3.469995117986347
POST-VALIDATION DIAGNOSTIC — NOT CONFIRMATORY,VALIDATION,MNQ_ORB_V01_CAND_002,EXECUTED_TRADE,2025-07-16T00:00:00,2025-07-16_20m_PRINT_SHORT_0951,-1.0,1,,,2025-07,22,0.15772705081756122,3.469995117986347
POST-VALIDATION DIAGNOSTIC — NOT CONFIRMATORY,VALIDATION,MNQ_ORB_V01_CAND_002,EXECUTED_TRADE,2025-07-17T00:00:00,2025-07-17_20m_PRINT_LONG_0951,2.0833333333333335,1,,,2025-07,22,0.15772705081756122,3.469995117986347
POST-VALIDATION DIAGNOSTIC — NOT CONFIRMATORY,VALIDATION,MNQ_ORB_V01_CAND_002,EXECUTED_TRADE,2025-07-21T00:00:00,2025-07-21_20m_PRINT_LONG_0957,-0.6425855513307985,1,,,2025-07,22,0.15772705081756122,3.469995117986347
POST-VALIDATION DIAGNOSTIC — NOT CONFIRMATORY,VALIDATION,MNQ_ORB_V01_CAND_002,EXECUTED_TRADE,2025-07-22T00:00:00,2025-07-22_20m_PRINT_SHORT_0951,1.0638297872340425,1,,,2025-07,22,0.15772705081756122,3.469995117986347
POST-VALIDATION DIAGNOSTIC — NOT CONFIRMATORY,VALIDATION,MNQ_ORB_V01_CAND_002,EXECUTED_TRADE,2025-07-23T00:00:00,2025-07-23_20m_PRINT_SHORT_1000,-1.0,1,,,2025-07,22,0.15772705081756122,3.469995117986347
POST-VALIDATION DIAGNOSTIC — NOT CONFIRMATORY,VALIDATION,MNQ_ORB_V01_CAND_002,EXECUTED_TRADE,2025-07-24T00:00:00,2025-07-24_20m_PRINT_SHORT_1010,-1.0,1,,,2025-07,22,0.15772705081756122,3.469995117986347
POST-VALIDATION DIAGNOSTIC — NOT CONFIRMATORY,VALIDATION,MNQ_ORB_V01_CAND_002,EXECUTED_TRADE,2025-07-25T00:00:00,2025-07-25_20m_PRINT_LONG_0951,2.7522935779816513,1,,,2025-07,22,0.15772705081756122,3.469995117986347
POST-VALIDATION DIAGNOSTIC — NOT CONFIRMATORY,VALIDATION,MNQ_ORB_V01_CAND_002,EXECUTED_TRADE,2025-07-28T00:00:00,2025-07-28_20m_PRINT_LONG_0952,-1.0,1,,,2025-07,22,0.15772705081756122,3.469995117986347
POST-VALIDATION DIAGNOSTIC — NOT CONFIRMATORY,VALIDATION,MNQ_ORB_V01_CAND_002,EXECUTED_TRADE,2025-07-29T00:00:00,2025-07-29_20m_PRINT_SHORT_0951,1.948051948051948,1,,,2025-07,22,0.15772705081756122,3.469995117986347
POST-VALIDATION DIAGNOSTIC — NOT CONFIRMATORY,VALIDATION,MNQ_ORB_V01_CAND_002,EXECUTED_TRADE,2025-07-30T00:00:00,2025-07-30_20m_PRINT_LONG_1033,-1.0,1,,,2025-07,22,0.15772705081756122,3.469995117986347
POST-VALIDATION DIAGNOSTIC — NOT CONFIRMATORY,VALIDATION,MNQ_ORB_V01_CAND_002,EXECUTED_TRADE,2025-07-31T00:00:00,2025-07-31_20m_PRINT_SHORT_1038,1.0416666666666667,1,,,2025-07,22,0.15772705081756122,3.469995117986347
POST-VALIDATION DIAGNOSTIC — NOT CONFIRMATORY,VALIDATION,MNQ_ORB_V01_CAND_002,EXECUTED_TRADE,2025-08-01T00:00:00,2025-08-01_20m_PRINT_SHORT_0951,-1.0,1,,,2025-08,20,0.09096609296630301,1.8193218593260603
POST-VALIDATION DIAGNOSTIC — NOT CONFIRMATORY,VALIDATION,MNQ_ORB_V01_CAND_002,EXECUTED_TRADE,2025-08-04T00:00:00,2025-08-04_20m_PRINT_LONG_0955,1.0869565217391304,1,,,2025-08,20,0.09096609296630301,1.8193218593260603
POST-VALIDATION DIAGNOSTIC — NOT CONFIRMATORY,VALIDATION,MNQ_ORB_V01_CAND_002,EXECUTED_TRADE,2025-08-05T00:00:00,2025-08-05_20m_PRINT_SHORT_1018,1.5957446808510638,1,,,2025-08,20,0.09096609296630301,1.8193218593260603
POST-VALIDATION DIAGNOSTIC — NOT CONFIRMATORY,VALIDATION,MNQ_ORB_V01_CAND_002,EXECUTED_TRADE,2025-08-06T00:00:00,2025-08-06_20m_PRINT_LONG_0955,-1.0,1,,,2025-08,20,0.09096609296630301,1.8193218593260603
POST-VALIDATION DIAGNOSTIC — NOT CONFIRMATORY,VALIDATION,MNQ_ORB_V01_CAND_002,EXECUTED_TRADE,2025-08-07T00:00:00,2025-08-07_20m_PRINT_LONG_0957,-1.0,1,,,2025-08,20,0.09096609296630301,1.8193218593260603
POST-VALIDATION DIAGNOSTIC — NOT CONFIRMATORY,VALIDATION,MNQ_ORB_V01_CAND_002,EXECUTED_TRADE,2025-08-08T00:00:00,2025-08-08_20m_PRINT_LONG_0957,1.3100436681222707,1,,,2025-08,20,0.09096609296630301,1.8193218593260603
POST-VALIDATION DIAGNOSTIC — NOT CONFIRMATORY,VALIDATION,MNQ_ORB_V01_CAND_002,EXECUTED_TRADE,2025-08-11T00:00:00,2025-08-11_20m_PRINT_LONG_0958,-1.0,1,,,2025-08,20,0.09096609296630301,1.8193218593260603
POST-VALIDATION DIAGNOSTIC — NOT CONFIRMATORY,VALIDATION,MNQ_ORB_V01_CAND_002,EXECUTED_TRADE,2025-08-12T00:00:00,2025-08-12_20m_PRINT_SHORT_0951,-1.0,1,0.08209133295662706,,2025-08,20,0.09096609296630301,1.8193218593260603
POST-VALIDATION DIAGNOSTIC — NOT CONFIRMATORY,VALIDATION,MNQ_ORB_V01_CAND_002,EXECUTED_TRADE,2025-08-14T00:00:00,2025-08-14_20m_PRINT_LONG_0951,-1.0,1,0.08209133295662706,,2025-08,20,0.09096609296630301,1.8193218593260603
POST-VALIDATION DIAGNOSTIC — NOT CONFIRMATORY,VALIDATION,MNQ_ORB_V01_CAND_002,EXECUTED_TRADE,2025-08-15T00:00:00,2025-08-15_20m_PRINT_SHORT_0954,-1.0,1,-0.01660147750088929,,2025-08,20,0.09096609296630301,1.8193218593260603
POST-VALIDATION DIAGNOSTIC — NOT CONFIRMATORY,VALIDATION,MNQ_ORB_V01_CAND_002,EXECUTED_TRADE,2025-08-18T00:00:00,2025-08-18_20m_PRINT_SHORT_0952,-1.0,1,-0.13922052511993688,,2025-08,20,0.09096609296630301,1.8193218593260603
POST-VALIDATION DIAGNOSTIC — NOT CONFIRMATORY,VALIDATION,MNQ_ORB_V01_CAND_002,EXECUTED_TRADE,2025-08-19T00:00:00,2025-08-19_20m_PRINT_SHORT_1029,1.1406844106463878,1,-0.06786437809839065,,2025-08,20,0.09096609296630301,1.8193218593260603
POST-VALIDATION DIAGNOSTIC — NOT CONFIRMATORY,VALIDATION,MNQ_ORB_V01_CAND_002,EXECUTED_TRADE,2025-08-20T00:00:00,2025-08-20_20m_PRINT_SHORT_0951,0.8955223880597015,1,-0.0046802984964005884,,2025-08,20,0.09096609296630301,1.8193218593260603
POST-VALIDATION DIAGNOSTIC — NOT CONFIRMATORY,VALIDATION,MNQ_ORB_V01_CAND_002,EXECUTED_TRADE,2025-08-21T00:00:00,2025-08-21_20m_PRINT_SHORT_1001,-1.0,1,-0.0046802984964005884,,2025-08,20,0.09096609296630301,1.8193218593260603
POST-VALIDATION DIAGNOSTIC — NOT CONFIRMATORY,VALIDATION,MNQ_ORB_V01_CAND_002,EXECUTED_TRADE,2025-08-22T00:00:00,2025-08-22_20m_PRINT_LONG_0951,-1.0,1,-0.0046802984964005884,,2025-08,20,0.09096609296630301,1.8193218593260603
POST-VALIDATION DIAGNOSTIC — NOT CONFIRMATORY,VALIDATION,MNQ_ORB_V01_CAND_002,EXECUTED_TRADE,2025-08-25T00:00:00,2025-08-25_20m_PRINT_LONG_1000,2.0408163265306123,1,0.013841961892903647,,2025-08,20,0.09096609296630301,1.8193218593260603
POST-VALIDATION DIAGNOSTIC — NOT CONFIRMATORY,VALIDATION,MNQ_ORB_V01_CAND_002,EXECUTED_TRADE,2025-08-26T00:00:00,2025-08-26_20m_PRINT_LONG_1011,1.639344262295082,1,0.10182010396940638,,2025-08,20,0.09096609296630301,1.8193218593260603
POST-VALIDATION DIAGNOSTIC — NOT CONFIRMATORY,VALIDATION,MNQ_ORB_V01_CAND_002,EXECUTED_TRADE,2025-08-27T00:00:00,2025-08-27_20m_PRINT_LONG_1015,1.9607843137254901,1,0.13054954446355274,,2025-08,20,0.09096609296630301,1.8193218593260603
POST-VALIDATION DIAGNOSTIC — NOT CONFIRMATORY,VALIDATION,MNQ_ORB_V01_CAND_002,EXECUTED_TRADE,2025-08-28T00:00:00,2025-08-28_20m_PRINT_SHORT_0951,-1.0,1,0.13054954446355274,,2025-08,20,0.09096609296630301,1.8193218593260603
POST-VALIDATION DIAGNOSTIC — NOT CONFIRMATORY,VALIDATION,MNQ_ORB_V01_CAND_002,EXECUTED_TRADE,2025-08-29T00:00:00,2025-08-29_20m_PRINT_SHORT_0951,1.1494252873563218,1,0.2021970540420968,,2025-08,20,0.09096609296630301,1.8193218593260603
POST-VALIDATION DIAGNOSTIC — NOT CONFIRMATORY,VALIDATION,MNQ_ORB_V01_CAND_002,EXECUTED_TRADE,2025-09-01T00:00:00,2025-09-01_20m_PRINT_LONG_0951,0.7674418604651163,1,0.15833400494648955,,2025-09,18,0.2018254012520217,3.6328572225363907
POST-VALIDATION DIAGNOSTIC — NOT CONFIRMATORY,VALIDATION,MNQ_ORB_V01_CAND_002,EXECUTED_TRADE,2025-09-02T00:00:00,2025-09-02_20m_PRINT_LONG_0951,0.8571428571428571,1,0.20832495189561143,,2025-09,18,0.2018254012520217,3.6328572225363907
POST-VALIDATION DIAGNOSTIC — NOT CONFIRMATORY,VALIDATION,MNQ_ORB_V01_CAND_002,EXECUTED_TRADE,2025-09-03T00:00:00,2025-09-03_20m_PRINT_LONG_1005,-1.0,1,0.1395306256544767,,2025-09,18,0.2018254012520217,3.6328572225363907
POST-VALIDATION DIAGNOSTIC — NOT CONFIRMATORY,VALIDATION,MNQ_ORB_V01_CAND_002,EXECUTED_TRADE,2025-09-04T00:00:00,2025-09-04_20m_PRINT_SHORT_1003,-1.0,1,0.1395306256544767,,2025-09,18,0.2018254012520217,3.6328572225363907
POST-VALIDATION DIAGNOSTIC — NOT CONFIRMATORY,VALIDATION,MNQ_ORB_V01_CAND_002,EXECUTED_TRADE,2025-09-05T00:00:00,2025-09-05_20m_PRINT_SHORT_1001,1.8518518518518519,1,0.23459235404953838,,2025-09,18,0.2018254012520217,3.6328572225363907
POST-VALIDATION DIAGNOSTIC — NOT CONFIRMATORY,VALIDATION,MNQ_ORB_V01_CAND_002,EXECUTED_TRADE,2025-09-08T00:00:00,2025-09-08_20m_PRINT_LONG_0952,-1.0,1,0.10951590145015003,,2025-09,18,0.2018254012520217,3.6328572225363907
POST-VALIDATION DIAGNOSTIC — NOT CONFIRMATORY,VALIDATION,MNQ_ORB_V01_CAND_002,EXECUTED_TRADE,2025-09-09T00:00:00,2025-09-09_20m_PRINT_SHORT_0952,-1.0,1,0.10951590145015003,,2025-09,18,0.2018254012520217,3.6328572225363907
POST-VALIDATION DIAGNOSTIC — NOT CONFIRMATORY,VALIDATION,MNQ_ORB_V01_CAND_002,EXECUTED_TRADE,2025-09-10T00:00:00,2025-09-10_20m_PRINT_SHORT_0952,-1.0,1,0.011247503181751762,0.07531507093544464,2025-09,18,0.2018254012520217,3.6328572225363907
POST-VALIDATION DIAGNOSTIC — NOT CONFIRMATORY,VALIDATION,MNQ_ORB_V01_CAND_002,EXECUTED_TRADE,2025-09-11T00:00:00,2025-09-11_20m_PRINT_LONG_1007,-1.0,1,0.011247503181751762,0.07531507093544464,2025-09,18,0.2018254012520217,3.6328572225363907
POST-VALIDATION DIAGNOSTIC — NOT CONFIRMATORY,VALIDATION,MNQ_ORB_V01_CAND_002,EXECUTED_TRADE,2025-09-12T00:00:00,2025-09-12_20m_PRINT_LONG_1022,2.4390243902439024,1,0.057826093967659614,0.0848798724658129,2025-09,18,0.2018254012520217,3.6328572225363907
POST-VALIDATION DIAGNOSTIC — NOT CONFIRMATORY,VALIDATION,MNQ_ORB_V01_CAND_002,EXECUTED_TRADE,2025-09-19T00:00:00,2025-09-19_20m_PRINT_LONG_0951,-1.0,1,0.057826093967659614,0.011308443894384323,2025-09,18,0.2018254012520217,3.6328572225363907
POST-VALIDATION DIAGNOSTIC — NOT CONFIRMATORY,VALIDATION,MNQ_ORB_V01_CAND_002,EXECUTED_TRADE,2025-09-22T00:00:00,2025-09-22_20m_PRINT_LONG_0952,2.9411764705882355,1,0.11963342559596311,0.09013197330614904,2025-09,18,0.2018254012520217,3.6328572225363907
POST-VALIDATION DIAGNOSTIC — NOT CONFIRMATORY,VALIDATION,MNQ_ORB_V01_CAND_002,EXECUTED_TRADE,2025-09-23T00:00:00,2025-09-23_20m_PRINT_SHORT_0956,2.2388059701492535,1,0.1410688019059028,0.15490809270913408,2025-09,18,0.2018254012520217,3.6328572225363907
POST-VALIDATION DIAGNOSTIC — NOT CONFIRMATORY,VALIDATION,MNQ_ORB_V01_CAND_002,EXECUTED_TRADE,2025-09-24T00:00:00,2025-09-24_20m_PRINT_SHORT_0951,1.5789473684210527,1,0.22703371418660453,0.20648704007755517,2025-09,18,0.2018254012520217,3.6328572225363907
POST-VALIDATION DIAGNOSTIC — NOT CONFIRMATORY,VALIDATION,MNQ_ORB_V01_CAND_002,EXECUTED_TRADE,2025-09-25T00:00:00,2025-09-25_20m_PRINT_LONG_1011,0.9584664536741214,1,0.29231592930907524,0.24565636915103758,2025-09,18,0.2018254012520217,3.6328572225363907
POST-VALIDATION DIAGNOSTIC — NOT CONFIRMATORY,VALIDATION,MNQ_ORB_V01_CAND_002,EXECUTED_TRADE,2025-09-26T00:00:00,2025-09-26_20m_PRINT_LONG_0951,-1.0,1,0.21531447370499954,0.1959533988540079,2025-09,18,0.2018254012520217,3.6328572225363907
POST-VALIDATION DIAGNOSTIC — NOT CONFIRMATORY,VALIDATION,MNQ_ORB_V01_CAND_002,EXECUTED_TRADE,2025-09-29T00:00:00,2025-09-29_20m_PRINT_LONG_0951,-1.0,1,0.21531447370499954,0.1959533988540079,2025-09,18,0.2018254012520217,3.6328572225363907
POST-VALIDATION DIAGNOSTIC — NOT CONFIRMATORY,VALIDATION,MNQ_ORB_V01_CAND_002,EXECUTED_TRADE,2025-09-30T00:00:00,2025-09-30_20m_PRINT_SHORT_0955,-1.0,1,0.21531447370499954,0.15397537687598592,2025-09,18,0.2018254012520217,3.6328572225363907
POST-VALIDATION DIAGNOSTIC — NOT CONFIRMATORY,VALIDATION,MNQ_ORB_V01_CAND_002,EXECUTED_TRADE,2025-10-01T00:00:00,2025-10-01_20m_PRINT_SHORT_0951,-1.0,1,0.21531447370499954,0.15397537687598592,2025-10,21,-0.24083636839747447,-5.057563736346964
POST-VALIDATION DIAGNOSTIC — NOT CONFIRMATORY,VALIDATION,MNQ_ORB_V01_CAND_002,EXECUTED_TRADE,2025-10-02T00:00:00,2025-10-02_20m_PRINT_SHORT_0951,-1.0,1,0.21531447370499954,0.15397537687598592,2025-10,21,-0.24083636839747447,-5.057563736346964
POST-VALIDATION DIAGNOSTIC — NOT CONFIRMATORY,VALIDATION,MNQ_ORB_V01_CAND_002,EXECUTED_TRADE,2025-10-03T00:00:00,2025-10-03_20m_PRINT_LONG_0954,-1.0,1,0.21531447370499954,0.09230871020931924,2025-10,21,-0.24083636839747447,-5.057563736346964
POST-VALIDATION DIAGNOSTIC — NOT CONFIRMATORY,VALIDATION,MNQ_ORB_V01_CAND_002,EXECUTED_TRADE,2025-10-06T00:00:00,2025-10-06_20m_PRINT_SHORT_1043,-1.0,1,0.14395832668345326,0.08516042123593522,2025-10,21,-0.24083636839747447,-5.057563736346964
POST-VALIDATION DIAGNOSTIC — NOT CONFIRMATORY,VALIDATION,MNQ_ORB_V01_CAND_002,EXECUTED_TRADE,2025-10-07T00:00:00,2025-10-07_20m_PRINT_LONG_0956,-1.0,1,0.08077424708146325,0.04388382549125436,2025-10,21,-0.24083636839747447,-5.057563736346964
POST-VALIDATION DIAGNOSTIC — NOT CONFIRMATORY,VALIDATION,MNQ_ORB_V01_CAND_002,EXECUTED_TRADE,2025-10-08T00:00:00,2025-10-08_20m_PRINT_LONG_0954,1.6216216216216217,1,0.16816163446885066,0.09631625792368678,2025-10,21,-0.24083636839747447,-5.057563736346964
POST-VALIDATION DIAGNOSTIC — NOT CONFIRMATORY,VALIDATION,MNQ_ORB_V01_CAND_002,EXECUTED_TRADE,2025-10-09T00:00:00,2025-10-09_20m_PRINT_SHORT_0956,1.8518518518518519,1,0.26322336286391235,0.15335329496072383,2025-10,21,-0.24083636839747447,-5.057563736346964
POST-VALIDATION DIAGNOSTIC — NOT CONFIRMATORY,VALIDATION,MNQ_ORB_V01_CAND_002,EXECUTED_TRADE,2025-10-13T00:00:00,2025-10-13_20m_PRINT_LONG_0951,-1.0,1,0.1618628186462253,0.0783074234010908,2025-10,21,-0.24083636839747447,-5.057563736346964
POST-VALIDATION DIAGNOSTIC — NOT CONFIRMATORY,VALIDATION,MNQ_ORB_V01_CAND_002,EXECUTED_TRADE,2025-10-14T00:00:00,2025-10-14_20m_PRINT_LONG_1021,0.6864988558352403,1,0.1301013050975639,0.1120374005177956,2025-10,21,-0.24083636839747447,-5.057563736346964
POST-VALIDATION DIAGNOSTIC — NOT CONFIRMATORY,VALIDATION,MNQ_ORB_V01_CAND_002,EXECUTED_TRADE,2025-10-15T00:00:00,2025-10-15_20m_PRINT_LONG_0956,1.4018691588785046,1,0.1114707999359977,0.10111374473432674,2025-10,21,-0.24083636839747447,-5.057563736346964
POST-VALIDATION DIAGNOSTIC — NOT CONFIRMATORY,VALIDATION,MNQ_ORB_V01_CAND_002,EXECUTED_TRADE,2025-10-16T00:00:00,2025-10-16_20m_PRINT_SHORT_0951,-1.0,1,0.1114707999359977,0.10111374473432674,2025-10,21,-0.24083636839747447,-5.057563736346964
POST-VALIDATION DIAGNOSTIC — NOT CONFIRMATORY,VALIDATION,MNQ_ORB_V01_CAND_002,EXECUTED_TRADE,2025-10-17T00:00:00,2025-10-17_20m_PRINT_LONG_0953,1.0309278350515463,1,0.10752088485917186,0.10089896810202433,2025-10,21,-0.24083636839747447,-5.057563736346964
POST-VALIDATION DIAGNOSTIC — NOT CONFIRMATORY,VALIDATION,MNQ_ORB_V01_CAND_002,EXECUTED_TRADE,2025-10-20T00:00:00,2025-10-20_20m_PRINT_LONG_0952,1.2820512820512822,1,0.1246745322453774,0.14653999374304996,2025-10,21,-0.24083636839747447,-5.057563736346964
POST-VALIDATION DIAGNOSTIC — NOT CONFIRMATORY,VALIDATION,MNQ_ORB_V01_CAND_002,EXECUTED_TRADE,2025-10-21T00:00:00,2025-10-21_20m_PRINT_SHORT_0958,-1.0,1,0.0627697703406155,0.10480086330826736,2025-10,21,-0.24083636839747447,-5.057563736346964
POST-VALIDATION DIAGNOSTIC — NOT CONFIRMATORY,VALIDATION,MNQ_ORB_V01_CAND_002,EXECUTED_TRADE,2025-10-22T00:00:00,2025-10-22_20m_PRINT_LONG_0952,-1.0,1,0.0627697703406155,0.05288596969124608,2025-10,21,-0.24083636839747447,-5.057563736346964
POST-VALIDATION DIAGNOSTIC — NOT CONFIRMATORY,VALIDATION,MNQ_ORB_V01_CAND_002,EXECUTED_TRADE,2025-10-23T00:00:00,2025-10-23_20m_PRINT_LONG_0951,1.0676156583629892,1,0.13169029228604848,0.09423828285850586,2025-10,21,-0.24083636839747447,-5.057563736346964
POST-VALIDATION DIAGNOSTIC — NOT CONFIRMATORY,VALIDATION,MNQ_ORB_V01_CAND_002,EXECUTED_TRADE,2025-10-27T00:00:00,2025-10-27_20m_PRINT_LONG_1002,-1.0,1,0.036628563890986725,0.09423828285850586,2025-10,21,-0.24083636839747447,-5.057563736346964
POST-VALIDATION DIAGNOSTIC — NOT CONFIRMATORY,VALIDATION,MNQ_ORB_V01_CAND_002,EXECUTED_TRADE,2025-10-28T00:00:00,2025-10-28_20m_PRINT_SHORT_0952,-1.0,1,0.03662856389098674,0.04803740949606046,2025-10,21,-0.24083636839747447,-5.057563736346964
POST-VALIDATION DIAGNOSTIC — NOT CONFIRMATORY,VALIDATION,MNQ_ORB_V01_CAND_002,EXECUTED_TRADE,2025-10-29T00:00:00,2025-10-29_20m_PRINT_SHORT_1051,-1.0,1,0.03662856389098674,0.04803740949606047,2025-10,21,-0.24083636839747447,-5.057563736346964
POST-VALIDATION DIAGNOSTIC — NOT CONFIRMATORY,VALIDATION,MNQ_ORB_V01_CAND_002,EXECUTED_TRADE,2025-10-30T00:00:00,2025-10-30_20m_PRINT_LONG_0955,-1.0,1,0.03662856389098674,0.04803740949606047,2025-10,21,-0.24083636839747447,-5.057563736346964
POST-VALIDATION DIAGNOSTIC — NOT CONFIRMATORY,VALIDATION,MNQ_ORB_V01_CAND_002,EXECUTED_TRADE,2025-10-31T00:00:00,2025-10-31_20m_PRINT_SHORT_0955,-1.0,1,0.03662856389098674,0.04803740949606047,2025-10,21,-0.24083636839747447,-5.057563736346964
POST-VALIDATION DIAGNOSTIC — NOT CONFIRMATORY,VALIDATION,MNQ_ORB_V01_CAND_002,EXECUTED_TRADE,2025-11-03T00:00:00,2025-11-03_20m_PRINT_SHORT_0951,1.293103448275862,1,-0.001568800841281274,0.0938994784615777,2025-11,20,-0.03902147026793532,-0.7804294053587064
POST-VALIDATION DIAGNOSTIC — NOT CONFIRMATORY,VALIDATION,MNQ_ORB_V01_CAND_002,EXECUTED_TRADE,2025-11-04T00:00:00,2025-11-04_20m_PRINT_LONG_0951,1.2295081967213115,1,0.07274813904942912,0.13848964239600392,2025-11,20,-0.03902147026793532,-0.7804294053587064
POST-VALIDATION DIAGNOSTIC — NOT CONFIRMATORY,VALIDATION,MNQ_ORB_V01_CAND_002,EXECUTED_TRADE,2025-11-05T00:00:00,2025-11-05_20m_PRINT_LONG_0951,1.1320754716981132,1,0.012444772419758365,0.13831746361703842,2025-11,20,-0.03902147026793532,-0.7804294053587064
POST-VALIDATION DIAGNOSTIC — NOT CONFIRMATORY,VALIDATION,MNQ_ORB_V01_CAND_002,EXECUTED_TRADE,2025-11-06T00:00:00,2025-11-06_20m_PRINT_SHORT_0952,1.5151515151515151,1,-0.011677042746832915,0.1507100461588747,2025-11,20,-0.03902147026793532,-0.7804294053587064
POST-VALIDATION DIAGNOSTIC — NOT CONFIRMATORY,VALIDATION,MNQ_ORB_V01_CAND_002,EXECUTED_TRADE,2025-11-07T00:00:00,2025-11-07_20m_PRINT_SHORT_1007,-1.0,1,-0.09764195502753467,0.1507100461588747,2025-11,20,-0.03902147026793532,-0.7804294053587064
POST-VALIDATION DIAGNOSTIC — NOT CONFIRMATORY,VALIDATION,MNQ_ORB_V01_CAND_002,EXECUTED_TRADE,2025-11-10T00:00:00,2025-11-10_20m_PRINT_LONG_0959,-1.0,1,-0.16292417015000538,0.1507100461588747,2025-11,20,-0.03902147026793532,-0.7804294053587064
POST-VALIDATION DIAGNOSTIC — NOT CONFIRMATORY,VALIDATION,MNQ_ORB_V01_CAND_002,EXECUTED_TRADE,2025-11-11T00:00:00,2025-11-11_20m_PRINT_SHORT_0951,-1.0,1,-0.16292417015000538,0.08989371962826248,2025-11,20,-0.03902147026793532,-0.7804294053587064
POST-VALIDATION DIAGNOSTIC — NOT CONFIRMATORY,VALIDATION,MNQ_ORB_V01_CAND_002,EXECUTED_TRADE,2025-11-12T00:00:00,2025-11-12_20m_PRINT_SHORT_0951,0.7159904534606205,1,-0.1057244883679847,0.07142664345157324,2025-11,20,-0.03902147026793532,-0.7804294053587064
POST-VALIDATION DIAGNOSTIC — NOT CONFIRMATORY,VALIDATION,MNQ_ORB_V01_CAND_002,EXECUTED_TRADE,2025-11-13T00:00:00,2025-11-13_20m_PRINT_SHORT_1046,0.6787330316742082,1,-0.049766720645511096,0.045785617810547595,2025-11,20,-0.03902147026793532,-0.7804294053587064
POST-VALIDATION DIAGNOSTIC — NOT CONFIRMATORY,VALIDATION,MNQ_ORB_V01_CAND_002,EXECUTED_TRADE,2025-11-14T00:00:00,2025-11-14_20m_PRINT_LONG_0953,0.5163511187607573,1,0.0007783166465141507,0.07611264018576275,2025-11,20,-0.03902147026793532,-0.7804294053587064
POST-VALIDATION DIAGNOSTIC — NOT CONFIRMATORY,VALIDATION,MNQ_ORB_V01_CAND_002,EXECUTED_TRADE,2025-11-17T00:00:00,2025-11-17_20m_PRINT_LONG_0951,-1.0,1,0.0007783166465141544,0.03312413443863631,2025-11,20,-0.03902147026793532,-0.7804294053587064
POST-VALIDATION DIAGNOSTIC — NOT CONFIRMATORY,VALIDATION,MNQ_ORB_V01_CAND_002,EXECUTED_TRADE,2025-11-18T00:00:00,2025-11-18_20m_PRINT_SHORT_0951,0.6928406466512702,1,0.057206338201556496,0.03163211016235938,2025-11,20,-0.03902147026793532,-0.7804294053587064
POST-VALIDATION DIAGNOSTIC — NOT CONFIRMATORY,VALIDATION,MNQ_ORB_V01_CAND_002,EXECUTED_TRADE,2025-11-19T00:00:00,2025-11-19_20m_PRINT_LONG_0952,0.7263922518159807,1,0.11475274659542252,0.029017098055821856,2025-11,20,-0.03902147026793532,-0.7804294053587064
POST-VALIDATION DIAGNOSTIC — NOT CONFIRMATORY,VALIDATION,MNQ_ORB_V01_CAND_002,EXECUTED_TRADE,2025-11-20T00:00:00,2025-11-20_20m_PRINT_LONG_0957,-1.0,1,0.11475274659542253,0.029017098055821863,2025-11,20,-0.03902147026793532,-0.7804294053587064
POST-VALIDATION DIAGNOSTIC — NOT CONFIRMATORY,VALIDATION,MNQ_ORB_V01_CAND_002,EXECUTED_TRADE,2025-11-21T00:00:00,2025-11-21_20m_PRINT_LONG_0955,-1.0,1,0.027365359208035126,0.029017098055821863,2025-11,20,-0.03902147026793532,-0.7804294053587064
POST-VALIDATION DIAGNOSTIC — NOT CONFIRMATORY,VALIDATION,MNQ_ORB_V01_CAND_002,EXECUTED_TRADE,2025-11-24T00:00:00,2025-11-24_20m_PRINT_LONG_1003,0.7194244604316546,1,-0.010382220505971448,0.006368550227417913,2025-11,20,-0.03902147026793532,-0.7804294053587064
POST-VALIDATION DIAGNOSTIC — NOT CONFIRMATORY,VALIDATION,MNQ_ORB_V01_CAND_002,EXECUTED_TRADE,2025-11-25T00:00:00,2025-11-25_20m_PRINT_SHORT_0951,-1.0,1,-0.010382220505971448,0.006368550227417913,2025-11,20,-0.03902147026793532,-0.7804294053587064
POST-VALIDATION DIAGNOSTIC — NOT CONFIRMATORY,VALIDATION,MNQ_ORB_V01_CAND_002,EXECUTED_TRADE,2025-11-26T00:00:00,2025-11-26_20m_PRINT_LONG_0951,-1.0,1,-0.06659884903381279,0.006368550227417913,2025-11,20,-0.03902147026793532,-0.7804294053587064
POST-VALIDATION DIAGNOSTIC — NOT CONFIRMATORY,VALIDATION,MNQ_ORB_V01_CAND_002,EXECUTED_TRADE,2025-11-27T00:00:00,2025-11-27_20m_PRINT_SHORT_1105,-1.0,1,-0.14666115432976295,0.006368550227417913,2025-11,20,-0.03902147026793532,-0.7804294053587064
POST-VALIDATION DIAGNOSTIC — NOT CONFIRMATORY,VALIDATION,MNQ_ORB_V01_CAND_002,EXECUTED_TRADE,2025-11-28T00:00:00,2025-11-28_20m_PRINT_LONG_1107,-1.0,1,-0.14666115432976295,0.006368550227417913,2025-11,20,-0.03902147026793532,-0.7804294053587064
POST-VALIDATION DIAGNOSTIC — NOT CONFIRMATORY,VALIDATION,MNQ_ORB_V01_CAND_002,EXECUTED_TRADE,2025-12-01T00:00:00,2025-12-01_20m_PRINT_LONG_0952,-1.0,1,-0.21435874883148115,-0.062411937577460136,2025-12,18,-0.3356519658684758,-6.041735385632564
POST-VALIDATION DIAGNOSTIC — NOT CONFIRMATORY,VALIDATION,MNQ_ORB_V01_CAND_002,EXECUTED_TRADE,2025-12-02T00:00:00,2025-12-02_20m_PRINT_LONG_1001,-1.0,1,-0.2904271248998572,-0.062411937577460136,2025-12,18,-0.3356519658684758,-6.041735385632564
POST-VALIDATION DIAGNOSTIC — NOT CONFIRMATORY,VALIDATION,MNQ_ORB_V01_CAND_002,EXECUTED_TRADE,2025-12-03T00:00:00,2025-12-03_20m_PRINT_SHORT_0954,-1.0,1,-0.2904271248998572,-0.14123546698922484,2025-12,18,-0.3356519658684758,-6.041735385632564
POST-VALIDATION DIAGNOSTIC — NOT CONFIRMATORY,VALIDATION,MNQ_ORB_V01_CAND_002,EXECUTED_TRADE,2025-12-04T00:00:00,2025-12-04_20m_PRINT_SHORT_0959,-1.0,1,-0.2904271248998572,-0.2060115863922099,2025-12,18,-0.3356519658684758,-6.041735385632564
POST-VALIDATION DIAGNOSTIC — NOT CONFIRMATORY,VALIDATION,MNQ_ORB_V01_CAND_002,EXECUTED_TRADE,2025-12-05T00:00:00,2025-12-05_20m_PRINT_LONG_0954,1.2820512820512822,1,-0.2832792707769141,-0.2119495081196053,2025-12,18,-0.3356519658684758,-6.041735385632564
POST-VALIDATION DIAGNOSTIC — NOT CONFIRMATORY,VALIDATION,MNQ_ORB_V01_CAND_002,EXECUTED_TRADE,2025-12-08T00:00:00,2025-12-08_20m_PRINT_SHORT_1016,1.079136690647482,1,-0.21397471442199803,-0.20953610338013814,2025-12,18,-0.3356519658684758,-6.041735385632564
POST-VALIDATION DIAGNOSTIC — NOT CONFIRMATORY,VALIDATION,MNQ_ORB_V01_CAND_002,EXECUTED_TRADE,2025-12-09T00:00:00,2025-12-09_20m_PRINT_LONG_1003,1.6129032258064515,1,-0.12687794022844967,-0.1572780388640091,2025-12,18,-0.3356519658684758,-6.041735385632564
POST-VALIDATION DIAGNOSTIC — NOT CONFIRMATORY,VALIDATION,MNQ_ORB_V01_CAND_002,EXECUTED_TRADE,2025-12-10T00:00:00,2025-12-10_20m_PRINT_SHORT_1041,-1.0,1,-0.12687794022844967,-0.1572780388640091,2025-12,18,-0.3356519658684758,-6.041735385632564
POST-VALIDATION DIAGNOSTIC — NOT CONFIRMATORY,VALIDATION,MNQ_ORB_V01_CAND_002,EXECUTED_TRADE,2025-12-11T00:00:00,2025-12-11_20m_PRINT_SHORT_0951,0.9009009009009009,1,-0.06351457686508631,-0.11926002084599106,2025-12,18,-0.3356519658684758,-6.041735385632564
POST-VALIDATION DIAGNOSTIC — NOT CONFIRMATORY,VALIDATION,MNQ_ORB_V01_CAND_002,EXECUTED_TRADE,2025-12-12T00:00:00,2025-12-12_20m_PRINT_SHORT_0951,-1.0,1,-0.06351457686508631,-0.11926002084599105,2025-12,18,-0.3356519658684758,-6.041735385632564
POST-VALIDATION DIAGNOSTIC — NOT CONFIRMATORY,VALIDATION,MNQ_ORB_V01_CAND_002,EXECUTED_TRADE,2025-12-19T00:00:00,2025-12-19_20m_PRINT_LONG_1001,-1.0,1,-0.13995135847428172,-0.11926002084599105,2025-12,18,-0.3356519658684758,-6.041735385632564
POST-VALIDATION DIAGNOSTIC — NOT CONFIRMATORY,VALIDATION,MNQ_ORB_V01_CAND_002,EXECUTED_TRADE,2025-12-22T00:00:00,2025-12-22_20m_PRINT_SHORT_1032,-0.27419354838709675,1,-0.19007474997789534,-0.10474389181373299,2025-12,18,-0.3356519658684758,-6.041735385632564
POST-VALIDATION DIAGNOSTIC — NOT CONFIRMATORY,VALIDATION,MNQ_ORB_V01_CAND_002,EXECUTED_TRADE,2025-12-23T00:00:00,2025-12-23_20m_PRINT_SHORT_1004,-1.0,1,-0.26114393236783245,-0.104743891813733,2025-12,18,-0.3356519658684758,-6.041735385632564
POST-VALIDATION DIAGNOSTIC — NOT CONFIRMATORY,VALIDATION,MNQ_ORB_V01_CAND_002,EXECUTED_TRADE,2025-12-24T00:00:00,2025-12-24_20m_PRINT_LONG_1011,-1.0,1,-0.34498231620621633,-0.104743891813733,2025-12,18,-0.3356519658684758,-6.041735385632564
POST-VALIDATION DIAGNOSTIC — NOT CONFIRMATORY,VALIDATION,MNQ_ORB_V01_CAND_002,EXECUTED_TRADE,2025-12-26T00:00:00,2025-12-26_20m_PRINT_SHORT_1002,-1.0,1,-0.34498231620621633,-0.15717632424616543,2025-12,18,-0.3356519658684758,-6.041735385632564
POST-VALIDATION DIAGNOSTIC — NOT CONFIRMATORY,VALIDATION,MNQ_ORB_V01_CAND_002,EXECUTED_TRADE,2025-12-29T00:00:00,2025-12-29_20m_PRINT_SHORT_1015,-1.0,1,-0.34498231620621633,-0.21421336128320248,2025-12,18,-0.3356519658684758,-6.041735385632564
POST-VALIDATION DIAGNOSTIC — NOT CONFIRMATORY,VALIDATION,MNQ_ORB_V01_CAND_002,EXECUTED_TRADE,2025-12-30T00:00:00,2025-12-30_20m_PRINT_LONG_0951,-1.0,1,-0.34498231620621633,-0.21421336128320248,2025-12,18,-0.3356519658684758,-6.041735385632564
POST-VALIDATION DIAGNOSTIC — NOT CONFIRMATORY,VALIDATION,MNQ_ORB_V01_CAND_002,EXECUTED_TRADE,2025-12-31T00:00:00,2025-12-31_20m_PRINT_SHORT_1019,1.3574660633484164,1,-0.3235997958766231,-0.20079401713293893,2025-12,18,-0.3356519658684758,-6.041735385632564
POST-VALIDATION DIAGNOSTIC — NOT CONFIRMATORY,VALIDATION,MNQ_ORB_V01_CAND_003,EXECUTED_TRADE,2025-07-01T00:00:00,2025-07-01_30m_PRINT_LONG_1016,-1.0,1,,,2025-07,23,-0.30380434782608695,-6.9875
POST-VALIDATION DIAGNOSTIC — NOT CONFIRMATORY,VALIDATION,MNQ_ORB_V01_CAND_003,EXECUTED_TRADE,2025-07-02T00:00:00,2025-07-02_30m_PRINT_LONG_1003,1.875,1,,,2025-07,23,-0.30380434782608695,-6.9875
POST-VALIDATION DIAGNOSTIC — NOT CONFIRMATORY,VALIDATION,MNQ_ORB_V01_CAND_003,EXECUTED_TRADE,2025-07-03T00:00:00,2025-07-03_30m_PRINT_LONG_1001,1.875,1,,,2025-07,23,-0.30380434782608695,-6.9875
POST-VALIDATION DIAGNOSTIC — NOT CONFIRMATORY,VALIDATION,MNQ_ORB_V01_CAND_003,EXECUTED_TRADE,2025-07-04T00:00:00,2025-07-04_30m_PRINT_LONG_1031,-0.725,1,,,2025-07,23,-0.30380434782608695,-6.9875
POST-VALIDATION DIAGNOSTIC — NOT CONFIRMATORY,VALIDATION,MNQ_ORB_V01_CAND_003,EXECUTED_TRADE,2025-07-07T00:00:00,2025-07-07_30m_PRINT_SHORT_1054,-1.0,1,,,2025-07,23,-0.30380434782608695,-6.9875
POST-VALIDATION DIAGNOSTIC — NOT CONFIRMATORY,VALIDATION,MNQ_ORB_V01_CAND_003,EXECUTED_TRADE,2025-07-08T00:00:00,2025-07-08_30m_PRINT_SHORT_1001,-1.0,1,,,2025-07,23,-0.30380434782608695,-6.9875
POST-VALIDATION DIAGNOSTIC — NOT CONFIRMATORY,VALIDATION,MNQ_ORB_V01_CAND_003,EXECUTED_TRADE,2025-07-09T00:00:00,2025-07-09_30m_PRINT_LONG_1001,-1.0,1,,,2025-07,23,-0.30380434782608695,-6.9875
POST-VALIDATION DIAGNOSTIC — NOT CONFIRMATORY,VALIDATION,MNQ_ORB_V01_CAND_003,EXECUTED_TRADE,2025-07-10T00:00:00,2025-07-10_30m_PRINT_SHORT_1001,-1.0,1,,,2025-07,23,-0.30380434782608695,-6.9875
POST-VALIDATION DIAGNOSTIC — NOT CONFIRMATORY,VALIDATION,MNQ_ORB_V01_CAND_003,EXECUTED_TRADE,2025-07-11T00:00:00,2025-07-11_30m_PRINT_LONG_1003,-1.0,1,,,2025-07,23,-0.30380434782608695,-6.9875
POST-VALIDATION DIAGNOSTIC — NOT CONFIRMATORY,VALIDATION,MNQ_ORB_V01_CAND_003,EXECUTED_TRADE,2025-07-14T00:00:00,2025-07-14_30m_PRINT_LONG_1022,-1.0,1,,,2025-07,23,-0.30380434782608695,-6.9875
POST-VALIDATION DIAGNOSTIC — NOT CONFIRMATORY,VALIDATION,MNQ_ORB_V01_CAND_003,EXECUTED_TRADE,2025-07-15T00:00:00,2025-07-15_30m_PRINT_SHORT_1001,-1.0,1,,,2025-07,23,-0.30380434782608695,-6.9875
POST-VALIDATION DIAGNOSTIC — NOT CONFIRMATORY,VALIDATION,MNQ_ORB_V01_CAND_003,EXECUTED_TRADE,2025-07-16T00:00:00,2025-07-16_30m_PRINT_SHORT_1007,-1.0,1,,,2025-07,23,-0.30380434782608695,-6.9875
POST-VALIDATION DIAGNOSTIC — NOT CONFIRMATORY,VALIDATION,MNQ_ORB_V01_CAND_003,EXECUTED_TRADE,2025-07-17T00:00:00,2025-07-17_30m_PRINT_LONG_1001,-1.0,1,,,2025-07,23,-0.30380434782608695,-6.9875
POST-VALIDATION DIAGNOSTIC — NOT CONFIRMATORY,VALIDATION,MNQ_ORB_V01_CAND_003,EXECUTED_TRADE,2025-07-18T00:00:00,2025-07-18_30m_PRINT_SHORT_1005,1.875,1,,,2025-07,23,-0.30380434782608695,-6.9875
POST-VALIDATION DIAGNOSTIC — NOT CONFIRMATORY,VALIDATION,MNQ_ORB_V01_CAND_003,EXECUTED_TRADE,2025-07-21T00:00:00,2025-07-21_30m_PRINT_LONG_1001,-1.0,1,,,2025-07,23,-0.30380434782608695,-6.9875
POST-VALIDATION DIAGNOSTIC — NOT CONFIRMATORY,VALIDATION,MNQ_ORB_V01_CAND_003,EXECUTED_TRADE,2025-07-22T00:00:00,2025-07-22_30m_PRINT_SHORT_1001,-1.0,1,,,2025-07,23,-0.30380434782608695,-6.9875
POST-VALIDATION DIAGNOSTIC — NOT CONFIRMATORY,VALIDATION,MNQ_ORB_V01_CAND_003,EXECUTED_TRADE,2025-07-23T00:00:00,2025-07-23_30m_PRINT_SHORT_1001,-1.0,1,,,2025-07,23,-0.30380434782608695,-6.9875
POST-VALIDATION DIAGNOSTIC — NOT CONFIRMATORY,VALIDATION,MNQ_ORB_V01_CAND_003,EXECUTED_TRADE,2025-07-24T00:00:00,2025-07-24_30m_PRINT_SHORT_1010,-1.0,1,,,2025-07,23,-0.30380434782608695,-6.9875
POST-VALIDATION DIAGNOSTIC — NOT CONFIRMATORY,VALIDATION,MNQ_ORB_V01_CAND_003,EXECUTED_TRADE,2025-07-25T00:00:00,2025-07-25_30m_PRINT_LONG_1003,0.3625,1,,,2025-07,23,-0.30380434782608695,-6.9875
POST-VALIDATION DIAGNOSTIC — NOT CONFIRMATORY,VALIDATION,MNQ_ORB_V01_CAND_003,EXECUTED_TRADE,2025-07-28T00:00:00,2025-07-28_30m_PRINT_LONG_1009,-1.0,1,,,2025-07,23,-0.30380434782608695,-6.9875
POST-VALIDATION DIAGNOSTIC — NOT CONFIRMATORY,VALIDATION,MNQ_ORB_V01_CAND_003,EXECUTED_TRADE,2025-07-29T00:00:00,2025-07-29_30m_PRINT_SHORT_1007,1.875,1,,,2025-07,23,-0.30380434782608695,-6.9875
POST-VALIDATION DIAGNOSTIC — NOT CONFIRMATORY,VALIDATION,MNQ_ORB_V01_CAND_003,EXECUTED_TRADE,2025-07-30T00:00:00,2025-07-30_30m_PRINT_LONG_1033,-1.0,1,,,2025-07,23,-0.30380434782608695,-6.9875
POST-VALIDATION DIAGNOSTIC — NOT CONFIRMATORY,VALIDATION,MNQ_ORB_V01_CAND_003,EXECUTED_TRADE,2025-07-31T00:00:00,2025-07-31_30m_PRINT_SHORT_1038,1.875,1,,,2025-07,23,-0.30380434782608695,-6.9875
POST-VALIDATION DIAGNOSTIC — NOT CONFIRMATORY,VALIDATION,MNQ_ORB_V01_CAND_003,EXECUTED_TRADE,2025-08-01T00:00:00,2025-08-01_30m_PRINT_SHORT_1001,-1.0,1,,,2025-08,19,0.21052631578947367,4.0
POST-VALIDATION DIAGNOSTIC — NOT CONFIRMATORY,VALIDATION,MNQ_ORB_V01_CAND_003,EXECUTED_TRADE,2025-08-04T00:00:00,2025-08-04_30m_PRINT_LONG_1001,-1.0,1,,,2025-08,19,0.21052631578947367,4.0
POST-VALIDATION DIAGNOSTIC — NOT CONFIRMATORY,VALIDATION,MNQ_ORB_V01_CAND_003,EXECUTED_TRADE,2025-08-05T00:00:00,2025-08-05_30m_PRINT_SHORT_1018,1.875,1,,,2025-08,19,0.21052631578947367,4.0
POST-VALIDATION DIAGNOSTIC — NOT CONFIRMATORY,VALIDATION,MNQ_ORB_V01_CAND_003,EXECUTED_TRADE,2025-08-06T00:00:00,2025-08-06_30m_PRINT_LONG_1003,-1.0,1,,,2025-08,19,0.21052631578947367,4.0
POST-VALIDATION DIAGNOSTIC — NOT CONFIRMATORY,VALIDATION,MNQ_ORB_V01_CAND_003,EXECUTED_TRADE,2025-08-07T00:00:00,2025-08-07_30m_PRINT_LONG_1001,-1.0,1,,,2025-08,19,0.21052631578947367,4.0
POST-VALIDATION DIAGNOSTIC — NOT CONFIRMATORY,VALIDATION,MNQ_ORB_V01_CAND_003,EXECUTED_TRADE,2025-08-08T00:00:00,2025-08-08_30m_PRINT_LONG_1002,1.875,1,,,2025-08,19,0.21052631578947367,4.0
POST-VALIDATION DIAGNOSTIC — NOT CONFIRMATORY,VALIDATION,MNQ_ORB_V01_CAND_003,EXECUTED_TRADE,2025-08-11T00:00:00,2025-08-11_30m_PRINT_LONG_1001,-1.0,1,-0.27458333333333335,,2025-08,19,0.21052631578947367,4.0
POST-VALIDATION DIAGNOSTIC — NOT CONFIRMATORY,VALIDATION,MNQ_ORB_V01_CAND_003,EXECUTED_TRADE,2025-08-12T00:00:00,2025-08-12_30m_PRINT_SHORT_1001,-1.0,1,-0.27458333333333335,,2025-08,19,0.21052631578947367,4.0
POST-VALIDATION DIAGNOSTIC — NOT CONFIRMATORY,VALIDATION,MNQ_ORB_V01_CAND_003,EXECUTED_TRADE,2025-08-13T00:00:00,2025-08-13_30m_PRINT_SHORT_1001,1.875,1,-0.27458333333333335,,2025-08,19,0.21052631578947367,4.0
POST-VALIDATION DIAGNOSTIC — NOT CONFIRMATORY,VALIDATION,MNQ_ORB_V01_CAND_003,EXECUTED_TRADE,2025-08-14T00:00:00,2025-08-14_30m_PRINT_LONG_1031,-1.0,1,-0.37041666666666667,,2025-08,19,0.21052631578947367,4.0
POST-VALIDATION DIAGNOSTIC — NOT CONFIRMATORY,VALIDATION,MNQ_ORB_V01_CAND_003,EXECUTED_TRADE,2025-08-15T00:00:00,2025-08-15_30m_PRINT_SHORT_1001,-1.0,1,-0.3795833333333334,,2025-08,19,0.21052631578947367,4.0
POST-VALIDATION DIAGNOSTIC — NOT CONFIRMATORY,VALIDATION,MNQ_ORB_V01_CAND_003,EXECUTED_TRADE,2025-08-18T00:00:00,2025-08-18_30m_PRINT_LONG_1025,-1.0,1,-0.3795833333333334,,2025-08,19,0.21052631578947367,4.0
POST-VALIDATION DIAGNOSTIC — NOT CONFIRMATORY,VALIDATION,MNQ_ORB_V01_CAND_003,EXECUTED_TRADE,2025-08-19T00:00:00,2025-08-19_30m_PRINT_SHORT_1029,1.875,1,-0.28375000000000006,,2025-08,19,0.21052631578947367,4.0
POST-VALIDATION DIAGNOSTIC — NOT CONFIRMATORY,VALIDATION,MNQ_ORB_V01_CAND_003,EXECUTED_TRADE,2025-08-20T00:00:00,2025-08-20_30m_PRINT_SHORT_1006,1.875,1,-0.18791666666666668,,2025-08,19,0.21052631578947367,4.0
POST-VALIDATION DIAGNOSTIC — NOT CONFIRMATORY,VALIDATION,MNQ_ORB_V01_CAND_003,EXECUTED_TRADE,2025-08-21T00:00:00,2025-08-21_30m_PRINT_LONG_1013,-1.0,1,-0.18791666666666665,,2025-08,19,0.21052631578947367,4.0
POST-VALIDATION DIAGNOSTIC — NOT CONFIRMATORY,VALIDATION,MNQ_ORB_V01_CAND_003,EXECUTED_TRADE,2025-08-25T00:00:00,2025-08-25_30m_PRINT_LONG_1001,1.875,1,-0.09208333333333331,,2025-08,19,0.21052631578947367,4.0
POST-VALIDATION DIAGNOSTIC — NOT CONFIRMATORY,VALIDATION,MNQ_ORB_V01_CAND_003,EXECUTED_TRADE,2025-08-26T00:00:00,2025-08-26_30m_PRINT_LONG_1011,1.875,1,0.0037500000000000016,,2025-08,19,0.21052631578947367,4.0
POST-VALIDATION DIAGNOSTIC — NOT CONFIRMATORY,VALIDATION,MNQ_ORB_V01_CAND_003,EXECUTED_TRADE,2025-08-27T00:00:00,2025-08-27_30m_PRINT_LONG_1015,1.875,1,0.09958333333333333,,2025-08,19,0.21052631578947367,4.0
POST-VALIDATION DIAGNOSTIC — NOT CONFIRMATORY,VALIDATION,MNQ_ORB_V01_CAND_003,EXECUTED_TRADE,2025-08-28T00:00:00,2025-08-28_30m_PRINT_LONG_1117,-1.0,1,0.09958333333333333,,2025-08,19,0.21052631578947367,4.0
POST-VALIDATION DIAGNOSTIC — NOT CONFIRMATORY,VALIDATION,MNQ_ORB_V01_CAND_003,EXECUTED_TRADE,2025-09-01T00:00:00,2025-09-01_30m_PRINT_LONG_1106,0.19375,1,0.139375,,2025-09,17,-0.08419117647058823,-1.43125
POST-VALIDATION DIAGNOSTIC — NOT CONFIRMATORY,VALIDATION,MNQ_ORB_V01_CAND_003,EXECUTED_TRADE,2025-09-02T00:00:00,2025-09-02_30m_PRINT_LONG_1001,-1.0,1,0.04354166666666667,,2025-09,17,-0.08419117647058823,-1.43125
POST-VALIDATION DIAGNOSTIC — NOT CONFIRMATORY,VALIDATION,MNQ_ORB_V01_CAND_003,EXECUTED_TRADE,2025-09-03T00:00:00,2025-09-03_30m_PRINT_LONG_1005,-1.0,1,0.04354166666666668,,2025-09,17,-0.08419117647058823,-1.43125
POST-VALIDATION DIAGNOSTIC — NOT CONFIRMATORY,VALIDATION,MNQ_ORB_V01_CAND_003,EXECUTED_TRADE,2025-09-04T00:00:00,2025-09-04_30m_PRINT_SHORT_1003,-1.0,1,0.04354166666666668,,2025-09,17,-0.08419117647058823,-1.43125
POST-VALIDATION DIAGNOSTIC — NOT CONFIRMATORY,VALIDATION,MNQ_ORB_V01_CAND_003,EXECUTED_TRADE,2025-09-05T00:00:00,2025-09-05_30m_PRINT_SHORT_1001,1.875,1,0.139375,,2025-09,17,-0.08419117647058823,-1.43125
POST-VALIDATION DIAGNOSTIC — NOT CONFIRMATORY,VALIDATION,MNQ_ORB_V01_CAND_003,EXECUTED_TRADE,2025-09-08T00:00:00,2025-09-08_30m_PRINT_LONG_1033,-1.0,1,0.139375,,2025-09,17,-0.08419117647058823,-1.43125
POST-VALIDATION DIAGNOSTIC — NOT CONFIRMATORY,VALIDATION,MNQ_ORB_V01_CAND_003,EXECUTED_TRADE,2025-09-09T00:00:00,2025-09-09_30m_PRINT_SHORT_1001,-1.0,1,0.09395833333333334,,2025-09,17,-0.08419117647058823,-1.43125
POST-VALIDATION DIAGNOSTIC — NOT CONFIRMATORY,VALIDATION,MNQ_ORB_V01_CAND_003,EXECUTED_TRADE,2025-09-11T00:00:00,2025-09-11_30m_PRINT_LONG_1007,-1.0,1,0.09395833333333334,-0.138375,2025-09,17,-0.08419117647058823,-1.43125
POST-VALIDATION DIAGNOSTIC — NOT CONFIRMATORY,VALIDATION,MNQ_ORB_V01_CAND_003,EXECUTED_TRADE,2025-09-12T00:00:00,2025-09-12_30m_PRINT_LONG_1022,1.875,1,0.09395833333333334,-0.080875,2025-09,17,-0.08419117647058823,-1.43125
POST-VALIDATION DIAGNOSTIC — NOT CONFIRMATORY,VALIDATION,MNQ_ORB_V01_CAND_003,EXECUTED_TRADE,2025-09-19T00:00:00,2025-09-19_30m_PRINT_SHORT_1048,-1.0,1,0.09395833333333334,-0.138375,2025-09,17,-0.08419117647058823,-1.43125
POST-VALIDATION DIAGNOSTIC — NOT CONFIRMATORY,VALIDATION,MNQ_ORB_V01_CAND_003,EXECUTED_TRADE,2025-09-22T00:00:00,2025-09-22_30m_PRINT_LONG_1003,1.875,1,0.09395833333333334,-0.138375,2025-09,17,-0.08419117647058823,-1.43125
POST-VALIDATION DIAGNOSTIC — NOT CONFIRMATORY,VALIDATION,MNQ_ORB_V01_CAND_003,EXECUTED_TRADE,2025-09-23T00:00:00,2025-09-23_30m_PRINT_SHORT_1001,-1.0,1,0.09395833333333334,-0.143875,2025-09,17,-0.08419117647058823,-1.43125
POST-VALIDATION DIAGNOSTIC — NOT CONFIRMATORY,VALIDATION,MNQ_ORB_V01_CAND_003,EXECUTED_TRADE,2025-09-24T00:00:00,2025-09-24_30m_PRINT_SHORT_1111,1.875,1,0.18979166666666666,-0.086375,2025-09,17,-0.08419117647058823,-1.43125
POST-VALIDATION DIAGNOSTIC — NOT CONFIRMATORY,VALIDATION,MNQ_ORB_V01_CAND_003,EXECUTED_TRADE,2025-09-25T00:00:00,2025-09-25_30m_PRINT_LONG_1011,1.875,1,0.18979166666666666,-0.028875,2025-09,17,-0.08419117647058823,-1.43125
POST-VALIDATION DIAGNOSTIC — NOT CONFIRMATORY,VALIDATION,MNQ_ORB_V01_CAND_003,EXECUTED_TRADE,2025-09-26T00:00:00,2025-09-26_30m_PRINT_LONG_1001,-1.0,1,0.18979166666666666,-0.028875,2025-09,17,-0.08419117647058823,-1.43125
POST-VALIDATION DIAGNOSTIC — NOT CONFIRMATORY,VALIDATION,MNQ_ORB_V01_CAND_003,EXECUTED_TRADE,2025-09-29T00:00:00,2025-09-29_30m_PRINT_LONG_1001,-1.0,1,0.18979166666666666,-0.028875,2025-09,17,-0.08419117647058823,-1.43125
POST-VALIDATION DIAGNOSTIC — NOT CONFIRMATORY,VALIDATION,MNQ_ORB_V01_CAND_003,EXECUTED_TRADE,2025-09-30T00:00:00,2025-09-30_30m_PRINT_LONG_1049,-1.0,1,0.09395833333333334,-0.028875,2025-09,17,-0.08419117647058823,-1.43125
POST-VALIDATION DIAGNOSTIC — NOT CONFIRMATORY,VALIDATION,MNQ_ORB_V01_CAND_003,EXECUTED_TRADE,2025-10-01T00:00:00,2025-10-01_30m_PRINT_LONG_1019,1.875,1,0.18979166666666666,0.028624999999999998,2025-10,21,0.09523809523809523,2.0
POST-VALIDATION DIAGNOSTIC — NOT CONFIRMATORY,VALIDATION,MNQ_ORB_V01_CAND_003,EXECUTED_TRADE,2025-10-02T00:00:00,2025-10-02_30m_PRINT_SHORT_1101,-1.0,1,0.18979166666666666,0.028624999999999998,2025-10,21,0.09523809523809523,2.0
POST-VALIDATION DIAGNOSTIC — NOT CONFIRMATORY,VALIDATION,MNQ_ORB_V01_CAND_003,EXECUTED_TRADE,2025-10-03T00:00:00,2025-10-03_30m_PRINT_SHORT_1001,-1.0,1,0.09395833333333334,0.028624999999999998,2025-10,21,0.09523809523809523,2.0
POST-VALIDATION DIAGNOSTIC — NOT CONFIRMATORY,VALIDATION,MNQ_ORB_V01_CAND_003,EXECUTED_TRADE,2025-10-06T00:00:00,2025-10-06_30m_PRINT_SHORT_1043,-1.0,1,0.09395833333333334,0.028624999999999998,2025-10,21,0.09523809523809523,2.0
POST-VALIDATION DIAGNOSTIC — NOT CONFIRMATORY,VALIDATION,MNQ_ORB_V01_CAND_003,EXECUTED_TRADE,2025-10-07T00:00:00,2025-10-07_30m_PRINT_SHORT_1004,-1.0,1,0.09395833333333334,-0.028875,2025-10,21,0.09523809523809523,2.0
POST-VALIDATION DIAGNOSTIC — NOT CONFIRMATORY,VALIDATION,MNQ_ORB_V01_CAND_003,EXECUTED_TRADE,2025-10-08T00:00:00,2025-10-08_30m_PRINT_LONG_1001,1.875,1,0.18979166666666666,0.028624999999999998,2025-10,21,0.09523809523809523,2.0
POST-VALIDATION DIAGNOSTIC — NOT CONFIRMATORY,VALIDATION,MNQ_ORB_V01_CAND_003,EXECUTED_TRADE,2025-10-09T00:00:00,2025-10-09_30m_PRINT_SHORT_1022,1.875,1,0.18979166666666666,0.08612500000000001,2025-10,21,0.09523809523809523,2.0
POST-VALIDATION DIAGNOSTIC — NOT CONFIRMATORY,VALIDATION,MNQ_ORB_V01_CAND_003,EXECUTED_TRADE,2025-10-13T00:00:00,2025-10-13_30m_PRINT_LONG_1001,-1.0,1,0.09395833333333334,0.08612500000000001,2025-10,21,0.09523809523809523,2.0
POST-VALIDATION DIAGNOSTIC — NOT CONFIRMATORY,VALIDATION,MNQ_ORB_V01_CAND_003,EXECUTED_TRADE,2025-10-14T00:00:00,2025-10-14_30m_PRINT_LONG_1021,1.875,1,0.18979166666666666,0.143625,2025-10,21,0.09523809523809523,2.0
POST-VALIDATION DIAGNOSTIC — NOT CONFIRMATORY,VALIDATION,MNQ_ORB_V01_CAND_003,EXECUTED_TRADE,2025-10-15T00:00:00,2025-10-15_30m_PRINT_LONG_1001,1.875,1,0.18979166666666666,0.173875,2025-10,21,0.09523809523809523,2.0
POST-VALIDATION DIAGNOSTIC — NOT CONFIRMATORY,VALIDATION,MNQ_ORB_V01_CAND_003,EXECUTED_TRADE,2025-10-16T00:00:00,2025-10-16_30m_PRINT_SHORT_1013,-1.0,1,0.09395833333333334,0.173875,2025-10,21,0.09523809523809523,2.0
POST-VALIDATION DIAGNOSTIC — NOT CONFIRMATORY,VALIDATION,MNQ_ORB_V01_CAND_003,EXECUTED_TRADE,2025-10-17T00:00:00,2025-10-17_30m_PRINT_LONG_1013,-1.0,1,-0.0018749999999999971,0.11637499999999999,2025-10,21,0.09523809523809523,2.0
POST-VALIDATION DIAGNOSTIC — NOT CONFIRMATORY,VALIDATION,MNQ_ORB_V01_CAND_003,EXECUTED_TRADE,2025-10-20T00:00:00,2025-10-20_30m_PRINT_LONG_1005,1.875,1,0.09395833333333334,0.173875,2025-10,21,0.09523809523809523,2.0
POST-VALIDATION DIAGNOSTIC — NOT CONFIRMATORY,VALIDATION,MNQ_ORB_V01_CAND_003,EXECUTED_TRADE,2025-10-21T00:00:00,2025-10-21_30m_PRINT_SHORT_1003,-1.0,1,0.05416666666666667,0.11637499999999999,2025-10,21,0.09523809523809523,2.0
POST-VALIDATION DIAGNOSTIC — NOT CONFIRMATORY,VALIDATION,MNQ_ORB_V01_CAND_003,EXECUTED_TRADE,2025-10-22T00:00:00,2025-10-22_30m_PRINT_SHORT_1028,1.875,1,0.15,0.173875,2025-10,21,0.09523809523809523,2.0
POST-VALIDATION DIAGNOSTIC — NOT CONFIRMATORY,VALIDATION,MNQ_ORB_V01_CAND_003,EXECUTED_TRADE,2025-10-23T00:00:00,2025-10-23_30m_PRINT_LONG_1037,-1.0,1,0.15,0.173875,2025-10,21,0.09523809523809523,2.0
POST-VALIDATION DIAGNOSTIC — NOT CONFIRMATORY,VALIDATION,MNQ_ORB_V01_CAND_003,EXECUTED_TRADE,2025-10-27T00:00:00,2025-10-27_30m_PRINT_LONG_1002,1.875,1,0.24583333333333332,0.173875,2025-10,21,0.09523809523809523,2.0
POST-VALIDATION DIAGNOSTIC — NOT CONFIRMATORY,VALIDATION,MNQ_ORB_V01_CAND_003,EXECUTED_TRADE,2025-10-28T00:00:00,2025-10-28_30m_PRINT_SHORT_1032,-1.0,1,0.15,0.173875,2025-10,21,0.09523809523809523,2.0
POST-VALIDATION DIAGNOSTIC — NOT CONFIRMATORY,VALIDATION,MNQ_ORB_V01_CAND_003,EXECUTED_TRADE,2025-10-29T00:00:00,2025-10-29_30m_PRINT_LONG_1001,-1.0,1,0.15,0.173875,2025-10,21,0.09523809523809523,2.0
POST-VALIDATION DIAGNOSTIC — NOT CONFIRMATORY,VALIDATION,MNQ_ORB_V01_CAND_003,EXECUTED_TRADE,2025-10-30T00:00:00,2025-10-30_30m_PRINT_LONG_1001,-1.0,1,0.15,0.11637499999999999,2025-10,21,0.09523809523809523,2.0
POST-VALIDATION DIAGNOSTIC — NOT CONFIRMATORY,VALIDATION,MNQ_ORB_V01_CAND_003,EXECUTED_TRADE,2025-10-31T00:00:00,2025-10-31_30m_PRINT_SHORT_1005,-1.0,1,0.15,0.11637499999999999,2025-10,21,0.09523809523809523,2.0
POST-VALIDATION DIAGNOSTIC — NOT CONFIRMATORY,VALIDATION,MNQ_ORB_V01_CAND_003,EXECUTED_TRADE,2025-11-03T00:00:00,2025-11-03_30m_PRINT_SHORT_1001,1.875,1,0.15,0.173875,2025-11,19,-0.05625,-1.06875
POST-VALIDATION DIAGNOSTIC — NOT CONFIRMATORY,VALIDATION,MNQ_ORB_V01_CAND_003,EXECUTED_TRADE,2025-11-04T00:00:00,2025-11-04_30m_PRINT_LONG_1001,-1.0,1,0.15,0.11637499999999999,2025-11,19,-0.05625,-1.06875
POST-VALIDATION DIAGNOSTIC — NOT CONFIRMATORY,VALIDATION,MNQ_ORB_V01_CAND_003,EXECUTED_TRADE,2025-11-05T00:00:00,2025-11-05_30m_PRINT_LONG_1001,-1.0,1,0.05416666666666667,0.11637499999999999,2025-11,19,-0.05625,-1.06875
POST-VALIDATION DIAGNOSTIC — NOT CONFIRMATORY,VALIDATION,MNQ_ORB_V01_CAND_003,EXECUTED_TRADE,2025-11-06T00:00:00,2025-11-06_30m_PRINT_SHORT_1001,1.875,1,0.15,0.173875,2025-11,19,-0.05625,-1.06875
POST-VALIDATION DIAGNOSTIC — NOT CONFIRMATORY,VALIDATION,MNQ_ORB_V01_CAND_003,EXECUTED_TRADE,2025-11-07T00:00:00,2025-11-07_30m_PRINT_SHORT_1007,-1.0,1,0.05416666666666667,0.173875,2025-11,19,-0.05625,-1.06875
POST-VALIDATION DIAGNOSTIC — NOT CONFIRMATORY,VALIDATION,MNQ_ORB_V01_CAND_003,EXECUTED_TRADE,2025-11-10T00:00:00,2025-11-10_30m_PRINT_LONG_1011,-1.0,1,-0.041666666666666664,0.11637499999999999,2025-11,19,-0.05625,-1.06875
POST-VALIDATION DIAGNOSTIC — NOT CONFIRMATORY,VALIDATION,MNQ_ORB_V01_CAND_003,EXECUTED_TRADE,2025-11-11T00:00:00,2025-11-11_30m_PRINT_SHORT_1007,1.875,1,0.05416666666666667,0.11637499999999999,2025-11,19,-0.05625,-1.06875
POST-VALIDATION DIAGNOSTIC — NOT CONFIRMATORY,VALIDATION,MNQ_ORB_V01_CAND_003,EXECUTED_TRADE,2025-11-12T00:00:00,2025-11-12_30m_PRINT_SHORT_1037,-1.0,1,0.05416666666666667,0.11637499999999999,2025-11,19,-0.05625,-1.06875
POST-VALIDATION DIAGNOSTIC — NOT CONFIRMATORY,VALIDATION,MNQ_ORB_V01_CAND_003,EXECUTED_TRADE,2025-11-13T00:00:00,2025-11-13_30m_PRINT_SHORT_1046,1.875,1,0.15,0.11637499999999999,2025-11,19,-0.05625,-1.06875
POST-VALIDATION DIAGNOSTIC — NOT CONFIRMATORY,VALIDATION,MNQ_ORB_V01_CAND_003,EXECUTED_TRADE,2025-11-17T00:00:00,2025-11-17_30m_PRINT_SHORT_1117,-1.0,1,0.05416666666666667,0.058875000000000004,2025-11,19,-0.05625,-1.06875
POST-VALIDATION DIAGNOSTIC — NOT CONFIRMATORY,VALIDATION,MNQ_ORB_V01_CAND_003,EXECUTED_TRADE,2025-11-18T00:00:00,2025-11-18_30m_PRINT_SHORT_1001,1.875,1,0.15,0.05887499999999999,2025-11,19,-0.05625,-1.06875
POST-VALIDATION DIAGNOSTIC — NOT CONFIRMATORY,VALIDATION,MNQ_ORB_V01_CAND_003,EXECUTED_TRADE,2025-11-19T00:00:00,2025-11-19_30m_PRINT_LONG_1001,1.875,1,0.24583333333333332,0.11637499999999999,2025-11,19,-0.05625,-1.06875
POST-VALIDATION DIAGNOSTIC — NOT CONFIRMATORY,VALIDATION,MNQ_ORB_V01_CAND_003,EXECUTED_TRADE,2025-11-20T00:00:00,2025-11-20_30m_PRINT_LONG_1001,-1.0,1,0.24583333333333332,0.0925,2025-11,19,-0.05625,-1.06875
POST-VALIDATION DIAGNOSTIC — NOT CONFIRMATORY,VALIDATION,MNQ_ORB_V01_CAND_003,EXECUTED_TRADE,2025-11-21T00:00:00,2025-11-21_30m_PRINT_SHORT_1003,-1.0,1,0.24583333333333332,0.0925,2025-11,19,-0.05625,-1.06875
POST-VALIDATION DIAGNOSTIC — NOT CONFIRMATORY,VALIDATION,MNQ_ORB_V01_CAND_003,EXECUTED_TRADE,2025-11-24T00:00:00,2025-11-24_30m_PRINT_LONG_1003,-1.0,1,0.15,0.0925,2025-11,19,-0.05625,-1.06875
POST-VALIDATION DIAGNOSTIC — NOT CONFIRMATORY,VALIDATION,MNQ_ORB_V01_CAND_003,EXECUTED_TRADE,2025-11-25T00:00:00,2025-11-25_30m_PRINT_LONG_1123,-1.0,1,0.05416666666666667,0.0925,2025-11,19,-0.05625,-1.06875
POST-VALIDATION DIAGNOSTIC — NOT CONFIRMATORY,VALIDATION,MNQ_ORB_V01_CAND_003,EXECUTED_TRADE,2025-11-26T00:00:00,2025-11-26_30m_PRINT_SHORT_1001,-1.0,1,0.05416666666666667,0.034999999999999996,2025-11,19,-0.05625,-1.06875
POST-VALIDATION DIAGNOSTIC — NOT CONFIRMATORY,VALIDATION,MNQ_ORB_V01_CAND_003,EXECUTED_TRADE,2025-11-27T00:00:00,2025-11-27_30m_PRINT_SHORT_1105,-0.31875,1,-0.018958333333333334,0.048625,2025-11,19,-0.05625,-1.06875
POST-VALIDATION DIAGNOSTIC — NOT CONFIRMATORY,VALIDATION,MNQ_ORB_V01_CAND_003,EXECUTED_TRADE,2025-11-28T00:00:00,2025-11-28_30m_PRINT_LONG_1107,-1.0,1,-0.11479166666666667,0.04862499999999999,2025-11,19,-0.05625,-1.06875
POST-VALIDATION DIAGNOSTIC — NOT CONFIRMATORY,VALIDATION,MNQ_ORB_V01_CAND_003,EXECUTED_TRADE,2025-12-01T00:00:00,2025-12-01_30m_PRINT_LONG_1001,-1.0,1,-0.11479166666666667,0.04862499999999999,2025-12,18,-0.41770833333333335,-7.51875
POST-VALIDATION DIAGNOSTIC — NOT CONFIRMATORY,VALIDATION,MNQ_ORB_V01_CAND_003,EXECUTED_TRADE,2025-12-02T00:00:00,2025-12-02_30m_PRINT_LONG_1001,-1.0,1,-0.11479166666666667,-0.008875000000000004,2025-12,18,-0.41770833333333335,-7.51875
POST-VALIDATION DIAGNOSTIC — NOT CONFIRMATORY,VALIDATION,MNQ_ORB_V01_CAND_003,EXECUTED_TRADE,2025-12-03T00:00:00,2025-12-03_30m_PRINT_LONG_1003,-1.0,1,-0.21062499999999998,-0.008875000000000004,2025-12,18,-0.41770833333333335,-7.51875
POST-VALIDATION DIAGNOSTIC — NOT CONFIRMATORY,VALIDATION,MNQ_ORB_V01_CAND_003,EXECUTED_TRADE,2025-12-04T00:00:00,2025-12-04_30m_PRINT_SHORT_1026,-1.0,1,-0.21062499999999998,-0.066375,2025-12,18,-0.41770833333333335,-7.51875
POST-VALIDATION DIAGNOSTIC — NOT CONFIRMATORY,VALIDATION,MNQ_ORB_V01_CAND_003,EXECUTED_TRADE,2025-12-05T00:00:00,2025-12-05_30m_PRINT_LONG_1001,-1.0,1,-0.30645833333333333,-0.066375,2025-12,18,-0.41770833333333335,-7.51875
POST-VALIDATION DIAGNOSTIC — NOT CONFIRMATORY,VALIDATION,MNQ_ORB_V01_CAND_003,EXECUTED_TRADE,2025-12-08T00:00:00,2025-12-08_30m_PRINT_SHORT_1016,1.875,1,-0.21062499999999998,-0.06637499999999999,2025-12,18,-0.41770833333333335,-7.51875
POST-VALIDATION DIAGNOSTIC — NOT CONFIRMATORY,VALIDATION,MNQ_ORB_V01_CAND_003,EXECUTED_TRADE,2025-12-09T00:00:00,2025-12-09_30m_PRINT_LONG_1003,1.875,1,-0.21062499999999998,-0.06637499999999999,2025-12,18,-0.41770833333333335,-7.51875
POST-VALIDATION DIAGNOSTIC — NOT CONFIRMATORY,VALIDATION,MNQ_ORB_V01_CAND_003,EXECUTED_TRADE,2025-12-10T00:00:00,2025-12-10_30m_PRINT_SHORT_1041,-1.0,1,-0.21062499999999998,-0.066375,2025-12,18,-0.41770833333333335,-7.51875
POST-VALIDATION DIAGNOSTIC — NOT CONFIRMATORY,VALIDATION,MNQ_ORB_V01_CAND_003,EXECUTED_TRADE,2025-12-11T00:00:00,2025-12-11_30m_PRINT_SHORT_1001,-1.0,1,-0.21062499999999998,-0.066375,2025-12,18,-0.41770833333333335,-7.51875
POST-VALIDATION DIAGNOSTIC — NOT CONFIRMATORY,VALIDATION,MNQ_ORB_V01_CAND_003,EXECUTED_TRADE,2025-12-12T00:00:00,2025-12-12_30m_PRINT_SHORT_1005,1.875,1,-0.11479166666666665,-0.008875000000000001,2025-12,18,-0.41770833333333335,-7.51875
POST-VALIDATION DIAGNOSTIC — NOT CONFIRMATORY,VALIDATION,MNQ_ORB_V01_CAND_003,EXECUTED_TRADE,2025-12-19T00:00:00,2025-12-19_30m_PRINT_LONG_1001,-1.0,1,-0.11479166666666667,-0.066375,2025-12,18,-0.41770833333333335,-7.51875
POST-VALIDATION DIAGNOSTIC — NOT CONFIRMATORY,VALIDATION,MNQ_ORB_V01_CAND_003,EXECUTED_TRADE,2025-12-22T00:00:00,2025-12-22_30m_PRINT_SHORT_1032,-1.0,1,-0.21062499999999998,-0.066375,2025-12,18,-0.41770833333333335,-7.51875
POST-VALIDATION DIAGNOSTIC — NOT CONFIRMATORY,VALIDATION,MNQ_ORB_V01_CAND_003,EXECUTED_TRADE,2025-12-23T00:00:00,2025-12-23_30m_PRINT_SHORT_1004,-1.0,1,-0.21062499999999998,-0.066375,2025-12,18,-0.41770833333333335,-7.51875
POST-VALIDATION DIAGNOSTIC — NOT CONFIRMATORY,VALIDATION,MNQ_ORB_V01_CAND_003,EXECUTED_TRADE,2025-12-24T00:00:00,2025-12-24_30m_PRINT_LONG_1011,0.85625,1,-0.14875,-0.02925,2025-12,18,-0.41770833333333335,-7.51875
POST-VALIDATION DIAGNOSTIC — NOT CONFIRMATORY,VALIDATION,MNQ_ORB_V01_CAND_003,EXECUTED_TRADE,2025-12-26T00:00:00,2025-12-26_30m_PRINT_SHORT_1002,-1.0,1,-0.24458333333333335,-0.02925,2025-12,18,-0.41770833333333335,-7.51875
POST-VALIDATION DIAGNOSTIC — NOT CONFIRMATORY,VALIDATION,MNQ_ORB_V01_CAND_003,EXECUTED_TRADE,2025-12-29T00:00:00,2025-12-29_30m_PRINT_SHORT_1015,-1.0,1,-0.24458333333333335,-0.08675000000000001,2025-12,18,-0.41770833333333335,-7.51875
POST-VALIDATION DIAGNOSTIC — NOT CONFIRMATORY,VALIDATION,MNQ_ORB_V01_CAND_003,EXECUTED_TRADE,2025-12-30T00:00:00,2025-12-30_30m_PRINT_LONG_1121,-1.0,1,-0.24458333333333335,-0.14425000000000002,2025-12,18,-0.41770833333333335,-7.51875
POST-VALIDATION DIAGNOSTIC — NOT CONFIRMATORY,VALIDATION,MNQ_ORB_V01_CAND_003,EXECUTED_TRADE,2025-12-31T00:00:00,2025-12-31_30m_PRINT_SHORT_1019,-1.0,1,-0.3404166666666667,-0.14425000000000002,2025-12,18,-0.41770833333333335,-7.51875
POST-VALIDATION DIAGNOSTIC — NOT CONFIRMATORY,VALIDATION,REGION_15M_FIXED50,SESSION_REGION_CENTROID,2025-07-01T00:00:00,REGION_15M_FIXED50_20250701,-1.0,3,,,2025-07,23,0.13934782608695653,3.205
POST-VALIDATION DIAGNOSTIC — NOT CONFIRMATORY,VALIDATION,REGION_15M_FIXED50,SESSION_REGION_CENTROID,2025-07-02T00:00:00,REGION_15M_FIXED50_20250702,1.5666666666666667,3,,,2025-07,23,0.13934782608695653,3.205
POST-VALIDATION DIAGNOSTIC — NOT CONFIRMATORY,VALIDATION,REGION_15M_FIXED50,SESSION_REGION_CENTROID,2025-07-03T00:00:00,REGION_15M_FIXED50_20250703,1.5666666666666667,3,,,2025-07,23,0.13934782608695653,3.205
POST-VALIDATION DIAGNOSTIC — NOT CONFIRMATORY,VALIDATION,REGION_15M_FIXED50,SESSION_REGION_CENTROID,2025-07-04T00:00:00,REGION_15M_FIXED50_20250704,-0.49499999999999994,3,,,2025-07,23,0.13934782608695653,3.205
POST-VALIDATION DIAGNOSTIC — NOT CONFIRMATORY,VALIDATION,REGION_15M_FIXED50,SESSION_REGION_CENTROID,2025-07-07T00:00:00,REGION_15M_FIXED50_20250707,-1.0,3,,,2025-07,23,0.13934782608695653,3.205
POST-VALIDATION DIAGNOSTIC — NOT CONFIRMATORY,VALIDATION,REGION_15M_FIXED50,SESSION_REGION_CENTROID,2025-07-08T00:00:00,REGION_15M_FIXED50_20250708,-1.0,3,,,2025-07,23,0.13934782608695653,3.205
POST-VALIDATION DIAGNOSTIC — NOT CONFIRMATORY,VALIDATION,REGION_15M_FIXED50,SESSION_REGION_CENTROID,2025-07-09T00:00:00,REGION_15M_FIXED50_20250709,-1.0,3,,,2025-07,23,0.13934782608695653,3.205
POST-VALIDATION DIAGNOSTIC — NOT CONFIRMATORY,VALIDATION,REGION_15M_FIXED50,SESSION_REGION_CENTROID,2025-07-10T00:00:00,REGION_15M_FIXED50_20250710,1.5666666666666667,3,,,2025-07,23,0.13934782608695653,3.205
POST-VALIDATION DIAGNOSTIC — NOT CONFIRMATORY,VALIDATION,REGION_15M_FIXED50,SESSION_REGION_CENTROID,2025-07-11T00:00:00,REGION_15M_FIXED50_20250711,-1.0,3,,,2025-07,23,0.13934782608695653,3.205
POST-VALIDATION DIAGNOSTIC — NOT CONFIRMATORY,VALIDATION,REGION_15M_FIXED50,SESSION_REGION_CENTROID,2025-07-14T00:00:00,REGION_15M_FIXED50_20250714,-1.0,3,,,2025-07,23,0.13934782608695653,3.205
POST-VALIDATION DIAGNOSTIC — NOT CONFIRMATORY,VALIDATION,REGION_15M_FIXED50,SESSION_REGION_CENTROID,2025-07-15T00:00:00,REGION_15M_FIXED50_20250715,-1.0,3,,,2025-07,23,0.13934782608695653,3.205
POST-VALIDATION DIAGNOSTIC — NOT CONFIRMATORY,VALIDATION,REGION_15M_FIXED50,SESSION_REGION_CENTROID,2025-07-16T00:00:00,REGION_15M_FIXED50_20250716,1.5666666666666667,3,,,2025-07,23,0.13934782608695653,3.205
POST-VALIDATION DIAGNOSTIC — NOT CONFIRMATORY,VALIDATION,REGION_15M_FIXED50,SESSION_REGION_CENTROID,2025-07-17T00:00:00,REGION_15M_FIXED50_20250717,1.5666666666666667,3,,,2025-07,23,0.13934782608695653,3.205
POST-VALIDATION DIAGNOSTIC — NOT CONFIRMATORY,VALIDATION,REGION_15M_FIXED50,SESSION_REGION_CENTROID,2025-07-18T00:00:00,REGION_15M_FIXED50_20250718,1.1033333333333333,3,,,2025-07,23,0.13934782608695653,3.205
POST-VALIDATION DIAGNOSTIC — NOT CONFIRMATORY,VALIDATION,REGION_15M_FIXED50,SESSION_REGION_CENTROID,2025-07-21T00:00:00,REGION_15M_FIXED50_20250721,0.87,3,,,2025-07,23,0.13934782608695653,3.205
POST-VALIDATION DIAGNOSTIC — NOT CONFIRMATORY,VALIDATION,REGION_15M_FIXED50,SESSION_REGION_CENTROID,2025-07-22T00:00:00,REGION_15M_FIXED50_20250722,1.5666666666666667,3,,,2025-07,23,0.13934782608695653,3.205
POST-VALIDATION DIAGNOSTIC — NOT CONFIRMATORY,VALIDATION,REGION_15M_FIXED50,SESSION_REGION_CENTROID,2025-07-23T00:00:00,REGION_15M_FIXED50_20250723,-1.0,3,,,2025-07,23,0.13934782608695653,3.205
POST-VALIDATION DIAGNOSTIC — NOT CONFIRMATORY,VALIDATION,REGION_15M_FIXED50,SESSION_REGION_CENTROID,2025-07-24T00:00:00,REGION_15M_FIXED50_20250724,-1.0,3,,,2025-07,23,0.13934782608695653,3.205
POST-VALIDATION DIAGNOSTIC — NOT CONFIRMATORY,VALIDATION,REGION_15M_FIXED50,SESSION_REGION_CENTROID,2025-07-25T00:00:00,REGION_15M_FIXED50_20250725,1.1933333333333334,3,,,2025-07,23,0.13934782608695653,3.205
POST-VALIDATION DIAGNOSTIC — NOT CONFIRMATORY,VALIDATION,REGION_15M_FIXED50,SESSION_REGION_CENTROID,2025-07-28T00:00:00,REGION_15M_FIXED50_20250728,-1.0,3,,,2025-07,23,0.13934782608695653,3.205
POST-VALIDATION DIAGNOSTIC — NOT CONFIRMATORY,VALIDATION,REGION_15M_FIXED50,SESSION_REGION_CENTROID,2025-07-29T00:00:00,REGION_15M_FIXED50_20250729,1.5666666666666667,3,,,2025-07,23,0.13934782608695653,3.205
POST-VALIDATION DIAGNOSTIC — NOT CONFIRMATORY,VALIDATION,REGION_15M_FIXED50,SESSION_REGION_CENTROID,2025-07-30T00:00:00,REGION_15M_FIXED50_20250730,0.5666666666666667,3,,,2025-07,23,0.13934782608695653,3.205
POST-VALIDATION DIAGNOSTIC — NOT CONFIRMATORY,VALIDATION,REGION_15M_FIXED50,SESSION_REGION_CENTROID,2025-07-31T00:00:00,REGION_15M_FIXED50_20250731,-1.0,3,,,2025-07,23,0.13934782608695653,3.205
POST-VALIDATION DIAGNOSTIC — NOT CONFIRMATORY,VALIDATION,REGION_15M_FIXED50,SESSION_REGION_CENTROID,2025-08-01T00:00:00,REGION_15M_FIXED50_20250801,1.5666666666666667,3,,,2025-08,21,0.12285714285714286,2.58
POST-VALIDATION DIAGNOSTIC — NOT CONFIRMATORY,VALIDATION,REGION_15M_FIXED50,SESSION_REGION_CENTROID,2025-08-04T00:00:00,REGION_15M_FIXED50_20250804,1.5666666666666667,3,,,2025-08,21,0.12285714285714286,2.58
POST-VALIDATION DIAGNOSTIC — NOT CONFIRMATORY,VALIDATION,REGION_15M_FIXED50,SESSION_REGION_CENTROID,2025-08-05T00:00:00,REGION_15M_FIXED50_20250805,-1.0,3,,,2025-08,21,0.12285714285714286,2.58
POST-VALIDATION DIAGNOSTIC — NOT CONFIRMATORY,VALIDATION,REGION_15M_FIXED50,SESSION_REGION_CENTROID,2025-08-06T00:00:00,REGION_15M_FIXED50_20250806,-1.0,3,,,2025-08,21,0.12285714285714286,2.58
POST-VALIDATION DIAGNOSTIC — NOT CONFIRMATORY,VALIDATION,REGION_15M_FIXED50,SESSION_REGION_CENTROID,2025-08-07T00:00:00,REGION_15M_FIXED50_20250807,-1.0,3,,,2025-08,21,0.12285714285714286,2.58
POST-VALIDATION DIAGNOSTIC — NOT CONFIRMATORY,VALIDATION,REGION_15M_FIXED50,SESSION_REGION_CENTROID,2025-08-08T00:00:00,REGION_15M_FIXED50_20250808,1.5666666666666667,3,,,2025-08,21,0.12285714285714286,2.58
POST-VALIDATION DIAGNOSTIC — NOT CONFIRMATORY,VALIDATION,REGION_15M_FIXED50,SESSION_REGION_CENTROID,2025-08-11T00:00:00,REGION_15M_FIXED50_20250811,-0.26666666666666666,3,0.15461111111111112,,2025-08,21,0.12285714285714286,2.58
POST-VALIDATION DIAGNOSTIC — NOT CONFIRMATORY,VALIDATION,REGION_15M_FIXED50,SESSION_REGION_CENTROID,2025-08-12T00:00:00,REGION_15M_FIXED50_20250812,0.5666666666666667,3,0.20683333333333334,,2025-08,21,0.12285714285714286,2.58
POST-VALIDATION DIAGNOSTIC — NOT CONFIRMATORY,VALIDATION,REGION_15M_FIXED50,SESSION_REGION_CENTROID,2025-08-13T00:00:00,REGION_15M_FIXED50_20250813,1.5666666666666667,3,0.20683333333333334,,2025-08,21,0.12285714285714286,2.58
POST-VALIDATION DIAGNOSTIC — NOT CONFIRMATORY,VALIDATION,REGION_15M_FIXED50,SESSION_REGION_CENTROID,2025-08-14T00:00:00,REGION_15M_FIXED50_20250814,0.5666666666666667,3,0.17350000000000002,,2025-08,21,0.12285714285714286,2.58
POST-VALIDATION DIAGNOSTIC — NOT CONFIRMATORY,VALIDATION,REGION_15M_FIXED50,SESSION_REGION_CENTROID,2025-08-15T00:00:00,REGION_15M_FIXED50_20250815,1.5666666666666667,3,0.24222222222222223,,2025-08,21,0.12285714285714286,2.58
POST-VALIDATION DIAGNOSTIC — NOT CONFIRMATORY,VALIDATION,REGION_15M_FIXED50,SESSION_REGION_CENTROID,2025-08-18T00:00:00,REGION_15M_FIXED50_20250818,-1.0,3,0.24222222222222226,,2025-08,21,0.12285714285714286,2.58
POST-VALIDATION DIAGNOSTIC — NOT CONFIRMATORY,VALIDATION,REGION_15M_FIXED50,SESSION_REGION_CENTROID,2025-08-19T00:00:00,REGION_15M_FIXED50_20250819,-1.0,3,0.24222222222222226,,2025-08,21,0.12285714285714286,2.58
POST-VALIDATION DIAGNOSTIC — NOT CONFIRMATORY,VALIDATION,REGION_15M_FIXED50,SESSION_REGION_CENTROID,2025-08-20T00:00:00,REGION_15M_FIXED50_20250820,1.5666666666666667,3,0.3277777777777778,,2025-08,21,0.12285714285714286,2.58
POST-VALIDATION DIAGNOSTIC — NOT CONFIRMATORY,VALIDATION,REGION_15M_FIXED50,SESSION_REGION_CENTROID,2025-08-21T00:00:00,REGION_15M_FIXED50_20250821,-1.0,3,0.2422222222222222,,2025-08,21,0.12285714285714286,2.58
POST-VALIDATION DIAGNOSTIC — NOT CONFIRMATORY,VALIDATION,REGION_15M_FIXED50,SESSION_REGION_CENTROID,2025-08-22T00:00:00,REGION_15M_FIXED50_20250822,-1.0,3,0.2422222222222222,,2025-08,21,0.12285714285714286,2.58
POST-VALIDATION DIAGNOSTIC — NOT CONFIRMATORY,VALIDATION,REGION_15M_FIXED50,SESSION_REGION_CENTROID,2025-08-25T00:00:00,REGION_15M_FIXED50_20250825,0.7466666666666666,3,0.3004444444444444,,2025-08,21,0.12285714285714286,2.58
POST-VALIDATION DIAGNOSTIC — NOT CONFIRMATORY,VALIDATION,REGION_15M_FIXED50,SESSION_REGION_CENTROID,2025-08-26T00:00:00,REGION_15M_FIXED50_20250826,-1.0,3,0.3004444444444444,,2025-08,21,0.12285714285714286,2.58
POST-VALIDATION DIAGNOSTIC — NOT CONFIRMATORY,VALIDATION,REGION_15M_FIXED50,SESSION_REGION_CENTROID,2025-08-27T00:00:00,REGION_15M_FIXED50_20250827,-1.0,3,0.2148888888888889,,2025-08,21,0.12285714285714286,2.58
POST-VALIDATION DIAGNOSTIC — NOT CONFIRMATORY,VALIDATION,REGION_15M_FIXED50,SESSION_REGION_CENTROID,2025-08-28T00:00:00,REGION_15M_FIXED50_20250828,-1.0,3,0.12933333333333336,,2025-08,21,0.12285714285714286,2.58
POST-VALIDATION DIAGNOSTIC — NOT CONFIRMATORY,VALIDATION,REGION_15M_FIXED50,SESSION_REGION_CENTROID,2025-08-29T00:00:00,REGION_15M_FIXED50_20250829,1.5666666666666667,3,0.14477777777777776,,2025-08,21,0.12285714285714286,2.58
POST-VALIDATION DIAGNOSTIC — NOT CONFIRMATORY,VALIDATION,REGION_15M_FIXED50,SESSION_REGION_CENTROID,2025-09-01T00:00:00,REGION_15M_FIXED50_20250901,0.375,3,0.1282777777777778,,2025-09,18,0.14166666666666666,2.55
POST-VALIDATION DIAGNOSTIC — NOT CONFIRMATORY,VALIDATION,REGION_15M_FIXED50,SESSION_REGION_CENTROID,2025-09-02T00:00:00,REGION_15M_FIXED50_20250902,1.5666666666666667,3,0.12827777777777777,,2025-09,18,0.14166666666666666,2.55
POST-VALIDATION DIAGNOSTIC — NOT CONFIRMATORY,VALIDATION,REGION_15M_FIXED50,SESSION_REGION_CENTROID,2025-09-03T00:00:00,REGION_15M_FIXED50_20250903,-1.0,3,0.12827777777777777,,2025-09,18,0.14166666666666666,2.55
POST-VALIDATION DIAGNOSTIC — NOT CONFIRMATORY,VALIDATION,REGION_15M_FIXED50,SESSION_REGION_CENTROID,2025-09-04T00:00:00,REGION_15M_FIXED50_20250904,-1.0,3,0.12827777777777777,,2025-09,18,0.14166666666666666,2.55
POST-VALIDATION DIAGNOSTIC — NOT CONFIRMATORY,VALIDATION,REGION_15M_FIXED50,SESSION_REGION_CENTROID,2025-09-05T00:00:00,REGION_15M_FIXED50_20250905,1.5666666666666667,3,0.14072222222222222,,2025-09,18,0.14166666666666666,2.55
POST-VALIDATION DIAGNOSTIC — NOT CONFIRMATORY,VALIDATION,REGION_15M_FIXED50,SESSION_REGION_CENTROID,2025-09-08T00:00:00,REGION_15M_FIXED50_20250908,-1.0,3,0.14072222222222222,0.12586666666666665,2025-09,18,0.14166666666666666,2.55
POST-VALIDATION DIAGNOSTIC — NOT CONFIRMATORY,VALIDATION,REGION_15M_FIXED50,SESSION_REGION_CENTROID,2025-09-09T00:00:00,REGION_15M_FIXED50_20250909,0.5666666666666667,3,0.1073888888888889,0.15719999999999998,2025-09,18,0.14166666666666666,2.55
POST-VALIDATION DIAGNOSTIC — NOT CONFIRMATORY,VALIDATION,REGION_15M_FIXED50,SESSION_REGION_CENTROID,2025-09-10T00:00:00,REGION_15M_FIXED50_20250910,-1.0,3,0.05516666666666666,0.10586666666666666,2025-09,18,0.14166666666666666,2.55
POST-VALIDATION DIAGNOSTIC — NOT CONFIRMATORY,VALIDATION,REGION_15M_FIXED50,SESSION_REGION_CENTROID,2025-09-11T00:00:00,REGION_15M_FIXED50_20250911,-1.0,3,0.05516666666666666,0.05453333333333333,2025-09,18,0.14166666666666666,2.55
POST-VALIDATION DIAGNOSTIC — NOT CONFIRMATORY,VALIDATION,REGION_15M_FIXED50,SESSION_REGION_CENTROID,2025-09-12T00:00:00,REGION_15M_FIXED50_20250912,1.2083333333333333,3,0.04322222222222221,0.0886,2025-09,18,0.14166666666666666,2.55
POST-VALIDATION DIAGNOSTIC — NOT CONFIRMATORY,VALIDATION,REGION_15M_FIXED50,SESSION_REGION_CENTROID,2025-09-19T00:00:00,REGION_15M_FIXED50_20250919,-1.0,3,-0.04233333333333334,0.0886,2025-09,18,0.14166666666666666,2.55
POST-VALIDATION DIAGNOSTIC — NOT CONFIRMATORY,VALIDATION,REGION_15M_FIXED50,SESSION_REGION_CENTROID,2025-09-22T00:00:00,REGION_15M_FIXED50_20250922,1.5666666666666667,3,0.04322222222222221,0.13993333333333333,2025-09,18,0.14166666666666666,2.55
POST-VALIDATION DIAGNOSTIC — NOT CONFIRMATORY,VALIDATION,REGION_15M_FIXED50,SESSION_REGION_CENTROID,2025-09-23T00:00:00,REGION_15M_FIXED50_20250923,1.5666666666666667,3,0.12877777777777777,0.19126666666666664,2025-09,18,0.14166666666666666,2.55
POST-VALIDATION DIAGNOSTIC — NOT CONFIRMATORY,VALIDATION,REGION_15M_FIXED50,SESSION_REGION_CENTROID,2025-09-24T00:00:00,REGION_15M_FIXED50_20250924,1.5666666666666667,3,0.21433333333333332,0.19126666666666664,2025-09,18,0.14166666666666666,2.55
POST-VALIDATION DIAGNOSTIC — NOT CONFIRMATORY,VALIDATION,REGION_15M_FIXED50,SESSION_REGION_CENTROID,2025-09-25T00:00:00,REGION_15M_FIXED50_20250925,1.5666666666666667,3,0.21433333333333332,0.2426,2025-09,18,0.14166666666666666,2.55
POST-VALIDATION DIAGNOSTIC — NOT CONFIRMATORY,VALIDATION,REGION_15M_FIXED50,SESSION_REGION_CENTROID,2025-09-26T00:00:00,REGION_15M_FIXED50_20250926,-1.0,3,0.18988888888888888,0.2426,2025-09,18,0.14166666666666666,2.55
POST-VALIDATION DIAGNOSTIC — NOT CONFIRMATORY,VALIDATION,REGION_15M_FIXED50,SESSION_REGION_CENTROID,2025-09-29T00:00:00,REGION_15M_FIXED50_20250929,-1.0,3,0.13766666666666663,0.2426,2025-09,18,0.14166666666666666,2.55
POST-VALIDATION DIAGNOSTIC — NOT CONFIRMATORY,VALIDATION,REGION_15M_FIXED50,SESSION_REGION_CENTROID,2025-09-30T00:00:00,REGION_15M_FIXED50_20250930,-1.0,3,0.052111111111111094,0.1912666666666667,2025-09,18,0.14166666666666666,2.55
POST-VALIDATION DIAGNOSTIC — NOT CONFIRMATORY,VALIDATION,REGION_15M_FIXED50,SESSION_REGION_CENTROID,2025-10-01T00:00:00,REGION_15M_FIXED50_20251001,-1.0,3,-0.00011111111111112108,0.13993333333333333,2025-10,23,-0.2985507246376812,-6.866666666666667
POST-VALIDATION DIAGNOSTIC — NOT CONFIRMATORY,VALIDATION,REGION_15M_FIXED50,SESSION_REGION_CENTROID,2025-10-02T00:00:00,REGION_15M_FIXED50_20251002,-1.0,3,-0.08566666666666668,0.09786666666666666,2025-10,23,-0.2985507246376812,-6.866666666666667
POST-VALIDATION DIAGNOSTIC — NOT CONFIRMATORY,VALIDATION,REGION_15M_FIXED50,SESSION_REGION_CENTROID,2025-10-03T00:00:00,REGION_15M_FIXED50_20251003,-1.0,3,-0.08566666666666668,0.06046666666666665,2025-10,23,-0.2985507246376812,-6.866666666666667
POST-VALIDATION DIAGNOSTIC — NOT CONFIRMATORY,VALIDATION,REGION_15M_FIXED50,SESSION_REGION_CENTROID,2025-10-06T00:00:00,REGION_15M_FIXED50_20251006,-1.0,3,-0.08566666666666668,0.009133333333333327,2025-10,23,-0.2985507246376812,-6.866666666666667
POST-VALIDATION DIAGNOSTIC — NOT CONFIRMATORY,VALIDATION,REGION_15M_FIXED50,SESSION_REGION_CENTROID,2025-10-07T00:00:00,REGION_15M_FIXED50_20251007,-1.0,3,-0.17122222222222222,0.009133333333333327,2025-10,23,-0.2985507246376812,-6.866666666666667
POST-VALIDATION DIAGNOSTIC — NOT CONFIRMATORY,VALIDATION,REGION_15M_FIXED50,SESSION_REGION_CENTROID,2025-10-08T00:00:00,REGION_15M_FIXED50_20251008,1.5666666666666667,3,-0.08566666666666668,0.06046666666666666,2025-10,23,-0.2985507246376812,-6.866666666666667
POST-VALIDATION DIAGNOSTIC — NOT CONFIRMATORY,VALIDATION,REGION_15M_FIXED50,SESSION_REGION_CENTROID,2025-10-09T00:00:00,REGION_15M_FIXED50_20251009,-1.0,3,-0.08566666666666668,0.016599999999999993,2025-10,23,-0.2985507246376812,-6.866666666666667
POST-VALIDATION DIAGNOSTIC — NOT CONFIRMATORY,VALIDATION,REGION_15M_FIXED50,SESSION_REGION_CENTROID,2025-10-10T00:00:00,REGION_15M_FIXED50_20251010,-1.0,3,-0.14388888888888887,0.016599999999999993,2025-10,23,-0.2985507246376812,-6.866666666666667
POST-VALIDATION DIAGNOSTIC — NOT CONFIRMATORY,VALIDATION,REGION_15M_FIXED50,SESSION_REGION_CENTROID,2025-10-13T00:00:00,REGION_15M_FIXED50_20251013,-0.26666666666666666,3,-0.11944444444444445,-0.020066666666666674,2025-10,23,-0.2985507246376812,-6.866666666666667
POST-VALIDATION DIAGNOSTIC — NOT CONFIRMATORY,VALIDATION,REGION_15M_FIXED50,SESSION_REGION_CENTROID,2025-10-14T00:00:00,REGION_15M_FIXED50_20251014,1.5666666666666667,3,-0.03388888888888889,-6.666666666667265e-05,2025-10,23,-0.2985507246376812,-6.866666666666667
POST-VALIDATION DIAGNOSTIC — NOT CONFIRMATORY,VALIDATION,REGION_15M_FIXED50,SESSION_REGION_CENTROID,2025-10-15T00:00:00,REGION_15M_FIXED50_20251015,-1.0,3,-0.03388888888888889,-6.666666666667265e-05,2025-10,23,-0.2985507246376812,-6.866666666666667
POST-VALIDATION DIAGNOSTIC — NOT CONFIRMATORY,VALIDATION,REGION_15M_FIXED50,SESSION_REGION_CENTROID,2025-10-16T00:00:00,REGION_15M_FIXED50_20251016,-1.0,3,-0.11944444444444445,-0.05140000000000001,2025-10,23,-0.2985507246376812,-6.866666666666667
POST-VALIDATION DIAGNOSTIC — NOT CONFIRMATORY,VALIDATION,REGION_15M_FIXED50,SESSION_REGION_CENTROID,2025-10-17T00:00:00,REGION_15M_FIXED50_20251017,1.5666666666666667,3,-0.07972222222222222,-0.05140000000000001,2025-10,23,-0.2985507246376812,-6.866666666666667
POST-VALIDATION DIAGNOSTIC — NOT CONFIRMATORY,VALIDATION,REGION_15M_FIXED50,SESSION_REGION_CENTROID,2025-10-20T00:00:00,REGION_15M_FIXED50_20251020,1.5666666666666667,3,-0.07972222222222222,-6.666666666667265e-05,2025-10,23,-0.2985507246376812,-6.866666666666667
POST-VALIDATION DIAGNOSTIC — NOT CONFIRMATORY,VALIDATION,REGION_15M_FIXED50,SESSION_REGION_CENTROID,2025-10-21T00:00:00,REGION_15M_FIXED50_20251021,-1.0,3,-0.07972222222222222,-6.666666666667265e-05,2025-10,23,-0.2985507246376812,-6.866666666666667
POST-VALIDATION DIAGNOSTIC — NOT CONFIRMATORY,VALIDATION,REGION_15M_FIXED50,SESSION_REGION_CENTROID,2025-10-22T00:00:00,REGION_15M_FIXED50_20251022,-1.0,3,-0.07972222222222222,-6.666666666667265e-05,2025-10,23,-0.2985507246376812,-6.866666666666667
POST-VALIDATION DIAGNOSTIC — NOT CONFIRMATORY,VALIDATION,REGION_15M_FIXED50,SESSION_REGION_CENTROID,2025-10-23T00:00:00,REGION_15M_FIXED50_20251023,1.5666666666666667,3,-0.07972222222222222,-6.666666666667265e-05,2025-10,23,-0.2985507246376812,-6.866666666666667
POST-VALIDATION DIAGNOSTIC — NOT CONFIRMATORY,VALIDATION,REGION_15M_FIXED50,SESSION_REGION_CENTROID,2025-10-24T00:00:00,REGION_15M_FIXED50_20251024,-1.0,3,-0.07972222222222222,-0.014733333333333341,2025-10,23,-0.2985507246376812,-6.866666666666667
POST-VALIDATION DIAGNOSTIC — NOT CONFIRMATORY,VALIDATION,REGION_15M_FIXED50,SESSION_REGION_CENTROID,2025-10-27T00:00:00,REGION_15M_FIXED50_20251027,1.5666666666666667,3,-0.04638888888888889,0.005266666666666659,2025-10,23,-0.2985507246376812,-6.866666666666667
POST-VALIDATION DIAGNOSTIC — NOT CONFIRMATORY,VALIDATION,REGION_15M_FIXED50,SESSION_REGION_CENTROID,2025-10-28T00:00:00,REGION_15M_FIXED50_20251028,-1.0,3,-0.046388888888888896,-0.04606666666666667,2025-10,23,-0.2985507246376812,-6.866666666666667
POST-VALIDATION DIAGNOSTIC — NOT CONFIRMATORY,VALIDATION,REGION_15M_FIXED50,SESSION_REGION_CENTROID,2025-10-29T00:00:00,REGION_15M_FIXED50_20251029,-1.0,3,-0.046388888888888896,-0.0774,2025-10,23,-0.2985507246376812,-6.866666666666667
POST-VALIDATION DIAGNOSTIC — NOT CONFIRMATORY,VALIDATION,REGION_15M_FIXED50,SESSION_REGION_CENTROID,2025-10-30T00:00:00,REGION_15M_FIXED50_20251030,-1.0,3,-0.12000000000000001,-0.12873333333333334,2025-10,23,-0.2985507246376812,-6.866666666666667
POST-VALIDATION DIAGNOSTIC — NOT CONFIRMATORY,VALIDATION,REGION_15M_FIXED50,SESSION_REGION_CENTROID,2025-10-31T00:00:00,REGION_15M_FIXED50_20251031,-1.0,3,-0.12000000000000001,-0.12873333333333334,2025-10,23,-0.2985507246376812,-6.866666666666667
POST-VALIDATION DIAGNOSTIC — NOT CONFIRMATORY,VALIDATION,REGION_15M_FIXED50,SESSION_REGION_CENTROID,2025-11-03T00:00:00,REGION_15M_FIXED50_20251103,1.5666666666666667,3,-0.12000000000000002,-0.07740000000000002,2025-11,19,0.11991228070175439,2.2783333333333333
POST-VALIDATION DIAGNOSTIC — NOT CONFIRMATORY,VALIDATION,REGION_15M_FIXED50,SESSION_REGION_CENTROID,2025-11-04T00:00:00,REGION_15M_FIXED50_20251104,1.5666666666666667,3,-0.12000000000000001,-0.07740000000000001,2025-11,19,0.11991228070175439,2.2783333333333333
POST-VALIDATION DIAGNOSTIC — NOT CONFIRMATORY,VALIDATION,REGION_15M_FIXED50,SESSION_REGION_CENTROID,2025-11-05T00:00:00,REGION_15M_FIXED50_20251105,1.5666666666666667,3,-0.12000000000000002,-0.02606666666666667,2025-11,19,0.11991228070175439,2.2783333333333333
POST-VALIDATION DIAGNOSTIC — NOT CONFIRMATORY,VALIDATION,REGION_15M_FIXED50,SESSION_REGION_CENTROID,2025-11-06T00:00:00,REGION_15M_FIXED50_20251106,1.5666666666666667,3,-0.12000000000000001,0.02526666666666666,2025-11,19,0.11991228070175439,2.2783333333333333
POST-VALIDATION DIAGNOSTIC — NOT CONFIRMATORY,VALIDATION,REGION_15M_FIXED50,SESSION_REGION_CENTROID,2025-11-07T00:00:00,REGION_15M_FIXED50_20251107,-1.0,3,-0.12000000000000001,-0.009666666666666672,2025-11,19,0.11991228070175439,2.2783333333333333
POST-VALIDATION DIAGNOSTIC — NOT CONFIRMATORY,VALIDATION,REGION_15M_FIXED50,SESSION_REGION_CENTROID,2025-11-10T00:00:00,REGION_15M_FIXED50_20251110,-1.0,3,-0.12000000000000001,-0.009666666666666672,2025-11,19,0.11991228070175439,2.2783333333333333
POST-VALIDATION DIAGNOSTIC — NOT CONFIRMATORY,VALIDATION,REGION_15M_FIXED50,SESSION_REGION_CENTROID,2025-11-11T00:00:00,REGION_15M_FIXED50_20251111,-1.0,3,-0.12000000000000001,-0.009666666666666672,2025-11,19,0.11991228070175439,2.2783333333333333
POST-VALIDATION DIAGNOSTIC — NOT CONFIRMATORY,VALIDATION,REGION_15M_FIXED50,SESSION_REGION_CENTROID,2025-11-12T00:00:00,REGION_15M_FIXED50_20251112,1.5666666666666667,3,-0.03444444444444445,0.04166666666666666,2025-11,19,0.11991228070175439,2.2783333333333333
POST-VALIDATION DIAGNOSTIC — NOT CONFIRMATORY,VALIDATION,REGION_15M_FIXED50,SESSION_REGION_CENTROID,2025-11-13T00:00:00,REGION_15M_FIXED50_20251113,-1.0,3,-0.03444444444444445,-0.009666666666666672,2025-11,19,0.11991228070175439,2.2783333333333333
POST-VALIDATION DIAGNOSTIC — NOT CONFIRMATORY,VALIDATION,REGION_15M_FIXED50,SESSION_REGION_CENTROID,2025-11-14T00:00:00,REGION_15M_FIXED50_20251114,1.5666666666666667,3,0.05111111111111111,0.01416666666666666,2025-11,19,0.11991228070175439,2.2783333333333333
POST-VALIDATION DIAGNOSTIC — NOT CONFIRMATORY,VALIDATION,REGION_15M_FIXED50,SESSION_REGION_CENTROID,2025-11-17T00:00:00,REGION_15M_FIXED50_20251117,-1.0,3,0.05111111111111111,-0.037166666666666674,2025-11,19,0.11991228070175439,2.2783333333333333
POST-VALIDATION DIAGNOSTIC — NOT CONFIRMATORY,VALIDATION,REGION_15M_FIXED50,SESSION_REGION_CENTROID,2025-11-19T00:00:00,REGION_15M_FIXED50_20251119,1.5666666666666667,3,0.13666666666666666,0.01416666666666666,2025-11,19,0.11991228070175439,2.2783333333333333
POST-VALIDATION DIAGNOSTIC — NOT CONFIRMATORY,VALIDATION,REGION_15M_FIXED50,SESSION_REGION_CENTROID,2025-11-20T00:00:00,REGION_15M_FIXED50_20251120,-1.0,3,0.051111111111111114,0.01416666666666666,2025-11,19,0.11991228070175439,2.2783333333333333
POST-VALIDATION DIAGNOSTIC — NOT CONFIRMATORY,VALIDATION,REGION_15M_FIXED50,SESSION_REGION_CENTROID,2025-11-21T00:00:00,REGION_15M_FIXED50_20251121,-1.0,3,0.05111111111111111,-0.037166666666666674,2025-11,19,0.11991228070175439,2.2783333333333333
POST-VALIDATION DIAGNOSTIC — NOT CONFIRMATORY,VALIDATION,REGION_15M_FIXED50,SESSION_REGION_CENTROID,2025-11-24T00:00:00,REGION_15M_FIXED50_20251124,-1.0,3,0.05111111111111111,-0.037166666666666674,2025-11,19,0.11991228070175439,2.2783333333333333
POST-VALIDATION DIAGNOSTIC — NOT CONFIRMATORY,VALIDATION,REGION_15M_FIXED50,SESSION_REGION_CENTROID,2025-11-25T00:00:00,REGION_15M_FIXED50_20251125,1.5666666666666667,3,0.11222222222222221,-0.017166666666666674,2025-11,19,0.11991228070175439,2.2783333333333333
POST-VALIDATION DIAGNOSTIC — NOT CONFIRMATORY,VALIDATION,REGION_15M_FIXED50,SESSION_REGION_CENTROID,2025-11-26T00:00:00,REGION_15M_FIXED50_20251126,-1.0,3,0.02666666666666666,-0.017166666666666674,2025-11,19,0.11991228070175439,2.2783333333333333
POST-VALIDATION DIAGNOSTIC — NOT CONFIRMATORY,VALIDATION,REGION_15M_FIXED50,SESSION_REGION_CENTROID,2025-11-27T00:00:00,REGION_15M_FIXED50_20251127,-0.255,3,0.0515,-0.0022666666666666725,2025-11,19,0.11991228070175439,2.2783333333333333
POST-VALIDATION DIAGNOSTIC — NOT CONFIRMATORY,VALIDATION,REGION_15M_FIXED50,SESSION_REGION_CENTROID,2025-11-28T00:00:00,REGION_15M_FIXED50_20251128,-1.0,3,0.0515,-0.04643333333333333,2025-11,19,0.11991228070175439,2.2783333333333333
POST-VALIDATION DIAGNOSTIC — NOT CONFIRMATORY,VALIDATION,REGION_15M_FIXED50,SESSION_REGION_CENTROID,2025-12-01T00:00:00,REGION_15M_FIXED50_20251201,-0.26666666666666666,3,-0.009611111111111114,-0.03176666666666667,2025-12,18,-0.07472222222222222,-1.345
POST-VALIDATION DIAGNOSTIC — NOT CONFIRMATORY,VALIDATION,REGION_15M_FIXED50,SESSION_REGION_CENTROID,2025-12-02T00:00:00,REGION_15M_FIXED50_20251202,-1.0,3,-0.09516666666666666,-0.08310000000000001,2025-12,18,-0.07472222222222222,-1.345
POST-VALIDATION DIAGNOSTIC — NOT CONFIRMATORY,VALIDATION,REGION_15M_FIXED50,SESSION_REGION_CENTROID,2025-12-03T00:00:00,REGION_15M_FIXED50_20251203,-1.0,3,-0.09516666666666666,-0.13443333333333332,2025-12,18,-0.07472222222222222,-1.345
POST-VALIDATION DIAGNOSTIC — NOT CONFIRMATORY,VALIDATION,REGION_15M_FIXED50,SESSION_REGION_CENTROID,2025-12-04T00:00:00,REGION_15M_FIXED50_20251204,-1.0,3,-0.09516666666666666,-0.1857666666666667,2025-12,18,-0.07472222222222222,-1.345
POST-VALIDATION DIAGNOSTIC — NOT CONFIRMATORY,VALIDATION,REGION_15M_FIXED50,SESSION_REGION_CENTROID,2025-12-05T00:00:00,REGION_15M_FIXED50_20251205,0.5666666666666667,3,-0.1285,-0.20576666666666668,2025-12,18,-0.07472222222222222,-1.345
POST-VALIDATION DIAGNOSTIC — NOT CONFIRMATORY,VALIDATION,REGION_15M_FIXED50,SESSION_REGION_CENTROID,2025-12-08T00:00:00,REGION_15M_FIXED50_20251208,1.5666666666666667,3,-0.04294444444444445,-0.15443333333333334,2025-12,18,-0.07472222222222222,-1.345
POST-VALIDATION DIAGNOSTIC — NOT CONFIRMATORY,VALIDATION,REGION_15M_FIXED50,SESSION_REGION_CENTROID,2025-12-09T00:00:00,REGION_15M_FIXED50_20251209,1.2316666666666667,3,-0.05411111111111111,-0.10980000000000001,2025-12,18,-0.07472222222222222,-1.345
POST-VALIDATION DIAGNOSTIC — NOT CONFIRMATORY,VALIDATION,REGION_15M_FIXED50,SESSION_REGION_CENTROID,2025-12-10T00:00:00,REGION_15M_FIXED50_20251210,-1.0,3,-0.05411111111111111,-0.10980000000000001,2025-12,18,-0.07472222222222222,-1.345
POST-VALIDATION DIAGNOSTIC — NOT CONFIRMATORY,VALIDATION,REGION_15M_FIXED50,SESSION_REGION_CENTROID,2025-12-11T00:00:00,REGION_15M_FIXED50_20251211,1.5666666666666667,3,0.03144444444444445,-0.058466666666666674,2025-12,18,-0.07472222222222222,-1.345
POST-VALIDATION DIAGNOSTIC — NOT CONFIRMATORY,VALIDATION,REGION_15M_FIXED50,SESSION_REGION_CENTROID,2025-12-12T00:00:00,REGION_15M_FIXED50_20251212,1.5666666666666667,3,0.11699999999999999,-0.007133333333333338,2025-12,18,-0.07472222222222222,-1.345
POST-VALIDATION DIAGNOSTIC — NOT CONFIRMATORY,VALIDATION,REGION_15M_FIXED50,SESSION_REGION_CENTROID,2025-12-19T00:00:00,REGION_15M_FIXED50_20251219,-1.0,3,0.11699999999999999,-0.007133333333333338,2025-12,18,-0.07472222222222222,-1.345
POST-VALIDATION DIAGNOSTIC — NOT CONFIRMATORY,VALIDATION,REGION_15M_FIXED50,SESSION_REGION_CENTROID,2025-12-22T00:00:00,REGION_15M_FIXED50_20251222,-1.0,3,0.03144444444444445,-0.007133333333333338,2025-12,18,-0.07472222222222222,-1.345
POST-VALIDATION DIAGNOSTIC — NOT CONFIRMATORY,VALIDATION,REGION_15M_FIXED50,SESSION_REGION_CENTROID,2025-12-23T00:00:00,REGION_15M_FIXED50_20251223,-1.0,3,-0.05411111111111111,-0.007133333333333338,2025-12,18,-0.07472222222222222,-1.345
POST-VALIDATION DIAGNOSTIC — NOT CONFIRMATORY,VALIDATION,REGION_15M_FIXED50,SESSION_REGION_CENTROID,2025-12-24T00:00:00,REGION_15M_FIXED50_20251224,0.8566666666666668,3,-0.07777777777777777,-0.021333333333333336,2025-12,18,-0.07472222222222222,-1.345
POST-VALIDATION DIAGNOSTIC — NOT CONFIRMATORY,VALIDATION,REGION_15M_FIXED50,SESSION_REGION_CENTROID,2025-12-26T00:00:00,REGION_15M_FIXED50_20251226,-1.0,3,-0.1633333333333333,-0.021333333333333336,2025-12,18,-0.07472222222222222,-1.345
POST-VALIDATION DIAGNOSTIC — NOT CONFIRMATORY,VALIDATION,REGION_15M_FIXED50,SESSION_REGION_CENTROID,2025-12-29T00:00:00,REGION_15M_FIXED50_20251229,-1.0,3,-0.1633333333333333,-0.021333333333333336,2025-12,18,-0.07472222222222222,-1.345
POST-VALIDATION DIAGNOSTIC — NOT CONFIRMATORY,VALIDATION,REGION_15M_FIXED50,SESSION_REGION_CENTROID,2025-12-30T00:00:00,REGION_15M_FIXED50_20251230,-1.0,3,-0.1633333333333333,-0.036000000000000004,2025-12,18,-0.07472222222222222,-1.345
POST-VALIDATION DIAGNOSTIC — NOT CONFIRMATORY,VALIDATION,REGION_15M_FIXED50,SESSION_REGION_CENTROID,2025-12-31T00:00:00,REGION_15M_FIXED50_20251231,1.5666666666666667,3,-0.07777777777777777,-0.036000000000000004,2025-12,18,-0.07472222222222222,-1.345
POST-VALIDATION DIAGNOSTIC — NOT CONFIRMATORY,VALIDATION,REGION_20M_MIDPOINT,SESSION_REGION_CENTROID,2025-07-01T00:00:00,REGION_20M_MIDPOINT_20250701,-1.0,3,,,2025-07,22,0.10027101174365609,2.205962258360434
POST-VALIDATION DIAGNOSTIC — NOT CONFIRMATORY,VALIDATION,REGION_20M_MIDPOINT,SESSION_REGION_CENTROID,2025-07-02T00:00:00,REGION_20M_MIDPOINT_20250702,2.047930283224401,3,,,2025-07,22,0.10027101174365609,2.205962258360434
POST-VALIDATION DIAGNOSTIC — NOT CONFIRMATORY,VALIDATION,REGION_20M_MIDPOINT,SESSION_REGION_CENTROID,2025-07-03T00:00:00,REGION_20M_MIDPOINT_20250703,2.7976190476190474,3,,,2025-07,22,0.10027101174365609,2.205962258360434
POST-VALIDATION DIAGNOSTIC — NOT CONFIRMATORY,VALIDATION,REGION_20M_MIDPOINT,SESSION_REGION_CENTROID,2025-07-04T00:00:00,REGION_20M_MIDPOINT_20250704,-1.0,3,,,2025-07,22,0.10027101174365609,2.205962258360434
POST-VALIDATION DIAGNOSTIC — NOT CONFIRMATORY,VALIDATION,REGION_20M_MIDPOINT,SESSION_REGION_CENTROID,2025-07-07T00:00:00,REGION_20M_MIDPOINT_20250707,-1.0,3,,,2025-07,22,0.10027101174365609,2.205962258360434
POST-VALIDATION DIAGNOSTIC — NOT CONFIRMATORY,VALIDATION,REGION_20M_MIDPOINT,SESSION_REGION_CENTROID,2025-07-08T00:00:00,REGION_20M_MIDPOINT_20250708,-1.0,3,,,2025-07,22,0.10027101174365609,2.205962258360434
POST-VALIDATION DIAGNOSTIC — NOT CONFIRMATORY,VALIDATION,REGION_20M_MIDPOINT,SESSION_REGION_CENTROID,2025-07-09T00:00:00,REGION_20M_MIDPOINT_20250709,-1.0,3,,,2025-07,22,0.10027101174365609,2.205962258360434
POST-VALIDATION DIAGNOSTIC — NOT CONFIRMATORY,VALIDATION,REGION_20M_MIDPOINT,SESSION_REGION_CENTROID,2025-07-10T00:00:00,REGION_20M_MIDPOINT_20250710,0.5577557755775577,3,,,2025-07,22,0.10027101174365609,2.205962258360434
POST-VALIDATION DIAGNOSTIC — NOT CONFIRMATORY,VALIDATION,REGION_20M_MIDPOINT,SESSION_REGION_CENTROID,2025-07-11T00:00:00,REGION_20M_MIDPOINT_20250711,-1.0,3,,,2025-07,22,0.10027101174365609,2.205962258360434
POST-VALIDATION DIAGNOSTIC — NOT CONFIRMATORY,VALIDATION,REGION_20M_MIDPOINT,SESSION_REGION_CENTROID,2025-07-14T00:00:00,REGION_20M_MIDPOINT_20250714,0.9255189255189255,3,,,2025-07,22,0.10027101174365609,2.205962258360434
POST-VALIDATION DIAGNOSTIC — NOT CONFIRMATORY,VALIDATION,REGION_20M_MIDPOINT,SESSION_REGION_CENTROID,2025-07-15T00:00:00,REGION_20M_MIDPOINT_20250715,-1.0,3,,,2025-07,22,0.10027101174365609,2.205962258360434
POST-VALIDATION DIAGNOSTIC — NOT CONFIRMATORY,VALIDATION,REGION_20M_MIDPOINT,SESSION_REGION_CENTROID,2025-07-16T00:00:00,REGION_20M_MIDPOINT_20250716,-1.0,3,,,2025-07,22,0.10027101174365609,2.205962258360434
POST-VALIDATION DIAGNOSTIC — NOT CONFIRMATORY,VALIDATION,REGION_20M_MIDPOINT,SESSION_REGION_CENTROID,2025-07-17T00:00:00,REGION_20M_MIDPOINT_20250717,2.175925925925926,3,,,2025-07,22,0.10027101174365609,2.205962258360434
POST-VALIDATION DIAGNOSTIC — NOT CONFIRMATORY,VALIDATION,REGION_20M_MIDPOINT,SESSION_REGION_CENTROID,2025-07-21T00:00:00,REGION_20M_MIDPOINT_20250721,-0.6425855513307985,3,,,2025-07,22,0.10027101174365609,2.205962258360434
POST-VALIDATION DIAGNOSTIC — NOT CONFIRMATORY,VALIDATION,REGION_20M_MIDPOINT,SESSION_REGION_CENTROID,2025-07-22T00:00:00,REGION_20M_MIDPOINT_20250722,1.111111111111111,3,,,2025-07,22,0.10027101174365609,2.205962258360434
POST-VALIDATION DIAGNOSTIC — NOT CONFIRMATORY,VALIDATION,REGION_20M_MIDPOINT,SESSION_REGION_CENTROID,2025-07-23T00:00:00,REGION_20M_MIDPOINT_20250723,-1.0,3,,,2025-07,22,0.10027101174365609,2.205962258360434
POST-VALIDATION DIAGNOSTIC — NOT CONFIRMATORY,VALIDATION,REGION_20M_MIDPOINT,SESSION_REGION_CENTROID,2025-07-24T00:00:00,REGION_20M_MIDPOINT_20250724,-1.0,3,,,2025-07,22,0.10027101174365609,2.205962258360434
POST-VALIDATION DIAGNOSTIC — NOT CONFIRMATORY,VALIDATION,REGION_20M_MIDPOINT,SESSION_REGION_CENTROID,2025-07-25T00:00:00,REGION_20M_MIDPOINT_20250725,2.110091743119266,3,,,2025-07,22,0.10027101174365609,2.205962258360434
POST-VALIDATION DIAGNOSTIC — NOT CONFIRMATORY,VALIDATION,REGION_20M_MIDPOINT,SESSION_REGION_CENTROID,2025-07-28T00:00:00,REGION_20M_MIDPOINT_20250728,-1.0,3,,,2025-07,22,0.10027101174365609,2.205962258360434
POST-VALIDATION DIAGNOSTIC — NOT CONFIRMATORY,VALIDATION,REGION_20M_MIDPOINT,SESSION_REGION_CENTROID,2025-07-29T00:00:00,REGION_20M_MIDPOINT_20250729,2.034632034632035,3,,,2025-07,22,0.10027101174365609,2.205962258360434
POST-VALIDATION DIAGNOSTIC — NOT CONFIRMATORY,VALIDATION,REGION_20M_MIDPOINT,SESSION_REGION_CENTROID,2025-07-30T00:00:00,REGION_20M_MIDPOINT_20250730,-1.0,3,,,2025-07,22,0.10027101174365609,2.205962258360434
POST-VALIDATION DIAGNOSTIC — NOT CONFIRMATORY,VALIDATION,REGION_20M_MIDPOINT,SESSION_REGION_CENTROID,2025-07-31T00:00:00,REGION_20M_MIDPOINT_20250731,1.087962962962963,3,,,2025-07,22,0.10027101174365609,2.205962258360434
POST-VALIDATION DIAGNOSTIC — NOT CONFIRMATORY,VALIDATION,REGION_20M_MIDPOINT,SESSION_REGION_CENTROID,2025-08-01T00:00:00,REGION_20M_MIDPOINT_20250801,-0.49313087490961677,3,,,2025-08,20,0.16297540579705813,3.2595081159411627
POST-VALIDATION DIAGNOSTIC — NOT CONFIRMATORY,VALIDATION,REGION_20M_MIDPOINT,SESSION_REGION_CENTROID,2025-08-04T00:00:00,REGION_20M_MIDPOINT_20250804,0.9879227053140096,3,,,2025-08,20,0.16297540579705813,3.2595081159411627
POST-VALIDATION DIAGNOSTIC — NOT CONFIRMATORY,VALIDATION,REGION_20M_MIDPOINT,SESSION_REGION_CENTROID,2025-08-05T00:00:00,REGION_20M_MIDPOINT_20250805,1.6666666666666667,3,,,2025-08,20,0.16297540579705813,3.2595081159411627
POST-VALIDATION DIAGNOSTIC — NOT CONFIRMATORY,VALIDATION,REGION_20M_MIDPOINT,SESSION_REGION_CENTROID,2025-08-06T00:00:00,REGION_20M_MIDPOINT_20250806,-1.0,3,,,2025-08,20,0.16297540579705813,3.2595081159411627
POST-VALIDATION DIAGNOSTIC — NOT CONFIRMATORY,VALIDATION,REGION_20M_MIDPOINT,SESSION_REGION_CENTROID,2025-08-07T00:00:00,REGION_20M_MIDPOINT_20250807,-1.0,3,,,2025-08,20,0.16297540579705813,3.2595081159411627
POST-VALIDATION DIAGNOSTIC — NOT CONFIRMATORY,VALIDATION,REGION_20M_MIDPOINT,SESSION_REGION_CENTROID,2025-08-08T00:00:00,REGION_20M_MIDPOINT_20250808,1.1892285298398837,3,,,2025-08,20,0.16297540579705813,3.2595081159411627
POST-VALIDATION DIAGNOSTIC — NOT CONFIRMATORY,VALIDATION,REGION_20M_MIDPOINT,SESSION_REGION_CENTROID,2025-08-11T00:00:00,REGION_20M_MIDPOINT_20250811,0.02898550724637679,3,,,2025-08,20,0.16297540579705813,3.2595081159411627
POST-VALIDATION DIAGNOSTIC — NOT CONFIRMATORY,VALIDATION,REGION_20M_MIDPOINT,SESSION_REGION_CENTROID,2025-08-12T00:00:00,REGION_20M_MIDPOINT_20250812,-0.34920634920634924,3,0.10788094811038015,,2025-08,20,0.16297540579705813,3.2595081159411627
POST-VALIDATION DIAGNOSTIC — NOT CONFIRMATORY,VALIDATION,REGION_20M_MIDPOINT,SESSION_REGION_CENTROID,2025-08-14T00:00:00,REGION_20M_MIDPOINT_20250814,-0.25215889464594127,3,0.13280898495551544,,2025-08,20,0.16297540579705813,3.2595081159411627
POST-VALIDATION DIAGNOSTIC — NOT CONFIRMATORY,VALIDATION,REGION_20M_MIDPOINT,SESSION_REGION_CENTROID,2025-08-15T00:00:00,REGION_20M_MIDPOINT_20250815,-1.0,3,0.03121130884803541,,2025-08,20,0.16297540579705813,3.2595081159411627
POST-VALIDATION DIAGNOSTIC — NOT CONFIRMATORY,VALIDATION,REGION_20M_MIDPOINT,SESSION_REGION_CENTROID,2025-08-18T00:00:00,REGION_20M_MIDPOINT_20250818,-1.0,3,-0.09537599273926617,,2025-08,20,0.16297540579705813,3.2595081159411627
POST-VALIDATION DIAGNOSTIC — NOT CONFIRMATORY,VALIDATION,REGION_20M_MIDPOINT,SESSION_REGION_CENTROID,2025-08-19T00:00:00,REGION_20M_MIDPOINT_20250819,1.191381495564005,3,-0.022329942887132675,,2025-08,20,0.16297540579705813,3.2595081159411627
POST-VALIDATION DIAGNOSTIC — NOT CONFIRMATORY,VALIDATION,REGION_20M_MIDPOINT,SESSION_REGION_CENTROID,2025-08-20T00:00:00,REGION_20M_MIDPOINT_20250820,0.9353233830845772,3,0.0421808365490199,,2025-08,20,0.16297540579705813,3.2595081159411627
POST-VALIDATION DIAGNOSTIC — NOT CONFIRMATORY,VALIDATION,REGION_20M_MIDPOINT,SESSION_REGION_CENTROID,2025-08-21T00:00:00,REGION_20M_MIDPOINT_20250821,-1.0,3,0.0421808365490199,,2025-08,20,0.16297540579705813,3.2595081159411627
POST-VALIDATION DIAGNOSTIC — NOT CONFIRMATORY,VALIDATION,REGION_20M_MIDPOINT,SESSION_REGION_CENTROID,2025-08-22T00:00:00,REGION_20M_MIDPOINT_20250822,-1.0,3,0.0421808365490199,,2025-08,20,0.16297540579705813,3.2595081159411627
POST-VALIDATION DIAGNOSTIC — NOT CONFIRMATORY,VALIDATION,REGION_20M_MIDPOINT,SESSION_REGION_CENTROID,2025-08-25T00:00:00,REGION_20M_MIDPOINT_20250825,1.0158730158730158,3,0.05745141122553517,,2025-08,20,0.16297540579705813,3.2595081159411627
POST-VALIDATION DIAGNOSTIC — NOT CONFIRMATORY,VALIDATION,REGION_20M_MIDPOINT,SESSION_REGION_CENTROID,2025-08-26T00:00:00,REGION_20M_MIDPOINT_20250826,1.4845173041894355,3,0.14026865469851638,,2025-08,20,0.16297540579705813,3.2595081159411627
POST-VALIDATION DIAGNOSTIC — NOT CONFIRMATORY,VALIDATION,REGION_20M_MIDPOINT,SESSION_REGION_CENTROID,2025-08-27T00:00:00,REGION_20M_MIDPOINT_20250827,1.6535947712418302,3,0.16453784955594652,,2025-08,20,0.16297540579705813,3.2595081159411627
POST-VALIDATION DIAGNOSTIC — NOT CONFIRMATORY,VALIDATION,REGION_20M_MIDPOINT,SESSION_REGION_CENTROID,2025-08-28T00:00:00,REGION_20M_MIDPOINT_20250828,-1.0,3,0.16453784955594652,,2025-08,20,0.16297540579705813,3.2595081159411627
POST-VALIDATION DIAGNOSTIC — NOT CONFIRMATORY,VALIDATION,REGION_20M_MIDPOINT,SESSION_REGION_CENTROID,2025-08-29T00:00:00,REGION_20M_MIDPOINT_20250829,1.2005108556832695,3,0.2378882114120555,,2025-08,20,0.16297540579705813,3.2595081159411627
POST-VALIDATION DIAGNOSTIC — NOT CONFIRMATORY,VALIDATION,REGION_20M_MIDPOINT,SESSION_REGION_CENTROID,2025-09-01T00:00:00,REGION_20M_MIDPOINT_20250901,0.7674418604651163,3,0.19093874256336185,,2025-09,18,0.1615395511114828,2.9077119200066903
POST-VALIDATION DIAGNOSTIC — NOT CONFIRMATORY,VALIDATION,REGION_20M_MIDPOINT,SESSION_REGION_CENTROID,2025-09-02T00:00:00,REGION_20M_MIDPOINT_20250902,0.18095238095238095,3,0.21839000697280117,,2025-09,18,0.1615395511114828,2.9077119200066903
POST-VALIDATION DIAGNOSTIC — NOT CONFIRMATORY,VALIDATION,REGION_20M_MIDPOINT,SESSION_REGION_CENTROID,2025-09-03T00:00:00,REGION_20M_MIDPOINT_20250903,-1.0,3,0.14801963660243078,,2025-09,18,0.1615395511114828,2.9077119200066903
POST-VALIDATION DIAGNOSTIC — NOT CONFIRMATORY,VALIDATION,REGION_20M_MIDPOINT,SESSION_REGION_CENTROID,2025-09-04T00:00:00,REGION_20M_MIDPOINT_20250904,-1.0,3,0.14801963660243078,,2025-09,18,0.1615395511114828,2.9077119200066903
POST-VALIDATION DIAGNOSTIC — NOT CONFIRMATORY,VALIDATION,REGION_20M_MIDPOINT,SESSION_REGION_CENTROID,2025-09-05T00:00:00,REGION_20M_MIDPOINT_20250905,1.9341563786008231,3,0.24582484922245823,,2025-09,18,0.1615395511114828,2.9077119200066903
POST-VALIDATION DIAGNOSTIC — NOT CONFIRMATORY,VALIDATION,REGION_20M_MIDPOINT,SESSION_REGION_CENTROID,2025-09-08T00:00:00,REGION_20M_MIDPOINT_20250908,-1.0,3,0.14215512445181602,,2025-09,18,0.1615395511114828,2.9077119200066903
POST-VALIDATION DIAGNOSTIC — NOT CONFIRMATORY,VALIDATION,REGION_20M_MIDPOINT,SESSION_REGION_CENTROID,2025-09-09T00:00:00,REGION_20M_MIDPOINT_20250909,-1.0,3,0.14215512445181602,,2025-09,18,0.1615395511114828,2.9077119200066903
POST-VALIDATION DIAGNOSTIC — NOT CONFIRMATORY,VALIDATION,REGION_20M_MIDPOINT,SESSION_REGION_CENTROID,2025-09-10T00:00:00,REGION_20M_MIDPOINT_20250910,-1.0,3,0.041000723297414866,0.06696041988639834,2025-09,18,0.1615395511114828,2.9077119200066903
POST-VALIDATION DIAGNOSTIC — NOT CONFIRMATORY,VALIDATION,REGION_20M_MIDPOINT,SESSION_REGION_CENTROID,2025-09-11T00:00:00,REGION_20M_MIDPOINT_20250911,-1.0,3,0.041000723297414866,0.06696041988639834,2025-09,18,0.1615395511114828,2.9077119200066903
POST-VALIDATION DIAGNOSTIC — NOT CONFIRMATORY,VALIDATION,REGION_20M_MIDPOINT,SESSION_REGION_CENTROID,2025-09-12T00:00:00,REGION_20M_MIDPOINT_20250912,1.964769647696477,3,0.070227612788532,0.06529720717583987,2025-09,18,0.1615395511114828,2.9077119200066903
POST-VALIDATION DIAGNOSTIC — NOT CONFIRMATORY,VALIDATION,REGION_20M_MIDPOINT,SESSION_REGION_CENTROID,2025-09-19T00:00:00,REGION_20M_MIDPOINT_20250919,-1.0,3,0.05333197528551922,-0.010655173776541092,2025-09,18,0.1615395511114828,2.9077119200066903
POST-VALIDATION DIAGNOSTIC — NOT CONFIRMATORY,VALIDATION,REGION_20M_MIDPOINT,SESSION_REGION_CENTROID,2025-09-22T00:00:00,REGION_20M_MIDPOINT_20250922,3.071895424836601,3,0.12279773260293894,0.07078273472019093,2025-09,18,0.1615395511114828,2.9077119200066903
POST-VALIDATION DIAGNOSTIC — NOT CONFIRMATORY,VALIDATION,REGION_20M_MIDPOINT,SESSION_REGION_CENTROID,2025-09-23T00:00:00,REGION_20M_MIDPOINT_20250923,2.338308457711443,3,0.14518579230443146,0.1375489038744198,2025-09,18,0.1615395511114828,2.9077119200066903
POST-VALIDATION DIAGNOSTIC — NOT CONFIRMATORY,VALIDATION,REGION_20M_MIDPOINT,SESSION_REGION_CENTROID,2025-09-24T00:00:00,REGION_20M_MIDPOINT_20250924,1.6491228070175439,3,0.23348988587168293,0.19053136001477067,2025-09,18,0.1615395511114828,2.9077119200066903
POST-VALIDATION DIAGNOSTIC — NOT CONFIRMATORY,VALIDATION,REGION_20M_MIDPOINT,SESSION_REGION_CENTROID,2025-09-25T00:00:00,REGION_20M_MIDPOINT_20250925,1.0010649627263046,3,0.3001920512958931,0.23055265926929677,2025-09,18,0.1615395511114828,2.9077119200066903
POST-VALIDATION DIAGNOSTIC — NOT CONFIRMATORY,VALIDATION,REGION_20M_MIDPOINT,SESSION_REGION_CENTROID,2025-09-26T00:00:00,REGION_20M_MIDPOINT_20250926,-1.0,3,0.22721776696789694,0.19939754375774563,2025-09,18,0.1615395511114828,2.9077119200066903
POST-VALIDATION DIAGNOSTIC — NOT CONFIRMATORY,VALIDATION,REGION_20M_MIDPOINT,SESSION_REGION_CENTROID,2025-09-29T00:00:00,REGION_20M_MIDPOINT_20250929,-1.0,3,0.1929182500596844,0.19939754375774563,2025-09,18,0.1615395511114828,2.9077119200066903
POST-VALIDATION DIAGNOSTIC — NOT CONFIRMATORY,VALIDATION,REGION_20M_MIDPOINT,SESSION_REGION_CENTROID,2025-09-30T00:00:00,REGION_20M_MIDPOINT_20250930,-1.0,3,0.17122512836656273,0.1608871652473671,2025-09,18,0.1615395511114828,2.9077119200066903
POST-VALIDATION DIAGNOSTIC — NOT CONFIRMATORY,VALIDATION,REGION_20M_MIDPOINT,SESSION_REGION_CENTROID,2025-10-01T00:00:00,REGION_20M_MIDPOINT_20251001,-1.0,3,0.14629709152142742,0.1608871652473671,2025-10,21,-0.2449611591081574,-5.1441843412713055
POST-VALIDATION DIAGNOSTIC — NOT CONFIRMATORY,VALIDATION,REGION_20M_MIDPOINT,SESSION_REGION_CENTROID,2025-10-02T00:00:00,REGION_20M_MIDPOINT_20251002,-1.0,3,0.14629709152142745,0.1608871652473671,2025-10,21,-0.2449611591081574,-5.1441843412713055
POST-VALIDATION DIAGNOSTIC — NOT CONFIRMATORY,VALIDATION,REGION_20M_MIDPOINT,SESSION_REGION_CENTROID,2025-10-03T00:00:00,REGION_20M_MIDPOINT_20251003,-1.0,3,0.14629709152142745,0.09736864672884858,2025-10,21,-0.2449611591081574,-5.1441843412713055
POST-VALIDATION DIAGNOSTIC — NOT CONFIRMATORY,VALIDATION,REGION_20M_MIDPOINT,SESSION_REGION_CENTROID,2025-10-06T00:00:00,REGION_20M_MIDPOINT_20251006,-1.0,3,0.07325104166929393,0.09022035775546454,2025-10,21,-0.2449611591081574,-5.1441843412713055
POST-VALIDATION DIAGNOSTIC — NOT CONFIRMATORY,VALIDATION,REGION_20M_MIDPOINT,SESSION_REGION_CENTROID,2025-10-07T00:00:00,REGION_20M_MIDPOINT_20251007,-1.0,3,0.008740262233141364,0.04799813553324233,2025-10,21,-0.2449611591081574,-5.1441843412713055
POST-VALIDATION DIAGNOSTIC — NOT CONFIRMATORY,VALIDATION,REGION_20M_MIDPOINT,SESSION_REGION_CENTROID,2025-10-08T00:00:00,REGION_20M_MIDPOINT_20251008,1.693693693693694,3,0.09853005202293116,0.10187200940711622,2025-10,21,-0.2449611591081574,-5.1441843412713055
POST-VALIDATION DIAGNOSTIC — NOT CONFIRMATORY,VALIDATION,REGION_20M_MIDPOINT,SESSION_REGION_CENTROID,2025-10-09T00:00:00,REGION_20M_MIDPOINT_20251009,0.7777777777777777,3,0.15778931128219043,0.13742756496267178,2025-10,21,-0.2449611591081574,-5.1441843412713055
POST-VALIDATION DIAGNOSTIC — NOT CONFIRMATORY,VALIDATION,REGION_20M_MIDPOINT,SESSION_REGION_CENTROID,2025-10-13T00:00:00,REGION_20M_MIDPOINT_20251013,-0.3276836158192091,3,0.11300409022578292,0.08867205778390225,2025-10,21,-0.2449611591081574,-5.1441843412713055
POST-VALIDATION DIAGNOSTIC — NOT CONFIRMATORY,VALIDATION,REGION_20M_MIDPOINT,SESSION_REGION_CENTROID,2025-10-14T00:00:00,REGION_20M_MIDPOINT_20251014,0.7170099160945843,3,0.08742051062262121,0.12301225610579394,2025-10,21,-0.2449611591081574,-5.1441843412713055
POST-VALIDATION DIAGNOSTIC — NOT CONFIRMATORY,VALIDATION,REGION_20M_MIDPOINT,SESSION_REGION_CENTROID,2025-10-15T00:00:00,REGION_20M_MIDPOINT_20251015,1.4641744548286606,3,0.08110650007551556,0.11160310450972646,2025-10,21,-0.2449611591081574,-5.1441843412713055
POST-VALIDATION DIAGNOSTIC — NOT CONFIRMATORY,VALIDATION,REGION_20M_MIDPOINT,SESSION_REGION_CENTROID,2025-10-16T00:00:00,REGION_20M_MIDPOINT_20251016,-1.0,3,0.08110650007551556,0.11160310450972646,2025-10,21,-0.2449611591081574,-5.1441843412713055
POST-VALIDATION DIAGNOSTIC — NOT CONFIRMATORY,VALIDATION,REGION_20M_MIDPOINT,SESSION_REGION_CENTROID,2025-10-17T00:00:00,REGION_20M_MIDPOINT_20251017,1.0767468499427262,3,0.07698103321749745,0.11137878224932173,2025-10,21,-0.2449611591081574,-5.1441843412713055
POST-VALIDATION DIAGNOSTIC — NOT CONFIRMATORY,VALIDATION,REGION_20M_MIDPOINT,SESSION_REGION_CENTROID,2025-10-20T00:00:00,REGION_20M_MIDPOINT_20251020,1.339031339031339,3,0.09603401583637154,0.14802202652814084,2025-10,21,-0.2449611591081574,-5.1441843412713055
POST-VALIDATION DIAGNOSTIC — NOT CONFIRMATORY,VALIDATION,REGION_20M_MIDPOINT,SESSION_REGION_CENTROID,2025-10-21T00:00:00,REGION_20M_MIDPOINT_20251021,-1.0,3,0.05666893647129219,0.10826357242186066,2025-10,21,-0.2449611591081574,-5.1441843412713055
POST-VALIDATION DIAGNOSTIC — NOT CONFIRMATORY,VALIDATION,REGION_20M_MIDPOINT,SESSION_REGION_CENTROID,2025-10-22T00:00:00,REGION_20M_MIDPOINT_20251022,-1.0,3,0.05666893647129217,0.05493023908852732,2025-10,21,-0.2449611591081574,-5.1441843412713055
POST-VALIDATION DIAGNOSTIC — NOT CONFIRMATORY,VALIDATION,REGION_20M_MIDPOINT,SESSION_REGION_CENTROID,2025-10-23T00:00:00,REGION_20M_MIDPOINT_20251023,1.1150652431791221,3,0.12717111124392957,0.09723154395210976,2025-10,21,-0.2449611591081574,-5.1441843412713055
POST-VALIDATION DIAGNOSTIC — NOT CONFIRMATORY,VALIDATION,REGION_20M_MIDPOINT,SESSION_REGION_CENTROID,2025-10-27T00:00:00,REGION_20M_MIDPOINT_20251027,-1.0,3,0.029365898623902147,0.09723154395210976,2025-10,21,-0.2449611591081574,-5.1441843412713055
POST-VALIDATION DIAGNOSTIC — NOT CONFIRMATORY,VALIDATION,REGION_20M_MIDPOINT,SESSION_REGION_CENTROID,2025-10-28T00:00:00,REGION_20M_MIDPOINT_20251028,-1.0,3,0.029365898623902147,0.053446973355312094,2025-10,21,-0.2449611591081574,-5.1441843412713055
POST-VALIDATION DIAGNOSTIC — NOT CONFIRMATORY,VALIDATION,REGION_20M_MIDPOINT,SESSION_REGION_CENTROID,2025-10-29T00:00:00,REGION_20M_MIDPOINT_20251029,-1.0,3,0.029365898623902147,0.03286726321038455,2025-10,21,-0.2449611591081574,-5.1441843412713055
POST-VALIDATION DIAGNOSTIC — NOT CONFIRMATORY,VALIDATION,REGION_20M_MIDPOINT,SESSION_REGION_CENTROID,2025-10-30T00:00:00,REGION_20M_MIDPOINT_20251030,-1.0,3,0.029365898623902147,0.01985139019451154,2025-10,21,-0.2449611591081574,-5.1441843412713055
POST-VALIDATION DIAGNOSTIC — NOT CONFIRMATORY,VALIDATION,REGION_20M_MIDPOINT,SESSION_REGION_CENTROID,2025-10-31T00:00:00,REGION_20M_MIDPOINT_20251031,-1.0,3,0.029365898623902147,0.004894568087430367,2025-10,21,-0.2449611591081574,-5.1441843412713055
POST-VALIDATION DIAGNOSTIC — NOT CONFIRMATORY,VALIDATION,REGION_20M_MIDPOINT,SESSION_REGION_CENTROID,2025-11-03T00:00:00,REGION_20M_MIDPOINT_20251103,1.3505747126436782,3,0.008892734122142183,0.051906062340303934,2025-11,20,-0.043076097267910396,-0.8615219453582079
POST-VALIDATION DIAGNOSTIC — NOT CONFIRMATORY,VALIDATION,REGION_20M_MIDPOINT,SESSION_REGION_CENTROID,2025-11-04T00:00:00,REGION_20M_MIDPOINT_20251104,1.284153005464481,3,0.08503116763762489,0.09758912244959354,2025-11,20,-0.043076097267910396,-0.8615219453582079
POST-VALIDATION DIAGNOSTIC — NOT CONFIRMATORY,VALIDATION,REGION_20M_MIDPOINT,SESSION_REGION_CENTROID,2025-11-05T00:00:00,REGION_20M_MIDPOINT_20251105,1.1823899371069182,3,0.022047651379968787,0.09740929128045181,2025-11,20,-0.043076097267910396,-0.8615219453582079
POST-VALIDATION DIAGNOSTIC — NOT CONFIRMATORY,VALIDATION,REGION_20M_MIDPOINT,SESSION_REGION_CENTROID,2025-11-06T00:00:00,REGION_20M_MIDPOINT_20251106,1.5824915824915824,3,-0.0031462444606932334,0.11035265526859192,2025-11,20,-0.043076097267910396,-0.8615219453582079
POST-VALIDATION DIAGNOSTIC — NOT CONFIRMATORY,VALIDATION,REGION_20M_MIDPOINT,SESSION_REGION_CENTROID,2025-11-07T00:00:00,REGION_20M_MIDPOINT_20251107,-1.0,3,-0.0914503380279447,0.11035265526859192,2025-11,20,-0.043076097267910396,-0.8615219453582079
POST-VALIDATION DIAGNOSTIC — NOT CONFIRMATORY,VALIDATION,REGION_20M_MIDPOINT,SESSION_REGION_CENTROID,2025-11-10T00:00:00,REGION_20M_MIDPOINT_20251110,-1.0,3,-0.15815250345215484,0.11035265526859192,2025-11,20,-0.043076097267910396,-0.8615219453582079
POST-VALIDATION DIAGNOSTIC — NOT CONFIRMATORY,VALIDATION,REGION_20M_MIDPOINT,SESSION_REGION_CENTROID,2025-11-11T00:00:00,REGION_20M_MIDPOINT_20251111,-1.0,3,-0.15815250345215484,0.0700351949511316,2025-11,20,-0.043076097267910396,-0.8615219453582079
POST-VALIDATION DIAGNOSTIC — NOT CONFIRMATORY,VALIDATION,REGION_20M_MIDPOINT,SESSION_REGION_CENTROID,2025-11-12T00:00:00,REGION_20M_MIDPOINT_20251112,0.2569610182975338,3,-0.11625380284223705,0.04548406923329357,2025-11,20,-0.043076097267910396,-0.8615219453582079
POST-VALIDATION DIAGNOSTIC — NOT CONFIRMATORY,VALIDATION,REGION_20M_MIDPOINT,SESSION_REGION_CENTROID,2025-11-13T00:00:00,REGION_20M_MIDPOINT_20251113,0.7088989441930619,3,-0.05929050470246832,0.026590152692318205,2025-11,20,-0.043076097267910396,-0.8615219453582079
POST-VALIDATION DIAGNOSTIC — NOT CONFIRMATORY,VALIDATION,REGION_20M_MIDPOINT,SESSION_REGION_CENTROID,2025-11-14T00:00:00,REGION_20M_MIDPOINT_20251114,0.5393000573723464,3,-0.007980502790056779,0.05737615383976514,2025-11,20,-0.043076097267910396,-0.8615219453582079
POST-VALIDATION DIAGNOSTIC — NOT CONFIRMATORY,VALIDATION,REGION_20M_MIDPOINT,SESSION_REGION_CENTROID,2025-11-17T00:00:00,REGION_20M_MIDPOINT_20251117,-1.0,3,-0.007980502790056779,0.013365936726099743,2025-11,20,-0.043076097267910396,-0.8615219453582079
POST-VALIDATION DIAGNOSTIC — NOT CONFIRMATORY,VALIDATION,REGION_20M_MIDPOINT,SESSION_REGION_CENTROID,2025-11-18T00:00:00,REGION_20M_MIDPOINT_20251118,0.7236335642802155,3,0.04947394935261707,0.012489770802401727,2025-11,20,-0.043076097267910396,-0.8615219453582079
POST-VALIDATION DIAGNOSTIC — NOT CONFIRMATORY,VALIDATION,REGION_20M_MIDPOINT,SESSION_REGION_CENTROID,2025-11-19T00:00:00,REGION_20M_MIDPOINT_20251119,0.7586763518966908,3,0.1080964944158401,0.024044250221287925,2025-11,20,-0.043076097267910396,-0.8615219453582079
POST-VALIDATION DIAGNOSTIC — NOT CONFIRMATORY,VALIDATION,REGION_20M_MIDPOINT,SESSION_REGION_CENTROID,2025-11-20T00:00:00,REGION_20M_MIDPOINT_20251120,-1.0,3,0.1080964944158401,0.02404425022128793,2025-11,20,-0.043076097267910396,-0.8615219453582079
POST-VALIDATION DIAGNOSTIC — NOT CONFIRMATORY,VALIDATION,REGION_20M_MIDPOINT,SESSION_REGION_CENTROID,2025-11-21T00:00:00,REGION_20M_MIDPOINT_20251121,-1.0,3,0.0183067046260503,0.02404425022128793,2025-11,20,-0.043076097267910396,-0.8615219453582079
POST-VALIDATION DIAGNOSTIC — NOT CONFIRMATORY,VALIDATION,REGION_20M_MIDPOINT,SESSION_REGION_CENTROID,2025-11-24T00:00:00,REGION_20M_MIDPOINT_20251124,0.7513988808952838,3,0.017427408063300506,0.0003891002671771382,2025-11,20,-0.043076097267910396,-0.8615219453582079
POST-VALIDATION DIAGNOSTIC — NOT CONFIRMATORY,VALIDATION,REGION_20M_MIDPOINT,SESSION_REGION_CENTROID,2025-11-25T00:00:00,REGION_20M_MIDPOINT_20251125,-1.0,3,-0.00498313807605919,0.0003891002671771382,2025-11,20,-0.043076097267910396,-0.8615219453582079
POST-VALIDATION DIAGNOSTIC — NOT CONFIRMATORY,VALIDATION,REGION_20M_MIDPOINT,SESSION_REGION_CENTROID,2025-11-26T00:00:00,REGION_20M_MIDPOINT_20251126,-1.0,3,-0.06221680194587867,0.0003891002671771382,2025-11,20,-0.043076097267910396,-0.8615219453582079
POST-VALIDATION DIAGNOSTIC — NOT CONFIRMATORY,VALIDATION,REGION_20M_MIDPOINT,SESSION_REGION_CENTROID,2025-11-27T00:00:00,REGION_20M_MIDPOINT_20251127,-1.0,3,-0.14435595044016736,0.0003891002671771382,2025-11,20,-0.043076097267910396,-0.8615219453582079
POST-VALIDATION DIAGNOSTIC — NOT CONFIRMATORY,VALIDATION,REGION_20M_MIDPOINT,SESSION_REGION_CENTROID,2025-11-28T00:00:00,REGION_20M_MIDPOINT_20251128,-1.0,3,-0.14435595044016736,0.0003891002671771382,2025-11,20,-0.043076097267910396,-0.8615219453582079
POST-VALIDATION DIAGNOSTIC — NOT CONFIRMATORY,VALIDATION,REGION_20M_MIDPOINT,SESSION_REGION_CENTROID,2025-12-01T00:00:00,REGION_20M_MIDPOINT_20251201,-1.0,3,-0.21358084543825823,-0.05890629268675241,2025-12,18,-0.43121221864982073,-7.761819935696773
POST-VALIDATION DIAGNOSTIC — NOT CONFIRMATORY,VALIDATION,REGION_20M_MIDPOINT,SESSION_REGION_CENTROID,2025-12-02T00:00:00,REGION_20M_MIDPOINT_20251202,-1.0,3,-0.29154855673930286,-0.05890629268675241,2025-12,18,-0.43121221864982073,-7.761819935696773
POST-VALIDATION DIAGNOSTIC — NOT CONFIRMATORY,VALIDATION,REGION_20M_MIDPOINT,SESSION_REGION_CENTROID,2025-12-03T00:00:00,REGION_20M_MIDPOINT_20251203,-1.0,3,-0.29154855673930286,-0.14034420118348442,2025-12,18,-0.43121221864982073,-7.761819935696773
POST-VALIDATION DIAGNOSTIC — NOT CONFIRMATORY,VALIDATION,REGION_20M_MIDPOINT,SESSION_REGION_CENTROID,2025-12-04T00:00:00,REGION_20M_MIDPOINT_20251204,-1.0,3,-0.29154855673930286,-0.2071103703377133,2025-12,18,-0.43121221864982073,-7.761819935696773
POST-VALIDATION DIAGNOSTIC — NOT CONFIRMATORY,VALIDATION,REGION_20M_MIDPOINT,SESSION_REGION_CENTROID,2025-12-05T00:00:00,REGION_20M_MIDPOINT_20251205,0.4358974358974359,3,-0.3141874836486924,-0.23137487776011542,2025-12,18,-0.43121221864982073,-7.761819935696773
POST-VALIDATION DIAGNOSTIC — NOT CONFIRMATORY,VALIDATION,REGION_20M_MIDPOINT,SESSION_REGION_CENTROID,2025-12-08T00:00:00,REGION_20M_MIDPOINT_20251208,1.1270983213429255,3,-0.2432842062705949,-0.22885421058778302,2025-12,18,-0.43121221864982073,-7.761819935696773
POST-VALIDATION DIAGNOSTIC — NOT CONFIRMATORY,VALIDATION,REGION_20M_MIDPOINT,SESSION_REGION_CENTROID,2025-12-09T00:00:00,REGION_20M_MIDPOINT_20251209,1.3243727598566306,3,-0.16580511427537387,-0.1823667553906504,2025-12,18,-0.43121221864982073,-7.761819935696773
POST-VALIDATION DIAGNOSTIC — NOT CONFIRMATORY,VALIDATION,REGION_20M_MIDPOINT,SESSION_REGION_CENTROID,2025-12-10T00:00:00,REGION_20M_MIDPOINT_20251210,-1.0,3,-0.16580511427537387,-0.1823667553906504,2025-12,18,-0.43121221864982073,-7.761819935696773
POST-VALIDATION DIAGNOSTIC — NOT CONFIRMATORY,VALIDATION,REGION_20M_MIDPOINT,SESSION_REGION_CENTROID,2025-12-11T00:00:00,REGION_20M_MIDPOINT_20251211,0.2072072072072072,3,-0.12556487403513364,-0.15822261124650627,2025-12,18,-0.43121221864982073,-7.761819935696773
POST-VALIDATION DIAGNOSTIC — NOT CONFIRMATORY,VALIDATION,REGION_20M_MIDPOINT,SESSION_REGION_CENTROID,2025-12-12T00:00:00,REGION_20M_MIDPOINT_20251212,-1.0,3,-0.12556487403513364,-0.15822261124650627,2025-12,18,-0.43121221864982073,-7.761819935696773
POST-VALIDATION DIAGNOSTIC — NOT CONFIRMATORY,VALIDATION,REGION_20M_MIDPOINT,SESSION_REGION_CENTROID,2025-12-19T00:00:00,REGION_20M_MIDPOINT_20251219,-1.0,3,-0.20391736445658956,-0.15822261124650627,2025-12,18,-0.43121221864982073,-7.761819935696773
POST-VALIDATION DIAGNOSTIC — NOT CONFIRMATORY,VALIDATION,REGION_20M_MIDPOINT,SESSION_REGION_CENTROID,2025-12-22T00:00:00,REGION_20M_MIDPOINT_20251222,-0.27419354838709675,3,-0.2558622495849755,-0.1437064822142482,2025-12,18,-0.43121221864982073,-7.761819935696773
POST-VALIDATION DIAGNOSTIC — NOT CONFIRMATORY,VALIDATION,REGION_20M_MIDPOINT,SESSION_REGION_CENTROID,2025-12-23T00:00:00,REGION_20M_MIDPOINT_20251223,-1.0,3,-0.3286085808218728,-0.1437064822142482,2025-12,18,-0.43121221864982073,-7.761819935696773
POST-VALIDATION DIAGNOSTIC — NOT CONFIRMATORY,VALIDATION,REGION_20M_MIDPOINT,SESSION_REGION_CENTROID,2025-12-24T00:00:00,REGION_20M_MIDPOINT_20251224,-1.0,3,-0.41469163357159217,-0.1437064822142482,2025-12,18,-0.43121221864982073,-7.761819935696773
POST-VALIDATION DIAGNOSTIC — NOT CONFIRMATORY,VALIDATION,REGION_20M_MIDPOINT,SESSION_REGION_CENTROID,2025-12-26T00:00:00,REGION_20M_MIDPOINT_20251226,-1.0,3,-0.41469163357159217,-0.19758035608812208,2025-12,18,-0.43121221864982073,-7.761819935696773
POST-VALIDATION DIAGNOSTIC — NOT CONFIRMATORY,VALIDATION,REGION_20M_MIDPOINT,SESSION_REGION_CENTROID,2025-12-29T00:00:00,REGION_20M_MIDPOINT_20251229,-1.0,3,-0.41469163357159217,-0.23313591164367764,2025-12,18,-0.43121221864982073,-7.761819935696773
POST-VALIDATION DIAGNOSTIC — NOT CONFIRMATORY,VALIDATION,REGION_20M_MIDPOINT,SESSION_REGION_CENTROID,2025-12-30T00:00:00,REGION_20M_MIDPOINT_20251230,-1.0,3,-0.41469163357159217,-0.24658223932729345,2025-12,18,-0.43121221864982073,-7.761819935696773
POST-VALIDATION DIAGNOSTIC — NOT CONFIRMATORY,VALIDATION,REGION_20M_MIDPOINT,SESSION_REGION_CENTROID,2025-12-31T00:00:00,REGION_20M_MIDPOINT_20251231,1.4177978883861238,3,-0.37599707123530585,-0.23256647988146267,2025-12,18,-0.43121221864982073,-7.761819935696773
POST-VALIDATION DIAGNOSTIC — NOT CONFIRMATORY,VALIDATION,REGION_30M_FIXED40,SESSION_REGION_CENTROID,2025-07-01T00:00:00,REGION_30M_FIXED40_20250701,-1.0,3,,,2025-07,23,-0.3131340579710145,-7.202083333333333
POST-VALIDATION DIAGNOSTIC — NOT CONFIRMATORY,VALIDATION,REGION_30M_FIXED40,SESSION_REGION_CENTROID,2025-07-02T00:00:00,REGION_30M_FIXED40_20250702,1.9583333333333333,3,,,2025-07,23,-0.3131340579710145,-7.202083333333333
POST-VALIDATION DIAGNOSTIC — NOT CONFIRMATORY,VALIDATION,REGION_30M_FIXED40,SESSION_REGION_CENTROID,2025-07-03T00:00:00,REGION_30M_FIXED40_20250703,1.5770833333333334,3,,,2025-07,23,-0.3131340579710145,-7.202083333333333
POST-VALIDATION DIAGNOSTIC — NOT CONFIRMATORY,VALIDATION,REGION_30M_FIXED40,SESSION_REGION_CENTROID,2025-07-04T00:00:00,REGION_30M_FIXED40_20250704,-0.725,3,,,2025-07,23,-0.3131340579710145,-7.202083333333333
POST-VALIDATION DIAGNOSTIC — NOT CONFIRMATORY,VALIDATION,REGION_30M_FIXED40,SESSION_REGION_CENTROID,2025-07-07T00:00:00,REGION_30M_FIXED40_20250707,-1.0,3,,,2025-07,23,-0.3131340579710145,-7.202083333333333
POST-VALIDATION DIAGNOSTIC — NOT CONFIRMATORY,VALIDATION,REGION_30M_FIXED40,SESSION_REGION_CENTROID,2025-07-08T00:00:00,REGION_30M_FIXED40_20250708,-1.0,3,,,2025-07,23,-0.3131340579710145,-7.202083333333333
POST-VALIDATION DIAGNOSTIC — NOT CONFIRMATORY,VALIDATION,REGION_30M_FIXED40,SESSION_REGION_CENTROID,2025-07-09T00:00:00,REGION_30M_FIXED40_20250709,-1.0,3,,,2025-07,23,-0.3131340579710145,-7.202083333333333
POST-VALIDATION DIAGNOSTIC — NOT CONFIRMATORY,VALIDATION,REGION_30M_FIXED40,SESSION_REGION_CENTROID,2025-07-10T00:00:00,REGION_30M_FIXED40_20250710,-1.0,3,,,2025-07,23,-0.3131340579710145,-7.202083333333333
POST-VALIDATION DIAGNOSTIC — NOT CONFIRMATORY,VALIDATION,REGION_30M_FIXED40,SESSION_REGION_CENTROID,2025-07-11T00:00:00,REGION_30M_FIXED40_20250711,-1.0,3,,,2025-07,23,-0.3131340579710145,-7.202083333333333
POST-VALIDATION DIAGNOSTIC — NOT CONFIRMATORY,VALIDATION,REGION_30M_FIXED40,SESSION_REGION_CENTROID,2025-07-14T00:00:00,REGION_30M_FIXED40_20250714,-1.0,3,,,2025-07,23,-0.3131340579710145,-7.202083333333333
POST-VALIDATION DIAGNOSTIC — NOT CONFIRMATORY,VALIDATION,REGION_30M_FIXED40,SESSION_REGION_CENTROID,2025-07-15T00:00:00,REGION_30M_FIXED40_20250715,-1.0,3,,,2025-07,23,-0.3131340579710145,-7.202083333333333
POST-VALIDATION DIAGNOSTIC — NOT CONFIRMATORY,VALIDATION,REGION_30M_FIXED40,SESSION_REGION_CENTROID,2025-07-16T00:00:00,REGION_30M_FIXED40_20250716,-1.0,3,,,2025-07,23,-0.3131340579710145,-7.202083333333333
POST-VALIDATION DIAGNOSTIC — NOT CONFIRMATORY,VALIDATION,REGION_30M_FIXED40,SESSION_REGION_CENTROID,2025-07-17T00:00:00,REGION_30M_FIXED40_20250717,-1.0,3,,,2025-07,23,-0.3131340579710145,-7.202083333333333
POST-VALIDATION DIAGNOSTIC — NOT CONFIRMATORY,VALIDATION,REGION_30M_FIXED40,SESSION_REGION_CENTROID,2025-07-18T00:00:00,REGION_30M_FIXED40_20250718,1.3291666666666666,3,,,2025-07,23,-0.3131340579710145,-7.202083333333333
POST-VALIDATION DIAGNOSTIC — NOT CONFIRMATORY,VALIDATION,REGION_30M_FIXED40,SESSION_REGION_CENTROID,2025-07-21T00:00:00,REGION_30M_FIXED40_20250721,-1.0,3,,,2025-07,23,-0.3131340579710145,-7.202083333333333
POST-VALIDATION DIAGNOSTIC — NOT CONFIRMATORY,VALIDATION,REGION_30M_FIXED40,SESSION_REGION_CENTROID,2025-07-22T00:00:00,REGION_30M_FIXED40_20250722,-1.0,3,,,2025-07,23,-0.3131340579710145,-7.202083333333333
POST-VALIDATION DIAGNOSTIC — NOT CONFIRMATORY,VALIDATION,REGION_30M_FIXED40,SESSION_REGION_CENTROID,2025-07-23T00:00:00,REGION_30M_FIXED40_20250723,-1.0,3,,,2025-07,23,-0.3131340579710145,-7.202083333333333
POST-VALIDATION DIAGNOSTIC — NOT CONFIRMATORY,VALIDATION,REGION_30M_FIXED40,SESSION_REGION_CENTROID,2025-07-24T00:00:00,REGION_30M_FIXED40_20250724,-1.0,3,,,2025-07,23,-0.3131340579710145,-7.202083333333333
POST-VALIDATION DIAGNOSTIC — NOT CONFIRMATORY,VALIDATION,REGION_30M_FIXED40,SESSION_REGION_CENTROID,2025-07-25T00:00:00,REGION_30M_FIXED40_20250725,0.7416666666666667,3,,,2025-07,23,-0.3131340579710145,-7.202083333333333
POST-VALIDATION DIAGNOSTIC — NOT CONFIRMATORY,VALIDATION,REGION_30M_FIXED40,SESSION_REGION_CENTROID,2025-07-28T00:00:00,REGION_30M_FIXED40_20250728,-1.0,3,,,2025-07,23,-0.3131340579710145,-7.202083333333333
POST-VALIDATION DIAGNOSTIC — NOT CONFIRMATORY,VALIDATION,REGION_30M_FIXED40,SESSION_REGION_CENTROID,2025-07-29T00:00:00,REGION_30M_FIXED40_20250729,1.9583333333333333,3,,,2025-07,23,-0.3131340579710145,-7.202083333333333
POST-VALIDATION DIAGNOSTIC — NOT CONFIRMATORY,VALIDATION,REGION_30M_FIXED40,SESSION_REGION_CENTROID,2025-07-30T00:00:00,REGION_30M_FIXED40_20250730,-1.0,3,,,2025-07,23,-0.3131340579710145,-7.202083333333333
POST-VALIDATION DIAGNOSTIC — NOT CONFIRMATORY,VALIDATION,REGION_30M_FIXED40,SESSION_REGION_CENTROID,2025-07-31T00:00:00,REGION_30M_FIXED40_20250731,1.9583333333333333,3,,,2025-07,23,-0.3131340579710145,-7.202083333333333
POST-VALIDATION DIAGNOSTIC — NOT CONFIRMATORY,VALIDATION,REGION_30M_FIXED40,SESSION_REGION_CENTROID,2025-08-01T00:00:00,REGION_30M_FIXED40_20250801,-1.0,3,,,2025-08,19,0.1417763157894737,2.69375
POST-VALIDATION DIAGNOSTIC — NOT CONFIRMATORY,VALIDATION,REGION_30M_FIXED40,SESSION_REGION_CENTROID,2025-08-04T00:00:00,REGION_30M_FIXED40_20250804,-1.0,3,,,2025-08,19,0.1417763157894737,2.69375
POST-VALIDATION DIAGNOSTIC — NOT CONFIRMATORY,VALIDATION,REGION_30M_FIXED40,SESSION_REGION_CENTROID,2025-08-05T00:00:00,REGION_30M_FIXED40_20250805,1.9583333333333333,3,,,2025-08,19,0.1417763157894737,2.69375
POST-VALIDATION DIAGNOSTIC — NOT CONFIRMATORY,VALIDATION,REGION_30M_FIXED40,SESSION_REGION_CENTROID,2025-08-06T00:00:00,REGION_30M_FIXED40_20250806,-1.0,3,,,2025-08,19,0.1417763157894737,2.69375
POST-VALIDATION DIAGNOSTIC — NOT CONFIRMATORY,VALIDATION,REGION_30M_FIXED40,SESSION_REGION_CENTROID,2025-08-07T00:00:00,REGION_30M_FIXED40_20250807,-1.0,3,,,2025-08,19,0.1417763157894737,2.69375
POST-VALIDATION DIAGNOSTIC — NOT CONFIRMATORY,VALIDATION,REGION_30M_FIXED40,SESSION_REGION_CENTROID,2025-08-08T00:00:00,REGION_30M_FIXED40_20250808,1.6645833333333335,3,,,2025-08,19,0.1417763157894737,2.69375
POST-VALIDATION DIAGNOSTIC — NOT CONFIRMATORY,VALIDATION,REGION_30M_FIXED40,SESSION_REGION_CENTROID,2025-08-11T00:00:00,REGION_30M_FIXED40_20250811,-1.0,3,-0.2859722222222222,,2025-08,19,0.1417763157894737,2.69375
POST-VALIDATION DIAGNOSTIC — NOT CONFIRMATORY,VALIDATION,REGION_30M_FIXED40,SESSION_REGION_CENTROID,2025-08-12T00:00:00,REGION_30M_FIXED40_20250812,-1.0,3,-0.2859722222222222,,2025-08,19,0.1417763157894737,2.69375
POST-VALIDATION DIAGNOSTIC — NOT CONFIRMATORY,VALIDATION,REGION_30M_FIXED40,SESSION_REGION_CENTROID,2025-08-13T00:00:00,REGION_30M_FIXED40_20250813,1.9583333333333333,3,-0.28597222222222224,,2025-08,19,0.1417763157894737,2.69375
POST-VALIDATION DIAGNOSTIC — NOT CONFIRMATORY,VALIDATION,REGION_30M_FIXED40,SESSION_REGION_CENTROID,2025-08-14T00:00:00,REGION_30M_FIXED40_20250814,-1.0,3,-0.371875,,2025-08,19,0.1417763157894737,2.69375
POST-VALIDATION DIAGNOSTIC — NOT CONFIRMATORY,VALIDATION,REGION_30M_FIXED40,SESSION_REGION_CENTROID,2025-08-15T00:00:00,REGION_30M_FIXED40_20250815,-1.0,3,-0.38104166666666667,,2025-08,19,0.1417763157894737,2.69375
POST-VALIDATION DIAGNOSTIC — NOT CONFIRMATORY,VALIDATION,REGION_30M_FIXED40,SESSION_REGION_CENTROID,2025-08-18T00:00:00,REGION_30M_FIXED40_20250818,-1.0,3,-0.38104166666666667,,2025-08,19,0.1417763157894737,2.69375
POST-VALIDATION DIAGNOSTIC — NOT CONFIRMATORY,VALIDATION,REGION_30M_FIXED40,SESSION_REGION_CENTROID,2025-08-19T00:00:00,REGION_30M_FIXED40_20250819,1.9583333333333333,3,-0.2824305555555556,,2025-08,19,0.1417763157894737,2.69375
POST-VALIDATION DIAGNOSTIC — NOT CONFIRMATORY,VALIDATION,REGION_30M_FIXED40,SESSION_REGION_CENTROID,2025-08-20T00:00:00,REGION_30M_FIXED40_20250820,1.9583333333333333,3,-0.18381944444444445,,2025-08,19,0.1417763157894737,2.69375
POST-VALIDATION DIAGNOSTIC — NOT CONFIRMATORY,VALIDATION,REGION_30M_FIXED40,SESSION_REGION_CENTROID,2025-08-21T00:00:00,REGION_30M_FIXED40_20250821,-1.0,3,-0.18381944444444445,,2025-08,19,0.1417763157894737,2.69375
POST-VALIDATION DIAGNOSTIC — NOT CONFIRMATORY,VALIDATION,REGION_30M_FIXED40,SESSION_REGION_CENTROID,2025-08-25T00:00:00,REGION_30M_FIXED40_20250825,0.9166666666666666,3,-0.11993055555555557,,2025-08,19,0.1417763157894737,2.69375
POST-VALIDATION DIAGNOSTIC — NOT CONFIRMATORY,VALIDATION,REGION_30M_FIXED40,SESSION_REGION_CENTROID,2025-08-26T00:00:00,REGION_30M_FIXED40_20250826,1.6979166666666667,3,-0.030000000000000013,,2025-08,19,0.1417763157894737,2.69375
POST-VALIDATION DIAGNOSTIC — NOT CONFIRMATORY,VALIDATION,REGION_30M_FIXED40,SESSION_REGION_CENTROID,2025-08-27T00:00:00,REGION_30M_FIXED40_20250827,1.58125,3,0.056041666666666656,,2025-08,19,0.1417763157894737,2.69375
POST-VALIDATION DIAGNOSTIC — NOT CONFIRMATORY,VALIDATION,REGION_30M_FIXED40,SESSION_REGION_CENTROID,2025-08-28T00:00:00,REGION_30M_FIXED40_20250828,-1.0,3,0.05604166666666665,,2025-08,19,0.1417763157894737,2.69375
POST-VALIDATION DIAGNOSTIC — NOT CONFIRMATORY,VALIDATION,REGION_30M_FIXED40,SESSION_REGION_CENTROID,2025-09-01T00:00:00,REGION_30M_FIXED40_20250901,0.19375,3,0.09583333333333331,,2025-09,17,-0.0860294117647059,-1.4625000000000001
POST-VALIDATION DIAGNOSTIC — NOT CONFIRMATORY,VALIDATION,REGION_30M_FIXED40,SESSION_REGION_CENTROID,2025-09-02T00:00:00,REGION_30M_FIXED40_20250902,-1.0,3,0.01819444444444444,,2025-09,17,-0.0860294117647059,-1.4625000000000001
POST-VALIDATION DIAGNOSTIC — NOT CONFIRMATORY,VALIDATION,REGION_30M_FIXED40,SESSION_REGION_CENTROID,2025-09-03T00:00:00,REGION_30M_FIXED40_20250903,-1.0,3,0.01819444444444444,,2025-09,17,-0.0860294117647059,-1.4625000000000001
POST-VALIDATION DIAGNOSTIC — NOT CONFIRMATORY,VALIDATION,REGION_30M_FIXED40,SESSION_REGION_CENTROID,2025-09-04T00:00:00,REGION_30M_FIXED40_20250904,-1.0,3,0.01819444444444444,,2025-09,17,-0.0860294117647059,-1.4625000000000001
POST-VALIDATION DIAGNOSTIC — NOT CONFIRMATORY,VALIDATION,REGION_30M_FIXED40,SESSION_REGION_CENTROID,2025-09-05T00:00:00,REGION_30M_FIXED40_20250905,1.9583333333333333,3,0.11680555555555555,,2025-09,17,-0.0860294117647059,-1.4625000000000001
POST-VALIDATION DIAGNOSTIC — NOT CONFIRMATORY,VALIDATION,REGION_30M_FIXED40,SESSION_REGION_CENTROID,2025-09-08T00:00:00,REGION_30M_FIXED40_20250908,-1.0,3,0.11680555555555555,,2025-09,17,-0.0860294117647059,-1.4625000000000001
POST-VALIDATION DIAGNOSTIC — NOT CONFIRMATORY,VALIDATION,REGION_30M_FIXED40,SESSION_REGION_CENTROID,2025-09-09T00:00:00,REGION_30M_FIXED40_20250909,-1.0,3,0.05874999999999999,,2025-09,17,-0.0860294117647059,-1.4625000000000001
POST-VALIDATION DIAGNOSTIC — NOT CONFIRMATORY,VALIDATION,REGION_30M_FIXED40,SESSION_REGION_CENTROID,2025-09-11T00:00:00,REGION_30M_FIXED40_20250911,-1.0,3,0.05874999999999999,-0.167125,2025-09,17,-0.0860294117647059,-1.4625000000000001
POST-VALIDATION DIAGNOSTIC — NOT CONFIRMATORY,VALIDATION,REGION_30M_FIXED40,SESSION_REGION_CENTROID,2025-09-12T00:00:00,REGION_30M_FIXED40_20250912,1.5104166666666667,3,0.04381944444444444,-0.11691666666666667,2025-09,17,-0.0860294117647059,-1.4625000000000001
POST-VALIDATION DIAGNOSTIC — NOT CONFIRMATORY,VALIDATION,REGION_30M_FIXED40,SESSION_REGION_CENTROID,2025-09-19T00:00:00,REGION_30M_FIXED40_20250919,-1.0,3,0.04381944444444444,-0.17608333333333334,2025-09,17,-0.0860294117647059,-1.4625000000000001
POST-VALIDATION DIAGNOSTIC — NOT CONFIRMATORY,VALIDATION,REGION_30M_FIXED40,SESSION_REGION_CENTROID,2025-09-22T00:00:00,REGION_30M_FIXED40_20250922,1.9583333333333333,3,0.04381944444444444,-0.16845833333333335,2025-09,17,-0.0860294117647059,-1.4625000000000001
POST-VALIDATION DIAGNOSTIC — NOT CONFIRMATORY,VALIDATION,REGION_30M_FIXED40,SESSION_REGION_CENTROID,2025-09-23T00:00:00,REGION_30M_FIXED40_20250923,-1.0,3,0.04381944444444444,-0.17395833333333335,2025-09,17,-0.0860294117647059,-1.4625000000000001
POST-VALIDATION DIAGNOSTIC — NOT CONFIRMATORY,VALIDATION,REGION_30M_FIXED40,SESSION_REGION_CENTROID,2025-09-24T00:00:00,REGION_30M_FIXED40_20250924,1.9583333333333333,3,0.14243055555555553,-0.11479166666666668,2025-09,17,-0.0860294117647059,-1.4625000000000001
POST-VALIDATION DIAGNOSTIC — NOT CONFIRMATORY,VALIDATION,REGION_30M_FIXED40,SESSION_REGION_CENTROID,2025-09-25T00:00:00,REGION_30M_FIXED40_20250925,1.9583333333333333,3,0.14243055555555556,-0.05562500000000001,2025-09,17,-0.0860294117647059,-1.4625000000000001
POST-VALIDATION DIAGNOSTIC — NOT CONFIRMATORY,VALIDATION,REGION_30M_FIXED40,SESSION_REGION_CENTROID,2025-09-26T00:00:00,REGION_30M_FIXED40_20250926,-1.0,3,0.14243055555555556,-0.05562500000000001,2025-09,17,-0.0860294117647059,-1.4625000000000001
POST-VALIDATION DIAGNOSTIC — NOT CONFIRMATORY,VALIDATION,REGION_30M_FIXED40,SESSION_REGION_CENTROID,2025-09-29T00:00:00,REGION_30M_FIXED40_20250929,-1.0,3,0.14243055555555556,-0.05562500000000001,2025-09,17,-0.0860294117647059,-1.4625000000000001
POST-VALIDATION DIAGNOSTIC — NOT CONFIRMATORY,VALIDATION,REGION_30M_FIXED40,SESSION_REGION_CENTROID,2025-09-30T00:00:00,REGION_30M_FIXED40_20250930,-1.0,3,0.053611111111111096,-0.05562500000000001,2025-09,17,-0.0860294117647059,-1.4625000000000001
POST-VALIDATION DIAGNOSTIC — NOT CONFIRMATORY,VALIDATION,REGION_30M_FIXED40,SESSION_REGION_CENTROID,2025-10-01T00:00:00,REGION_30M_FIXED40_20251001,1.9583333333333333,3,0.1522222222222222,0.0035416666666666565,2025-10,21,0.055555555555555525,1.166666666666666
POST-VALIDATION DIAGNOSTIC — NOT CONFIRMATORY,VALIDATION,REGION_30M_FIXED40,SESSION_REGION_CENTROID,2025-10-02T00:00:00,REGION_30M_FIXED40_20251002,-1.0,3,0.1522222222222222,0.0035416666666666565,2025-10,21,0.055555555555555525,1.166666666666666
POST-VALIDATION DIAGNOSTIC — NOT CONFIRMATORY,VALIDATION,REGION_30M_FIXED40,SESSION_REGION_CENTROID,2025-10-03T00:00:00,REGION_30M_FIXED40_20251003,-1.0,3,0.0536111111111111,0.0035416666666666565,2025-10,21,0.055555555555555525,1.166666666666666
POST-VALIDATION DIAGNOSTIC — NOT CONFIRMATORY,VALIDATION,REGION_30M_FIXED40,SESSION_REGION_CENTROID,2025-10-06T00:00:00,REGION_30M_FIXED40_20251006,-1.0,3,0.053611111111111096,0.0035416666666666565,2025-10,21,0.055555555555555525,1.166666666666666
POST-VALIDATION DIAGNOSTIC — NOT CONFIRMATORY,VALIDATION,REGION_30M_FIXED40,SESSION_REGION_CENTROID,2025-10-07T00:00:00,REGION_30M_FIXED40_20251007,-1.0,3,0.053611111111111096,-0.04304166666666667,2025-10,21,0.055555555555555525,1.166666666666666
POST-VALIDATION DIAGNOSTIC — NOT CONFIRMATORY,VALIDATION,REGION_30M_FIXED40,SESSION_REGION_CENTROID,2025-10-08T00:00:00,REGION_30M_FIXED40_20251008,1.9583333333333333,3,0.1522222222222222,0.01612499999999999,2025-10,21,0.055555555555555525,1.166666666666666
POST-VALIDATION DIAGNOSTIC — NOT CONFIRMATORY,VALIDATION,REGION_30M_FIXED40,SESSION_REGION_CENTROID,2025-10-09T00:00:00,REGION_30M_FIXED40_20251009,0.7916666666666666,3,0.11333333333333333,0.05195833333333332,2025-10,21,0.055555555555555525,1.166666666666666
POST-VALIDATION DIAGNOSTIC — NOT CONFIRMATORY,VALIDATION,REGION_30M_FIXED40,SESSION_REGION_CENTROID,2025-10-13T00:00:00,REGION_30M_FIXED40_20251013,-1.0,3,0.014722222222222215,0.05195833333333332,2025-10,21,0.055555555555555525,1.166666666666666
POST-VALIDATION DIAGNOSTIC — NOT CONFIRMATORY,VALIDATION,REGION_30M_FIXED40,SESSION_REGION_CENTROID,2025-10-14T00:00:00,REGION_30M_FIXED40_20251014,1.9583333333333333,3,0.11333333333333331,0.11112499999999999,2025-10,21,0.055555555555555525,1.166666666666666
POST-VALIDATION DIAGNOSTIC — NOT CONFIRMATORY,VALIDATION,REGION_30M_FIXED40,SESSION_REGION_CENTROID,2025-10-15T00:00:00,REGION_30M_FIXED40_20251015,0.7916666666666666,3,0.10916666666666666,0.112125,2025-10,21,0.055555555555555525,1.166666666666666
POST-VALIDATION DIAGNOSTIC — NOT CONFIRMATORY,VALIDATION,REGION_30M_FIXED40,SESSION_REGION_CENTROID,2025-10-16T00:00:00,REGION_30M_FIXED40_20251016,-1.0,3,0.0192361111111111,0.11212499999999999,2025-10,21,0.055555555555555525,1.166666666666666
POST-VALIDATION DIAGNOSTIC — NOT CONFIRMATORY,VALIDATION,REGION_30M_FIXED40,SESSION_REGION_CENTROID,2025-10-17T00:00:00,REGION_30M_FIXED40_20251017,-0.16666666666666666,3,-0.03902777777777779,0.06962499999999999,2025-10,21,0.055555555555555525,1.166666666666666
POST-VALIDATION DIAGNOSTIC — NOT CONFIRMATORY,VALIDATION,REGION_30M_FIXED40,SESSION_REGION_CENTROID,2025-10-20T00:00:00,REGION_30M_FIXED40_20251020,1.9583333333333333,3,0.059583333333333315,0.12879166666666664,2025-10,21,0.055555555555555525,1.166666666666666
POST-VALIDATION DIAGNOSTIC — NOT CONFIRMATORY,VALIDATION,REGION_30M_FIXED40,SESSION_REGION_CENTROID,2025-10-21T00:00:00,REGION_30M_FIXED40_20251021,-1.0,3,0.019791666666666645,0.06962499999999999,2025-10,21,0.055555555555555525,1.166666666666666
POST-VALIDATION DIAGNOSTIC — NOT CONFIRMATORY,VALIDATION,REGION_30M_FIXED40,SESSION_REGION_CENTROID,2025-10-22T00:00:00,REGION_30M_FIXED40_20251022,1.9583333333333333,3,0.11840277777777776,0.12879166666666664,2025-10,21,0.055555555555555525,1.166666666666666
POST-VALIDATION DIAGNOSTIC — NOT CONFIRMATORY,VALIDATION,REGION_30M_FIXED40,SESSION_REGION_CENTROID,2025-10-23T00:00:00,REGION_30M_FIXED40_20251023,-1.0,3,0.11840277777777773,0.12879166666666664,2025-10,21,0.055555555555555525,1.166666666666666
POST-VALIDATION DIAGNOSTIC — NOT CONFIRMATORY,VALIDATION,REGION_30M_FIXED40,SESSION_REGION_CENTROID,2025-10-27T00:00:00,REGION_30M_FIXED40_20251027,1.9583333333333333,3,0.21701388888888884,0.12879166666666667,2025-10,21,0.055555555555555525,1.166666666666666
POST-VALIDATION DIAGNOSTIC — NOT CONFIRMATORY,VALIDATION,REGION_30M_FIXED40,SESSION_REGION_CENTROID,2025-10-28T00:00:00,REGION_30M_FIXED40_20251028,-1.0,3,0.11840277777777773,0.12879166666666667,2025-10,21,0.055555555555555525,1.166666666666666
POST-VALIDATION DIAGNOSTIC — NOT CONFIRMATORY,VALIDATION,REGION_30M_FIXED40,SESSION_REGION_CENTROID,2025-10-29T00:00:00,REGION_30M_FIXED40_20251029,-1.0,3,0.11840277777777773,0.12879166666666667,2025-10,21,0.055555555555555525,1.166666666666666
POST-VALIDATION DIAGNOSTIC — NOT CONFIRMATORY,VALIDATION,REGION_30M_FIXED40,SESSION_REGION_CENTROID,2025-10-30T00:00:00,REGION_30M_FIXED40_20251030,-1.0,3,0.11840277777777773,0.07549999999999998,2025-10,21,0.055555555555555525,1.166666666666666
POST-VALIDATION DIAGNOSTIC — NOT CONFIRMATORY,VALIDATION,REGION_30M_FIXED40,SESSION_REGION_CENTROID,2025-10-31T00:00:00,REGION_30M_FIXED40_20251031,-1.0,3,0.11840277777777773,0.07549999999999997,2025-10,21,0.055555555555555525,1.166666666666666
POST-VALIDATION DIAGNOSTIC — NOT CONFIRMATORY,VALIDATION,REGION_30M_FIXED40,SESSION_REGION_CENTROID,2025-11-03T00:00:00,REGION_30M_FIXED40_20251103,1.9583333333333333,3,0.1333333333333333,0.13466666666666663,2025-11,19,-0.2141447368421053,-4.0687500000000005
POST-VALIDATION DIAGNOSTIC — NOT CONFIRMATORY,VALIDATION,REGION_30M_FIXED40,SESSION_REGION_CENTROID,2025-11-04T00:00:00,REGION_30M_FIXED40_20251104,-1.0,3,0.1333333333333333,0.07549999999999997,2025-11,19,-0.2141447368421053,-4.0687500000000005
POST-VALIDATION DIAGNOSTIC — NOT CONFIRMATORY,VALIDATION,REGION_30M_FIXED40,SESSION_REGION_CENTROID,2025-11-05T00:00:00,REGION_30M_FIXED40_20251105,-1.0,3,0.0347222222222222,0.07549999999999997,2025-11,19,-0.2141447368421053,-4.0687500000000005
POST-VALIDATION DIAGNOSTIC — NOT CONFIRMATORY,VALIDATION,REGION_30M_FIXED40,SESSION_REGION_CENTROID,2025-11-06T00:00:00,REGION_30M_FIXED40_20251106,1.9583333333333333,3,0.1333333333333333,0.13466666666666666,2025-11,19,-0.2141447368421053,-4.0687500000000005
POST-VALIDATION DIAGNOSTIC — NOT CONFIRMATORY,VALIDATION,REGION_30M_FIXED40,SESSION_REGION_CENTROID,2025-11-07T00:00:00,REGION_30M_FIXED40_20251107,-1.0,3,0.034722222222222196,0.13466666666666666,2025-11,19,-0.2141447368421053,-4.0687500000000005
POST-VALIDATION DIAGNOSTIC — NOT CONFIRMATORY,VALIDATION,REGION_30M_FIXED40,SESSION_REGION_CENTROID,2025-11-10T00:00:00,REGION_30M_FIXED40_20251110,-1.0,3,-0.06388888888888891,0.07549999999999998,2025-11,19,-0.2141447368421053,-4.0687500000000005
POST-VALIDATION DIAGNOSTIC — NOT CONFIRMATORY,VALIDATION,REGION_30M_FIXED40,SESSION_REGION_CENTROID,2025-11-11T00:00:00,REGION_30M_FIXED40_20251111,0.7916666666666666,3,-0.004166666666666693,0.05216666666666665,2025-11,19,-0.2141447368421053,-4.0687500000000005
POST-VALIDATION DIAGNOSTIC — NOT CONFIRMATORY,VALIDATION,REGION_30M_FIXED40,SESSION_REGION_CENTROID,2025-11-12T00:00:00,REGION_30M_FIXED40_20251112,-1.0,3,-0.004166666666666693,0.05216666666666665,2025-11,19,-0.2141447368421053,-4.0687500000000005
POST-VALIDATION DIAGNOSTIC — NOT CONFIRMATORY,VALIDATION,REGION_30M_FIXED40,SESSION_REGION_CENTROID,2025-11-13T00:00:00,REGION_30M_FIXED40_20251113,1.9583333333333333,3,0.09444444444444441,0.073,2025-11,19,-0.2141447368421053,-4.0687500000000005
POST-VALIDATION DIAGNOSTIC — NOT CONFIRMATORY,VALIDATION,REGION_30M_FIXED40,SESSION_REGION_CENTROID,2025-11-17T00:00:00,REGION_30M_FIXED40_20251117,-1.0,3,-0.004166666666666696,0.019041666666666644,2025-11,19,-0.2141447368421053,-4.0687500000000005
POST-VALIDATION DIAGNOSTIC — NOT CONFIRMATORY,VALIDATION,REGION_30M_FIXED40,SESSION_REGION_CENTROID,2025-11-18T00:00:00,REGION_30M_FIXED40_20251118,0.7916666666666666,3,0.05555555555555552,0.0032499999999999773,2025-11,19,-0.2141447368421053,-4.0687500000000005
POST-VALIDATION DIAGNOSTIC — NOT CONFIRMATORY,VALIDATION,REGION_30M_FIXED40,SESSION_REGION_CENTROID,2025-11-19T00:00:00,REGION_30M_FIXED40_20251119,0.7916666666666666,3,0.11527777777777774,0.0390833333333333,2025-11,19,-0.2141447368421053,-4.0687500000000005
POST-VALIDATION DIAGNOSTIC — NOT CONFIRMATORY,VALIDATION,REGION_30M_FIXED40,SESSION_REGION_CENTROID,2025-11-20T00:00:00,REGION_30M_FIXED40_20251120,-1.0,3,0.11527777777777774,0.01520833333333331,2025-11,19,-0.2141447368421053,-4.0687500000000005
POST-VALIDATION DIAGNOSTIC — NOT CONFIRMATORY,VALIDATION,REGION_30M_FIXED40,SESSION_REGION_CENTROID,2025-11-21T00:00:00,REGION_30M_FIXED40_20251121,-1.0,3,0.11527777777777774,0.015208333333333313,2025-11,19,-0.2141447368421053,-4.0687500000000005
POST-VALIDATION DIAGNOSTIC — NOT CONFIRMATORY,VALIDATION,REGION_30M_FIXED40,SESSION_REGION_CENTROID,2025-11-24T00:00:00,REGION_30M_FIXED40_20251124,-1.0,3,0.01666666666666664,0.015208333333333313,2025-11,19,-0.2141447368421053,-4.0687500000000005
POST-VALIDATION DIAGNOSTIC — NOT CONFIRMATORY,VALIDATION,REGION_30M_FIXED40,SESSION_REGION_CENTROID,2025-11-25T00:00:00,REGION_30M_FIXED40_20251125,-1.0,3,-0.04305555555555558,0.015208333333333313,2025-11,19,-0.2141447368421053,-4.0687500000000005
POST-VALIDATION DIAGNOSTIC — NOT CONFIRMATORY,VALIDATION,REGION_30M_FIXED40,SESSION_REGION_CENTROID,2025-11-26T00:00:00,REGION_30M_FIXED40_20251126,-1.0,3,-0.04305555555555558,-0.043958333333333356,2025-11,19,-0.2141447368421053,-4.0687500000000005
POST-VALIDATION DIAGNOSTIC — NOT CONFIRMATORY,VALIDATION,REGION_30M_FIXED40,SESSION_REGION_CENTROID,2025-11-27T00:00:00,REGION_30M_FIXED40_20251127,-0.31875,3,-0.11895833333333336,-0.03033333333333335,2025-11,19,-0.2141447368421053,-4.0687500000000005
POST-VALIDATION DIAGNOSTIC — NOT CONFIRMATORY,VALIDATION,REGION_30M_FIXED40,SESSION_REGION_CENTROID,2025-11-28T00:00:00,REGION_30M_FIXED40_20251128,-1.0,3,-0.1786805555555556,-0.03033333333333335,2025-11,19,-0.2141447368421053,-4.0687500000000005
POST-VALIDATION DIAGNOSTIC — NOT CONFIRMATORY,VALIDATION,REGION_30M_FIXED40,SESSION_REGION_CENTROID,2025-12-01T00:00:00,REGION_30M_FIXED40_20251201,-1.0,3,-0.1786805555555556,-0.03033333333333335,2025-12,18,-0.36886574074074074,-6.639583333333333
POST-VALIDATION DIAGNOSTIC — NOT CONFIRMATORY,VALIDATION,REGION_30M_FIXED40,SESSION_REGION_CENTROID,2025-12-02T00:00:00,REGION_30M_FIXED40_20251202,-1.0,3,-0.20645833333333335,-0.08054166666666669,2025-12,18,-0.36886574074074074,-6.639583333333333
POST-VALIDATION DIAGNOSTIC — NOT CONFIRMATORY,VALIDATION,REGION_30M_FIXED40,SESSION_REGION_CENTROID,2025-12-03T00:00:00,REGION_30M_FIXED40_20251203,-1.0,3,-0.30506944444444445,-0.08054166666666669,2025-12,18,-0.36886574074074074,-6.639583333333333
POST-VALIDATION DIAGNOSTIC — NOT CONFIRMATORY,VALIDATION,REGION_30M_FIXED40,SESSION_REGION_CENTROID,2025-12-04T00:00:00,REGION_30M_FIXED40_20251204,-1.0,3,-0.30506944444444445,-0.13970833333333335,2025-12,18,-0.36886574074074074,-6.639583333333333
POST-VALIDATION DIAGNOSTIC — NOT CONFIRMATORY,VALIDATION,REGION_30M_FIXED40,SESSION_REGION_CENTROID,2025-12-05T00:00:00,REGION_30M_FIXED40_20251205,-0.16666666666666666,3,-0.3759027777777778,-0.12304166666666669,2025-12,18,-0.36886574074074074,-6.639583333333333
POST-VALIDATION DIAGNOSTIC — NOT CONFIRMATORY,VALIDATION,REGION_30M_FIXED40,SESSION_REGION_CENTROID,2025-12-08T00:00:00,REGION_30M_FIXED40_20251208,1.9583333333333333,3,-0.2772916666666667,-0.12304166666666667,2025-12,18,-0.36886574074074074,-6.639583333333333
POST-VALIDATION DIAGNOSTIC — NOT CONFIRMATORY,VALIDATION,REGION_30M_FIXED40,SESSION_REGION_CENTROID,2025-12-09T00:00:00,REGION_30M_FIXED40_20251209,1.5395833333333335,3,-0.29124999999999995,-0.13141666666666668,2025-12,18,-0.36886574074074074,-6.639583333333333
POST-VALIDATION DIAGNOSTIC — NOT CONFIRMATORY,VALIDATION,REGION_30M_FIXED40,SESSION_REGION_CENTROID,2025-12-10T00:00:00,REGION_30M_FIXED40_20251210,-1.0,3,-0.29125,-0.13141666666666668,2025-12,18,-0.36886574074074074,-6.639583333333333
POST-VALIDATION DIAGNOSTIC — NOT CONFIRMATORY,VALIDATION,REGION_30M_FIXED40,SESSION_REGION_CENTROID,2025-12-11T00:00:00,REGION_30M_FIXED40_20251211,-1.0,3,-0.29125,-0.13141666666666668,2025-12,18,-0.36886574074074074,-6.639583333333333
POST-VALIDATION DIAGNOSTIC — NOT CONFIRMATORY,VALIDATION,REGION_30M_FIXED40,SESSION_REGION_CENTROID,2025-12-12T00:00:00,REGION_30M_FIXED40_20251212,1.9583333333333333,3,-0.1926388888888889,-0.07225000000000002,2025-12,18,-0.36886574074074074,-6.639583333333333
POST-VALIDATION DIAGNOSTIC — NOT CONFIRMATORY,VALIDATION,REGION_30M_FIXED40,SESSION_REGION_CENTROID,2025-12-19T00:00:00,REGION_30M_FIXED40_20251219,-1.0,3,-0.1926388888888889,-0.13141666666666668,2025-12,18,-0.36886574074074074,-6.639583333333333
POST-VALIDATION DIAGNOSTIC — NOT CONFIRMATORY,VALIDATION,REGION_30M_FIXED40,SESSION_REGION_CENTROID,2025-12-22T00:00:00,REGION_30M_FIXED40_20251222,-1.0,3,-0.29125,-0.13141666666666668,2025-12,18,-0.36886574074074074,-6.639583333333333
POST-VALIDATION DIAGNOSTIC — NOT CONFIRMATORY,VALIDATION,REGION_30M_FIXED40,SESSION_REGION_CENTROID,2025-12-23T00:00:00,REGION_30M_FIXED40_20251223,-1.0,3,-0.29125,-0.13141666666666668,2025-12,18,-0.36886574074074074,-6.639583333333333
POST-VALIDATION DIAGNOSTIC — NOT CONFIRMATORY,VALIDATION,REGION_30M_FIXED40,SESSION_REGION_CENTROID,2025-12-24T00:00:00,REGION_30M_FIXED40_20251224,1.0708333333333333,3,-0.22222222222222224,-0.09,2025-12,18,-0.36886574074074074,-6.639583333333333
POST-VALIDATION DIAGNOSTIC — NOT CONFIRMATORY,VALIDATION,REGION_30M_FIXED40,SESSION_REGION_CENTROID,2025-12-26T00:00:00,REGION_30M_FIXED40_20251226,-1.0,3,-0.32083333333333336,-0.09,2025-12,18,-0.36886574074074074,-6.639583333333333
POST-VALIDATION DIAGNOSTIC — NOT CONFIRMATORY,VALIDATION,REGION_30M_FIXED40,SESSION_REGION_CENTROID,2025-12-29T00:00:00,REGION_30M_FIXED40_20251229,-1.0,3,-0.32083333333333336,-0.14916666666666667,2025-12,18,-0.36886574074074074,-6.639583333333333
POST-VALIDATION DIAGNOSTIC — NOT CONFIRMATORY,VALIDATION,REGION_30M_FIXED40,SESSION_REGION_CENTROID,2025-12-30T00:00:00,REGION_30M_FIXED40_20251230,-1.0,3,-0.32083333333333336,-0.185,2025-12,18,-0.36886574074074074,-6.639583333333333
POST-VALIDATION DIAGNOSTIC — NOT CONFIRMATORY,VALIDATION,REGION_30M_FIXED40,SESSION_REGION_CENTROID,2025-12-31T00:00:00,REGION_30M_FIXED40_20251231,-1.0,3,-0.3805555555555556,-0.185,2025-12,18,-0.36886574074074074,-6.639583333333333
